IND_ID,IND_CODE,IND_UUID,IND_PER_CODE,DIM_TIME,DIM_TIME_TYPE,DIM_GEO_CODE_M49,DIM_GEO_CODE_TYPE,DIM_PUBLISH_STATE_CODE,IND_NAME,GEO_NAME_SHORT,RATE_PER_1000_N,RATE_PER_1000_NL,RATE_PER_1000_NU
442CEA8MALARIA_EST_INCIDENCE,MALARIA_EST_INCIDENCE,442CEA8,MALARIA_EST_INCIDENCE,2001,YEAR,624,COUNTRY,PUBLISHED,Malaria cases,Guinea-Bissau,320.17414150000000,190.02430480000000,509.93744020000000
442CEA8MALARIA_EST_INCIDENCE,MALARIA_EST_INCIDENCE,442CEA8,MALARIA_EST_INCIDENCE,2001,YEAR,626,COUNTRY,PUBLISHED,Malaria cases,Timor-Leste,158.37900740000000,68.61872928000000,359.57640590000000
442CEA8MALARIA_EST_INCIDENCE,MALARIA_EST_INCIDENCE,442CEA8,MALARIA_EST_INCIDENCE,2001,YEAR,646,COUNTRY,PUBLISHED,Malaria cases,Rwanda,171.34305460000000,82.43939311000000,319.67249320000000
442CEA8MALARIA_EST_INCIDENCE,MALARIA_EST_INCIDENCE,442CEA8,MALARIA_EST_INCIDENCE,2001,YEAR,678,COUNTRY,PUBLISHED,Malaria cases,Sao Tome and Principe,287.52177630000000,287.52177630000000,287.52177630000000
442CEA8MALARIA_EST_INCIDENCE,MALARIA_EST_INCIDENCE,442CEA8,MALARIA_EST_INCIDENCE,2001,YEAR,682,COUNTRY,PUBLISHED,Malaria cases,Saudi Arabia,1.68219072200000,1.68219072200000,1.68219072200000
442CEA8MALARIA_EST_INCIDENCE,MALARIA_EST_INCIDENCE,442CEA8,MALARIA_EST_INCIDENCE,2001,YEAR,686,COUNTRY,PUBLISHED,Malaria cases,Senegal,176.61042230000000,65.49447260000000,265.86012140000000
442CEA8MALARIA_EST_INCIDENCE,MALARIA_EST_INCIDENCE,442CEA8,MALARIA_EST_INCIDENCE,2001,YEAR,694,COUNTRY,PUBLISHED,Malaria cases,Sierra Leone,425.05969360000000,277.66444900000000,630.01677070000000
442CEA8MALARIA_EST_INCIDENCE,MALARIA_EST_INCIDENCE,442CEA8,MALARIA_EST_INCIDENCE,2001,YEAR,704,COUNTRY,PUBLISHED,Malaria cases,Viet Nam,3.22201093700000,2.56967010200000,4.19081478100000
442CEA8MALARIA_EST_INCIDENCE,MALARIA_EST_INCIDENCE,442CEA8,MALARIA_EST_INCIDENCE,2001,YEAR,706,COUNTRY,PUBLISHED,Malaria cases,Somalia,141.03505870000000,81.45435073000000,227.92818070000000
442CEA8MALARIA_EST_INCIDENCE,MALARIA_EST_INCIDENCE,442CEA8,MALARIA_EST_INCIDENCE,2001,YEAR,710,COUNTRY,PUBLISHED,Malaria cases,South Africa,5.57237400900000,5.57237400900000,5.57237400900000
442CEA8MALARIA_EST_INCIDENCE,MALARIA_EST_INCIDENCE,442CEA8,MALARIA_EST_INCIDENCE,2001,YEAR,716,COUNTRY,PUBLISHED,Malaria cases,Zimbabwe,102.58854410000000,23.31272638000000,254.01483320000000
442CEA8MALARIA_EST_INCIDENCE,MALARIA_EST_INCIDENCE,442CEA8,MALARIA_EST_INCIDENCE,2001,YEAR,728,COUNTRY,PUBLISHED,Malaria cases,South Sudan,344.91029490000000,249.17872880000000,466.16116530000000
442CEA8MALARIA_EST_INCIDENCE,MALARIA_EST_INCIDENCE,442CEA8,MALARIA_EST_INCIDENCE,2001,YEAR,729,COUNTRY,PUBLISHED,Malaria cases,Sudan,83.54214029000000,58.75309073000000,114.37884270000000
442CEA8MALARIA_EST_INCIDENCE,MALARIA_EST_INCIDENCE,442CEA8,MALARIA_EST_INCIDENCE,2001,YEAR,740,COUNTRY,PUBLISHED,Malaria cases,Suriname,222.68451520000000,222.68451520000000,222.68451520000000
442CEA8MALARIA_EST_INCIDENCE,MALARIA_EST_INCIDENCE,442CEA8,MALARIA_EST_INCIDENCE,2000,YEAR,706,COUNTRY,PUBLISHED,Malaria cases,Somalia,133.14879670000000,77.61684026000000,218.22945260000000
442CEA8MALARIA_EST_INCIDENCE,MALARIA_EST_INCIDENCE,442CEA8,MALARIA_EST_INCIDENCE,2000,YEAR,710,COUNTRY,PUBLISHED,Malaria cases,South Africa,3.85965053600000,2.80218008100000,5.51869381700000
442CEA8MALARIA_EST_INCIDENCE,MALARIA_EST_INCIDENCE,442CEA8,MALARIA_EST_INCIDENCE,2000,YEAR,716,COUNTRY,PUBLISHED,Malaria cases,Zimbabwe,102.58844260000000,24.95360485000000,254.89725150000000
442CEA8MALARIA_EST_INCIDENCE,MALARIA_EST_INCIDENCE,442CEA8,MALARIA_EST_INCIDENCE,2000,YEAR,728,COUNTRY,PUBLISHED,Malaria cases,South Sudan,344.58786390000000,247.00743930000000,466.65940020000000
442CEA8MALARIA_EST_INCIDENCE,MALARIA_EST_INCIDENCE,442CEA8,MALARIA_EST_INCIDENCE,2000,YEAR,729,COUNTRY,PUBLISHED,Malaria cases,Sudan,89.72078112000000,64.74060641000000,121.23500420000000
442CEA8MALARIA_EST_INCIDENCE,MALARIA_EST_INCIDENCE,442CEA8,MALARIA_EST_INCIDENCE,2000,YEAR,740,COUNTRY,PUBLISHED,Malaria cases,Suriname,161.37784090000000,161.37784090000000,161.37784090000000
442CEA8MALARIA_EST_INCIDENCE,MALARIA_EST_INCIDENCE,442CEA8,MALARIA_EST_INCIDENCE,2000,YEAR,748,COUNTRY,PUBLISHED,Malaria cases,Eswatini,2.70237829900000,1.15228313200000,4.70172671000000
442CEA8MALARIA_EST_INCIDENCE,MALARIA_EST_INCIDENCE,442CEA8,MALARIA_EST_INCIDENCE,2000,YEAR,760,COUNTRY,PUBLISHED,Malaria cases,Syrian Arab Republic,0.00036062300000,0.00036062300000,0.00036062300000
442CEA8MALARIA_EST_INCIDENCE,MALARIA_EST_INCIDENCE,442CEA8,MALARIA_EST_INCIDENCE,2000,YEAR,762,COUNTRY,PUBLISHED,Malaria cases,Tajikistan,9.08198319200000,9.08198319200000,9.08198319200000
442CEA8MALARIA_EST_INCIDENCE,MALARIA_EST_INCIDENCE,442CEA8,MALARIA_EST_INCIDENCE,2000,YEAR,764,COUNTRY,PUBLISHED,Malaria cases,Thailand,6.57064414700000,6.57064414700000,6.57064414700000
442CEA8MALARIA_EST_INCIDENCE,MALARIA_EST_INCIDENCE,442CEA8,MALARIA_EST_INCIDENCE,2000,YEAR,768,COUNTRY,PUBLISHED,Malaria cases,Togo,445.11672680000000,326.99320100000000,589.26206940000000
442CEA8MALARIA_EST_INCIDENCE,MALARIA_EST_INCIDENCE,442CEA8,MALARIA_EST_INCIDENCE,2000,YEAR,792,COUNTRY,PUBLISHED,Malaria cases,Türkiye,2.68818278900000,2.68818278900000,2.68818278900000
442CEA8MALARIA_EST_INCIDENCE,MALARIA_EST_INCIDENCE,442CEA8,MALARIA_EST_INCIDENCE,2000,YEAR,795,COUNTRY,PUBLISHED,Malaria cases,Turkmenistan,0.08057098000000,0.08057098000000,0.08057098000000
442CEA8MALARIA_EST_INCIDENCE,MALARIA_EST_INCIDENCE,442CEA8,MALARIA_EST_INCIDENCE,2000,YEAR,800,COUNTRY,PUBLISHED,Malaria cases,Uganda,482.77114930000000,385.12837210000000,599.62686690000000
442CEA8MALARIA_EST_INCIDENCE,MALARIA_EST_INCIDENCE,442CEA8,MALARIA_EST_INCIDENCE,2008,YEAR,957,WHOREGION,PUBLISHED,Malaria cases,Eastern Mediterranean,8.65082419100000,6.80433137300000,12.08991383000000
442CEA8MALARIA_EST_INCIDENCE,MALARIA_EST_INCIDENCE,442CEA8,MALARIA_EST_INCIDENCE,2008,YEAR,958,WHOREGION,PUBLISHED,Malaria cases,Western Pacific,3.12905303300000,2.25546025100000,4.24631319100000
442CEA8MALARIA_EST_INCIDENCE,MALARIA_EST_INCIDENCE,442CEA8,MALARIA_EST_INCIDENCE,2009,YEAR,001,GLOBAL,PUBLISHED,Malaria cases,World,68.73492218000000,63.81002613000000,74.98306893000000
442CEA8MALARIA_EST_INCIDENCE,MALARIA_EST_INCIDENCE,442CEA8,MALARIA_EST_INCIDENCE,2009,YEAR,004,COUNTRY,PUBLISHED,Malaria cases,Afghanistan,12.96714173000000,7.04795165400000,21.45889929000000
442CEA8MALARIA_EST_INCIDENCE,MALARIA_EST_INCIDENCE,442CEA8,MALARIA_EST_INCIDENCE,2010,YEAR,090,COUNTRY,PUBLISHED,Malaria cases,Solomon Islands,173.27220560000000,125.50389660000000,249.10914300000000
442CEA8MALARIA_EST_INCIDENCE,MALARIA_EST_INCIDENCE,442CEA8,MALARIA_EST_INCIDENCE,2010,YEAR,104,COUNTRY,PUBLISHED,Malaria cases,Myanmar,35.28743024000000,25.76123151000000,50.03673638000000
442CEA8MALARIA_EST_INCIDENCE,MALARIA_EST_INCIDENCE,442CEA8,MALARIA_EST_INCIDENCE,2010,YEAR,108,COUNTRY,PUBLISHED,Malaria cases,Burundi,259.33968140000000,189.85393610000000,344.54989810000000
442CEA8MALARIA_EST_INCIDENCE,MALARIA_EST_INCIDENCE,442CEA8,MALARIA_EST_INCIDENCE,2010,YEAR,116,COUNTRY,PUBLISHED,Malaria cases,Cambodia,34.24839995000000,28.25568367000000,41.57575667000000
442CEA8MALARIA_EST_INCIDENCE,MALARIA_EST_INCIDENCE,442CEA8,MALARIA_EST_INCIDENCE,2010,YEAR,120,COUNTRY,PUBLISHED,Malaria cases,Cameroon,295.67157240000000,225.97028100000000,379.63853310000000
442CEA8MALARIA_EST_INCIDENCE,MALARIA_EST_INCIDENCE,442CEA8,MALARIA_EST_INCIDENCE,2010,YEAR,132,COUNTRY,PUBLISHED,Malaria cases,Cabo Verde,0.35460190300000,0.35460190300000,0.35460190300000
442CEA8MALARIA_EST_INCIDENCE,MALARIA_EST_INCIDENCE,442CEA8,MALARIA_EST_INCIDENCE,2010,YEAR,140,COUNTRY,PUBLISHED,Malaria cases,Central African Republic,453.10911760000000,292.47917040000000,674.29040090000000
442CEA8MALARIA_EST_INCIDENCE,MALARIA_EST_INCIDENCE,442CEA8,MALARIA_EST_INCIDENCE,2010,YEAR,144,COUNTRY,PUBLISHED,Malaria cases,Sri Lanka,0.14243501400000,0.14243501400000,0.14243501400000
442CEA8MALARIA_EST_INCIDENCE,MALARIA_EST_INCIDENCE,442CEA8,MALARIA_EST_INCIDENCE,2010,YEAR,148,COUNTRY,PUBLISHED,Malaria cases,Chad,244.66469670000000,195.79487450000000,301.66374510000000
442CEA8MALARIA_EST_INCIDENCE,MALARIA_EST_INCIDENCE,442CEA8,MALARIA_EST_INCIDENCE,2010,YEAR,156,COUNTRY,PUBLISHED,Malaria cases,China,0.00882795100000,0.00882795100000,0.00882795100000
442CEA8MALARIA_EST_INCIDENCE,MALARIA_EST_INCIDENCE,442CEA8,MALARIA_EST_INCIDENCE,2023,YEAR,408,COUNTRY,PUBLISHED,Malaria cases,Democratic People's Republic of Korea,0.30597133100000,0.30597133100000,0.30597133100000
442CEA8MALARIA_EST_INCIDENCE,MALARIA_EST_INCIDENCE,442CEA8,MALARIA_EST_INCIDENCE,2023,YEAR,410,COUNTRY,PUBLISHED,Malaria cases,Republic of Korea,0.18275121200000,0.18275121200000,0.18275121200000
442CEA8MALARIA_EST_INCIDENCE,MALARIA_EST_INCIDENCE,442CEA8,MALARIA_EST_INCIDENCE,2023,YEAR,418,COUNTRY,PUBLISHED,Malaria cases,Lao People's Democratic Republic,0.28608171100000,0.20709582900000,0.37910214500000
442CEA8MALARIA_EST_INCIDENCE,MALARIA_EST_INCIDENCE,442CEA8,MALARIA_EST_INCIDENCE,2023,YEAR,430,COUNTRY,PUBLISHED,Malaria cases,Liberia,179.32121630000000,122.62129510000000,253.00311430000000
442CEA8MALARIA_EST_INCIDENCE,MALARIA_EST_INCIDENCE,442CEA8,MALARIA_EST_INCIDENCE,2023,YEAR,450,COUNTRY,PUBLISHED,Malaria cases,Madagascar,200.02431730000000,127.92921770000000,279.28424850000000
442CEA8MALARIA_EST_INCIDENCE,MALARIA_EST_INCIDENCE,442CEA8,MALARIA_EST_INCIDENCE,2023,YEAR,454,COUNTRY,PUBLISHED,Malaria cases,Malawi,291.01353920000000,198.80995780000000,409.29920360000000
442CEA8MALARIA_EST_INCIDENCE,MALARIA_EST_INCIDENCE,442CEA8,MALARIA_EST_INCIDENCE,2023,YEAR,458,COUNTRY,PUBLISHED,Malaria cases,Malaysia,0.00000000000000,0.00000000000000,0.00000000000000
442CEA8MALARIA_EST_INCIDENCE,MALARIA_EST_INCIDENCE,442CEA8,MALARIA_EST_INCIDENCE,2023,YEAR,466,COUNTRY,PUBLISHED,Malaria cases,Mali,346.21959150000000,244.34705880000000,492.21228400000000
442CEA8MALARIA_EST_INCIDENCE,MALARIA_EST_INCIDENCE,442CEA8,MALARIA_EST_INCIDENCE,2023,YEAR,478,COUNTRY,PUBLISHED,Malaria cases,Mauritania,42.86421682000000,18.46426369000000,80.65564135000000
442CEA8MALARIA_EST_INCIDENCE,MALARIA_EST_INCIDENCE,442CEA8,MALARIA_EST_INCIDENCE,2023,YEAR,484,COUNTRY,PUBLISHED,Malaria cases,Mexico,0.01599719600000,0.01599719600000,0.01599719600000
442CEA8MALARIA_EST_INCIDENCE,MALARIA_EST_INCIDENCE,442CEA8,MALARIA_EST_INCIDENCE,2023,YEAR,504,COUNTRY,PUBLISHED,Malaria cases,Morocco,0.00000000000000,0.00000000000000,0.00000000000000
442CEA8MALARIA_EST_INCIDENCE,MALARIA_EST_INCIDENCE,442CEA8,MALARIA_EST_INCIDENCE,2023,YEAR,508,COUNTRY,PUBLISHED,Malaria cases,Mozambique,303.50246590000000,241.53337240000000,374.62440870000000
442CEA8MALARIA_EST_INCIDENCE,MALARIA_EST_INCIDENCE,442CEA8,MALARIA_EST_INCIDENCE,2023,YEAR,512,COUNTRY,PUBLISHED,Malaria cases,Oman,0.00000000000000,0.00000000000000,0.00000000000000
442CEA8MALARIA_EST_INCIDENCE,MALARIA_EST_INCIDENCE,442CEA8,MALARIA_EST_INCIDENCE,2023,YEAR,516,COUNTRY,PUBLISHED,Malaria cases,Namibia,8.23824935500000,6.53752663700000,10.09332232000000
442CEA8MALARIA_EST_INCIDENCE,MALARIA_EST_INCIDENCE,442CEA8,MALARIA_EST_INCIDENCE,2001,YEAR,748,COUNTRY,PUBLISHED,Malaria cases,Eswatini,4.74009337500000,4.74009337500000,4.74009337500000
442CEA8MALARIA_EST_INCIDENCE,MALARIA_EST_INCIDENCE,442CEA8,MALARIA_EST_INCIDENCE,2001,YEAR,760,COUNTRY,PUBLISHED,Malaria cases,Syrian Arab Republic,0.00369472500000,0.00369472500000,0.00369472500000
442CEA8MALARIA_EST_INCIDENCE,MALARIA_EST_INCIDENCE,442CEA8,MALARIA_EST_INCIDENCE,2001,YEAR,762,COUNTRY,PUBLISHED,Malaria cases,Tajikistan,5.32087139500000,5.32087139500000,5.32087139500000
442CEA8MALARIA_EST_INCIDENCE,MALARIA_EST_INCIDENCE,442CEA8,MALARIA_EST_INCIDENCE,2001,YEAR,764,COUNTRY,PUBLISHED,Malaria cases,Thailand,5.25961962000000,5.25961962000000,5.25961962000000
442CEA8MALARIA_EST_INCIDENCE,MALARIA_EST_INCIDENCE,442CEA8,MALARIA_EST_INCIDENCE,2001,YEAR,768,COUNTRY,PUBLISHED,Malaria cases,Togo,441.75161090000000,311.26102390000000,602.61394760000000
442CEA8MALARIA_EST_INCIDENCE,MALARIA_EST_INCIDENCE,442CEA8,MALARIA_EST_INCIDENCE,2001,YEAR,792,COUNTRY,PUBLISHED,Malaria cases,Türkiye,2.51095407200000,2.51095407200000,2.51095407200000
442CEA8MALARIA_EST_INCIDENCE,MALARIA_EST_INCIDENCE,442CEA8,MALARIA_EST_INCIDENCE,2001,YEAR,795,COUNTRY,PUBLISHED,Malaria cases,Turkmenistan,0.02632436200000,0.02632436200000,0.02632436200000
442CEA8MALARIA_EST_INCIDENCE,MALARIA_EST_INCIDENCE,442CEA8,MALARIA_EST_INCIDENCE,2001,YEAR,800,COUNTRY,PUBLISHED,Malaria cases,Uganda,508.42735140000000,412.15999660000000,622.50964360000000
442CEA8MALARIA_EST_INCIDENCE,MALARIA_EST_INCIDENCE,442CEA8,MALARIA_EST_INCIDENCE,2001,YEAR,818,COUNTRY,PUBLISHED,Malaria cases,Egypt,0.00000000000000,0.00000000000000,0.00000000000000
442CEA8MALARIA_EST_INCIDENCE,MALARIA_EST_INCIDENCE,442CEA8,MALARIA_EST_INCIDENCE,2001,YEAR,834,COUNTRY,PUBLISHED,Malaria cases,United Republic of Tanzania,318.45283210000000,245.41184150000000,406.71672730000000
442CEA8MALARIA_EST_INCIDENCE,MALARIA_EST_INCIDENCE,442CEA8,MALARIA_EST_INCIDENCE,2001,YEAR,854,COUNTRY,PUBLISHED,Malaria cases,Burkina Faso,597.54155370000000,477.06204740000000,735.93225610000000
442CEA8MALARIA_EST_INCIDENCE,MALARIA_EST_INCIDENCE,442CEA8,MALARIA_EST_INCIDENCE,2001,YEAR,860,COUNTRY,PUBLISHED,Malaria cases,Uzbekistan,3.06895177400000,3.06895177400000,3.06895177400000
442CEA8MALARIA_EST_INCIDENCE,MALARIA_EST_INCIDENCE,442CEA8,MALARIA_EST_INCIDENCE,2001,YEAR,862,COUNTRY,PUBLISHED,Malaria cases,Venezuela (Bolivarian Republic of),1.90825270900000,1.67286364400000,2.26607010800000
442CEA8MALARIA_EST_INCIDENCE,MALARIA_EST_INCIDENCE,442CEA8,MALARIA_EST_INCIDENCE,2001,YEAR,887,COUNTRY,PUBLISHED,Malaria cases,Yemen,90.33819828000000,40.17415123000000,406.77473120000000
442CEA8MALARIA_EST_INCIDENCE,MALARIA_EST_INCIDENCE,442CEA8,MALARIA_EST_INCIDENCE,2000,YEAR,818,COUNTRY,PUBLISHED,Malaria cases,Egypt,0.00000000000000,0.00000000000000,0.00000000000000
442CEA8MALARIA_EST_INCIDENCE,MALARIA_EST_INCIDENCE,442CEA8,MALARIA_EST_INCIDENCE,2000,YEAR,834,COUNTRY,PUBLISHED,Malaria cases,United Republic of Tanzania,334.60662070000000,256.77324770000000,428.26058160000000
442CEA8MALARIA_EST_INCIDENCE,MALARIA_EST_INCIDENCE,442CEA8,MALARIA_EST_INCIDENCE,2000,YEAR,854,COUNTRY,PUBLISHED,Malaria cases,Burkina Faso,597.17363020000000,475.65303300000000,740.85414960000000
442CEA8MALARIA_EST_INCIDENCE,MALARIA_EST_INCIDENCE,442CEA8,MALARIA_EST_INCIDENCE,2000,YEAR,860,COUNTRY,PUBLISHED,Malaria cases,Uzbekistan,5.08330979900000,5.08330979900000,5.08330979900000
442CEA8MALARIA_EST_INCIDENCE,MALARIA_EST_INCIDENCE,442CEA8,MALARIA_EST_INCIDENCE,2000,YEAR,862,COUNTRY,PUBLISHED,Malaria cases,Venezuela (Bolivarian Republic of),2.89618973700000,2.53804750300000,3.43739567500000
442CEA8MALARIA_EST_INCIDENCE,MALARIA_EST_INCIDENCE,442CEA8,MALARIA_EST_INCIDENCE,2000,YEAR,887,COUNTRY,PUBLISHED,Malaria cases,Yemen,83.29822761000000,35.53824935000000,361.16555060000000
442CEA8MALARIA_EST_INCIDENCE,MALARIA_EST_INCIDENCE,442CEA8,MALARIA_EST_INCIDENCE,2000,YEAR,894,COUNTRY,PUBLISHED,Malaria cases,Zambia,360.32890410000000,281.43556600000000,456.11433480000000
442CEA8MALARIA_EST_INCIDENCE,MALARIA_EST_INCIDENCE,442CEA8,MALARIA_EST_INCIDENCE,2000,YEAR,953,WHOREGION,PUBLISHED,Malaria cases,Africa,354.05209030000000,328.22880590000000,383.86058230000000
442CEA8MALARIA_EST_INCIDENCE,MALARIA_EST_INCIDENCE,442CEA8,MALARIA_EST_INCIDENCE,2000,YEAR,954,WHOREGION,PUBLISHED,Malaria cases,Americas,13.49585828000000,12.18452681000000,14.94637625000000
442CEA8MALARIA_EST_INCIDENCE,MALARIA_EST_INCIDENCE,442CEA8,MALARIA_EST_INCIDENCE,2000,YEAR,955,WHOREGION,PUBLISHED,Malaria cases,South-East Asia,21.87914071000000,17.56264342000000,27.37565245000000
442CEA8MALARIA_EST_INCIDENCE,MALARIA_EST_INCIDENCE,442CEA8,MALARIA_EST_INCIDENCE,2000,YEAR,956,WHOREGION,PUBLISHED,Malaria cases,Europe,1.10569383900000,1.10569383900000,1.10569383900000
442CEA8MALARIA_EST_INCIDENCE,MALARIA_EST_INCIDENCE,442CEA8,MALARIA_EST_INCIDENCE,2000,YEAR,957,WHOREGION,PUBLISHED,Malaria cases,Eastern Mediterranean,20.14655606000000,16.06093747000000,32.25142704000000
442CEA8MALARIA_EST_INCIDENCE,MALARIA_EST_INCIDENCE,442CEA8,MALARIA_EST_INCIDENCE,2000,YEAR,958,WHOREGION,PUBLISHED,Malaria cases,Western Pacific,4.52541911800000,3.30711326000000,5.96971774400000
442CEA8MALARIA_EST_INCIDENCE,MALARIA_EST_INCIDENCE,442CEA8,MALARIA_EST_INCIDENCE,2001,YEAR,001,GLOBAL,PUBLISHED,Malaria cases,World,80.20352038000000,75.01321470000000,87.08283955000000
442CEA8MALARIA_EST_INCIDENCE,MALARIA_EST_INCIDENCE,442CEA8,MALARIA_EST_INCIDENCE,2010,YEAR,170,COUNTRY,PUBLISHED,Malaria cases,Colombia,16.60040854000000,12.61663935000000,20.67974428000000
442CEA8MALARIA_EST_INCIDENCE,MALARIA_EST_INCIDENCE,442CEA8,MALARIA_EST_INCIDENCE,2010,YEAR,174,COUNTRY,PUBLISHED,Malaria cases,Comoros,55.79717670000000,55.79717670000000,55.79717670000000
442CEA8MALARIA_EST_INCIDENCE,MALARIA_EST_INCIDENCE,442CEA8,MALARIA_EST_INCIDENCE,2010,YEAR,175,OVERSEAS DEPARTMENT,PUBLISHED,Malaria cases,Mayotte,5.19372370300000,5.19372370300000,5.19372370300000
442CEA8MALARIA_EST_INCIDENCE,MALARIA_EST_INCIDENCE,442CEA8,MALARIA_EST_INCIDENCE,2010,YEAR,178,COUNTRY,PUBLISHED,Malaria cases,Congo,214.43675780000000,138.57723840000000,315.91583580000000
442CEA8MALARIA_EST_INCIDENCE,MALARIA_EST_INCIDENCE,442CEA8,MALARIA_EST_INCIDENCE,2010,YEAR,180,COUNTRY,PUBLISHED,Malaria cases,Democratic Republic of the Congo,381.31834800000000,307.06393850000000,467.45007770000000
442CEA8MALARIA_EST_INCIDENCE,MALARIA_EST_INCIDENCE,442CEA8,MALARIA_EST_INCIDENCE,2010,YEAR,188,COUNTRY,PUBLISHED,Malaria cases,Costa Rica,0.06898342300000,0.06898342300000,0.06898342300000
442CEA8MALARIA_EST_INCIDENCE,MALARIA_EST_INCIDENCE,442CEA8,MALARIA_EST_INCIDENCE,2010,YEAR,204,COUNTRY,PUBLISHED,Malaria cases,Benin,417.07126030000000,332.65386810000000,519.55348690000000
442CEA8MALARIA_EST_INCIDENCE,MALARIA_EST_INCIDENCE,442CEA8,MALARIA_EST_INCIDENCE,2010,YEAR,214,COUNTRY,PUBLISHED,Malaria cases,Dominican Republic,0.59196013900000,0.48381002000000,0.70547616700000
442CEA8MALARIA_EST_INCIDENCE,MALARIA_EST_INCIDENCE,442CEA8,MALARIA_EST_INCIDENCE,2010,YEAR,218,COUNTRY,PUBLISHED,Malaria cases,Ecuador,0.22097474000000,0.22097474000000,0.22097474000000
442CEA8MALARIA_EST_INCIDENCE,MALARIA_EST_INCIDENCE,442CEA8,MALARIA_EST_INCIDENCE,2010,YEAR,222,COUNTRY,PUBLISHED,Malaria cases,El Salvador,0.01380033700000,0.01380033700000,0.01380033700000
442CEA8MALARIA_EST_INCIDENCE,MALARIA_EST_INCIDENCE,442CEA8,MALARIA_EST_INCIDENCE,2010,YEAR,226,COUNTRY,PUBLISHED,Malaria cases,Equatorial Guinea,288.36878780000000,200.00933490000000,401.26305100000000
442CEA8MALARIA_EST_INCIDENCE,MALARIA_EST_INCIDENCE,442CEA8,MALARIA_EST_INCIDENCE,2010,YEAR,231,COUNTRY,PUBLISHED,Malaria cases,Ethiopia,153.84215190000000,50.22238099000000,439.97628310000000
442CEA8MALARIA_EST_INCIDENCE,MALARIA_EST_INCIDENCE,442CEA8,MALARIA_EST_INCIDENCE,2010,YEAR,232,COUNTRY,PUBLISHED,Malaria cases,Eritrea,28.34150373000000,18.04026978000000,40.02029923000000
442CEA8MALARIA_EST_INCIDENCE,MALARIA_EST_INCIDENCE,442CEA8,MALARIA_EST_INCIDENCE,2010,YEAR,254,OVERSEAS DEPARTMENT,PUBLISHED,Malaria cases,French Guiana,16.11971120000000,13.24540180000000,20.54280739000000
442CEA8MALARIA_EST_INCIDENCE,MALARIA_EST_INCIDENCE,442CEA8,MALARIA_EST_INCIDENCE,2023,YEAR,524,COUNTRY,PUBLISHED,Malaria cases,Nepal,0.00173938300000,0.00173938300000,0.00173938300000
442CEA8MALARIA_EST_INCIDENCE,MALARIA_EST_INCIDENCE,442CEA8,MALARIA_EST_INCIDENCE,2023,YEAR,548,COUNTRY,PUBLISHED,Malaria cases,Vanuatu,17.93962698000000,10.73303413000000,28.32677399000000
442CEA8MALARIA_EST_INCIDENCE,MALARIA_EST_INCIDENCE,442CEA8,MALARIA_EST_INCIDENCE,2023,YEAR,558,COUNTRY,PUBLISHED,Malaria cases,Nicaragua,1.41637186000000,1.17754958200000,1.67150614500000
442CEA8MALARIA_EST_INCIDENCE,MALARIA_EST_INCIDENCE,442CEA8,MALARIA_EST_INCIDENCE,2023,YEAR,562,COUNTRY,PUBLISHED,Malaria cases,Niger,305.14363840000000,175.95783790000000,495.58942360000000
442CEA8MALARIA_EST_INCIDENCE,MALARIA_EST_INCIDENCE,442CEA8,MALARIA_EST_INCIDENCE,2023,YEAR,566,COUNTRY,PUBLISHED,Malaria cases,Nigeria,298.99760010000000,215.61984280000000,406.19512950000000
442CEA8MALARIA_EST_INCIDENCE,MALARIA_EST_INCIDENCE,442CEA8,MALARIA_EST_INCIDENCE,2023,YEAR,586,COUNTRY,PUBLISHED,Malaria cases,Pakistan,17.60869649000000,13.93714653000000,23.50345554000000
442CEA8MALARIA_EST_INCIDENCE,MALARIA_EST_INCIDENCE,442CEA8,MALARIA_EST_INCIDENCE,2023,YEAR,591,COUNTRY,PUBLISHED,Malaria cases,Panama,3.17503568400000,3.17503568400000,3.17503568400000
442CEA8MALARIA_EST_INCIDENCE,MALARIA_EST_INCIDENCE,442CEA8,MALARIA_EST_INCIDENCE,2023,YEAR,598,COUNTRY,PUBLISHED,Malaria cases,Papua New Guinea,147.20180260000000,101.59041680000000,195.44896670000000
442CEA8MALARIA_EST_INCIDENCE,MALARIA_EST_INCIDENCE,442CEA8,MALARIA_EST_INCIDENCE,2023,YEAR,600,COUNTRY,PUBLISHED,Malaria cases,Paraguay,0.00000000000000,0.00000000000000,0.00000000000000
442CEA8MALARIA_EST_INCIDENCE,MALARIA_EST_INCIDENCE,442CEA8,MALARIA_EST_INCIDENCE,2023,YEAR,604,COUNTRY,PUBLISHED,Malaria cases,Peru,2.18826100900000,1.79700469500000,2.60819927200000
442CEA8MALARIA_EST_INCIDENCE,MALARIA_EST_INCIDENCE,442CEA8,MALARIA_EST_INCIDENCE,2023,YEAR,608,COUNTRY,PUBLISHED,Malaria cases,Philippines,0.23252402400000,0.16316273000000,0.31247524600000
442CEA8MALARIA_EST_INCIDENCE,MALARIA_EST_INCIDENCE,442CEA8,MALARIA_EST_INCIDENCE,2023,YEAR,624,COUNTRY,PUBLISHED,Malaria cases,Guinea-Bissau,97.81367448000000,27.94664472000000,260.35899360000000
442CEA8MALARIA_EST_INCIDENCE,MALARIA_EST_INCIDENCE,442CEA8,MALARIA_EST_INCIDENCE,2023,YEAR,626,COUNTRY,PUBLISHED,Malaria cases,Timor-Leste,0.00000000000000,0.00000000000000,0.00000000000000
442CEA8MALARIA_EST_INCIDENCE,MALARIA_EST_INCIDENCE,442CEA8,MALARIA_EST_INCIDENCE,2023,YEAR,646,COUNTRY,PUBLISHED,Malaria cases,Rwanda,53.64373899000000,41.74752486000000,66.02376937000000
442CEA8MALARIA_EST_INCIDENCE,MALARIA_EST_INCIDENCE,442CEA8,MALARIA_EST_INCIDENCE,2001,YEAR,894,COUNTRY,PUBLISHED,Malaria cases,Zambia,379.23194600000000,298.15259000000000,476.81408860000000
442CEA8MALARIA_EST_INCIDENCE,MALARIA_EST_INCIDENCE,442CEA8,MALARIA_EST_INCIDENCE,2001,YEAR,953,WHOREGION,PUBLISHED,Malaria cases,Africa,356.45890730000000,329.42996090000000,387.66199650000000
442CEA8MALARIA_EST_INCIDENCE,MALARIA_EST_INCIDENCE,442CEA8,MALARIA_EST_INCIDENCE,2001,YEAR,954,WHOREGION,PUBLISHED,Malaria cases,Americas,10.87695334000000,9.83684205100000,12.03245436000000
442CEA8MALARIA_EST_INCIDENCE,MALARIA_EST_INCIDENCE,442CEA8,MALARIA_EST_INCIDENCE,2001,YEAR,955,WHOREGION,PUBLISHED,Malaria cases,South-East Asia,21.60647996000000,17.48602572000000,27.19357820000000
442CEA8MALARIA_EST_INCIDENCE,MALARIA_EST_INCIDENCE,442CEA8,MALARIA_EST_INCIDENCE,2001,YEAR,956,WHOREGION,PUBLISHED,Malaria cases,Europe,0.80579559800000,0.80579559800000,0.80579559800000
442CEA8MALARIA_EST_INCIDENCE,MALARIA_EST_INCIDENCE,442CEA8,MALARIA_EST_INCIDENCE,2001,YEAR,957,WHOREGION,PUBLISHED,Malaria cases,Eastern Mediterranean,20.32021586000000,16.15149875000000,33.90757275000000
442CEA8MALARIA_EST_INCIDENCE,MALARIA_EST_INCIDENCE,442CEA8,MALARIA_EST_INCIDENCE,2001,YEAR,958,WHOREGION,PUBLISHED,Malaria cases,Western Pacific,4.12510270900000,2.98426657200000,5.49251394700000
442CEA8MALARIA_EST_INCIDENCE,MALARIA_EST_INCIDENCE,442CEA8,MALARIA_EST_INCIDENCE,2003,YEAR,604,COUNTRY,PUBLISHED,Malaria cases,Peru,10.32225856000000,8.58477852700000,12.18463574000000
442CEA8MALARIA_EST_INCIDENCE,MALARIA_EST_INCIDENCE,442CEA8,MALARIA_EST_INCIDENCE,2003,YEAR,608,COUNTRY,PUBLISHED,Malaria cases,Philippines,2.04348767400000,1.53851686400000,2.60824279600000
442CEA8MALARIA_EST_INCIDENCE,MALARIA_EST_INCIDENCE,442CEA8,MALARIA_EST_INCIDENCE,2003,YEAR,624,COUNTRY,PUBLISHED,Malaria cases,Guinea-Bissau,182.28761470000000,93.30231285000000,318.09441650000000
442CEA8MALARIA_EST_INCIDENCE,MALARIA_EST_INCIDENCE,442CEA8,MALARIA_EST_INCIDENCE,2003,YEAR,626,COUNTRY,PUBLISHED,Malaria cases,Timor-Leste,78.30403870000000,65.94439954000000,91.38031104000000
442CEA8MALARIA_EST_INCIDENCE,MALARIA_EST_INCIDENCE,442CEA8,MALARIA_EST_INCIDENCE,2003,YEAR,646,COUNTRY,PUBLISHED,Malaria cases,Rwanda,139.22131160000000,71.61245505000000,218.93762280000000
442CEA8MALARIA_EST_INCIDENCE,MALARIA_EST_INCIDENCE,442CEA8,MALARIA_EST_INCIDENCE,2003,YEAR,678,COUNTRY,PUBLISHED,Malaria cases,Sao Tome and Principe,277.32196030000000,277.32196030000000,277.32196030000000
442CEA8MALARIA_EST_INCIDENCE,MALARIA_EST_INCIDENCE,442CEA8,MALARIA_EST_INCIDENCE,2003,YEAR,682,COUNTRY,PUBLISHED,Malaria cases,Saudi Arabia,0.85577934000000,0.85577934000000,0.85577934000000
442CEA8MALARIA_EST_INCIDENCE,MALARIA_EST_INCIDENCE,442CEA8,MALARIA_EST_INCIDENCE,2001,YEAR,004,COUNTRY,PUBLISHED,Malaria cases,Afghanistan,83.83453346000000,54.22209176000000,128.13551090000000
442CEA8MALARIA_EST_INCIDENCE,MALARIA_EST_INCIDENCE,442CEA8,MALARIA_EST_INCIDENCE,2001,YEAR,012,COUNTRY,PUBLISHED,Malaria cases,Algeria,0.00326017000000,0.00326017000000,0.00326017000000
442CEA8MALARIA_EST_INCIDENCE,MALARIA_EST_INCIDENCE,442CEA8,MALARIA_EST_INCIDENCE,2001,YEAR,024,COUNTRY,PUBLISHED,Malaria cases,Angola,330.80459330000000,223.50122770000000,474.32044190000000
442CEA8MALARIA_EST_INCIDENCE,MALARIA_EST_INCIDENCE,442CEA8,MALARIA_EST_INCIDENCE,2001,YEAR,031,COUNTRY,PUBLISHED,Malaria cases,Azerbaijan,5.55350650700000,5.55350650700000,5.55350650700000
442CEA8MALARIA_EST_INCIDENCE,MALARIA_EST_INCIDENCE,442CEA8,MALARIA_EST_INCIDENCE,2001,YEAR,032,COUNTRY,PUBLISHED,Malaria cases,Argentina,1.14286321800000,1.14286321800000,1.14286321800000
442CEA8MALARIA_EST_INCIDENCE,MALARIA_EST_INCIDENCE,442CEA8,MALARIA_EST_INCIDENCE,2001,YEAR,050,COUNTRY,PUBLISHED,Malaria cases,Bangladesh,6.61670238200000,2.93060927200000,10.44603732000000
442CEA8MALARIA_EST_INCIDENCE,MALARIA_EST_INCIDENCE,442CEA8,MALARIA_EST_INCIDENCE,2001,YEAR,051,COUNTRY,PUBLISHED,Malaria cases,Armenia,0.02561318500000,0.02561318500000,0.02561318500000
442CEA8MALARIA_EST_INCIDENCE,MALARIA_EST_INCIDENCE,442CEA8,MALARIA_EST_INCIDENCE,2001,YEAR,064,COUNTRY,PUBLISHED,Malaria cases,Bhutan,13.23489392000000,13.23489392000000,13.23489392000000
442CEA8MALARIA_EST_INCIDENCE,MALARIA_EST_INCIDENCE,442CEA8,MALARIA_EST_INCIDENCE,2001,YEAR,068,COUNTRY,PUBLISHED,Malaria cases,Bolivia (Plurinational State of),5.62347687000000,4.22025192100000,7.08213071600000
442CEA8MALARIA_EST_INCIDENCE,MALARIA_EST_INCIDENCE,442CEA8,MALARIA_EST_INCIDENCE,2001,YEAR,072,COUNTRY,PUBLISHED,Malaria cases,Botswana,6.78564821700000,4.12261383600000,12.78596535000000
442CEA8MALARIA_EST_INCIDENCE,MALARIA_EST_INCIDENCE,442CEA8,MALARIA_EST_INCIDENCE,2001,YEAR,076,COUNTRY,PUBLISHED,Malaria cases,Brazil,13.05183494000000,11.34971334000000,14.90626948000000
442CEA8MALARIA_EST_INCIDENCE,MALARIA_EST_INCIDENCE,442CEA8,MALARIA_EST_INCIDENCE,2001,YEAR,084,COUNTRY,PUBLISHED,Malaria cases,Belize,6.78021484300000,6.78021484300000,6.78021484300000
442CEA8MALARIA_EST_INCIDENCE,MALARIA_EST_INCIDENCE,442CEA8,MALARIA_EST_INCIDENCE,2001,YEAR,090,COUNTRY,PUBLISHED,Malaria cases,Solomon Islands,643.06742860000000,349.01137570000000,1046.48052400000000
442CEA8MALARIA_EST_INCIDENCE,MALARIA_EST_INCIDENCE,442CEA8,MALARIA_EST_INCIDENCE,2001,YEAR,104,COUNTRY,PUBLISHED,Malaria cases,Myanmar,34.40253645000000,24.01756914000000,50.37581077000000
442CEA8MALARIA_EST_INCIDENCE,MALARIA_EST_INCIDENCE,442CEA8,MALARIA_EST_INCIDENCE,2023,YEAR,678,COUNTRY,PUBLISHED,Malaria cases,Sao Tome and Principe,10.17018162000000,10.17018162000000,10.17018162000000
442CEA8MALARIA_EST_INCIDENCE,MALARIA_EST_INCIDENCE,442CEA8,MALARIA_EST_INCIDENCE,2023,YEAR,682,COUNTRY,PUBLISHED,Malaria cases,Saudi Arabia,0.00000000000000,0.00000000000000,0.00000000000000
442CEA8MALARIA_EST_INCIDENCE,MALARIA_EST_INCIDENCE,442CEA8,MALARIA_EST_INCIDENCE,2023,YEAR,686,COUNTRY,PUBLISHED,Malaria cases,Senegal,34.68756564000000,24.54720139000000,49.28468689000000
442CEA8MALARIA_EST_INCIDENCE,MALARIA_EST_INCIDENCE,442CEA8,MALARIA_EST_INCIDENCE,2023,YEAR,694,COUNTRY,PUBLISHED,Malaria cases,Sierra Leone,284.08186170000000,158.70945220000000,473.92833020000000
442CEA8MALARIA_EST_INCIDENCE,MALARIA_EST_INCIDENCE,442CEA8,MALARIA_EST_INCIDENCE,2023,YEAR,704,COUNTRY,PUBLISHED,Malaria cases,Viet Nam,0.00504337200000,0.00504337200000,0.00504337200000
442CEA8MALARIA_EST_INCIDENCE,MALARIA_EST_INCIDENCE,442CEA8,MALARIA_EST_INCIDENCE,2023,YEAR,706,COUNTRY,PUBLISHED,Malaria cases,Somalia,54.37496238000000,30.00259960000000,91.77170228000000
442CEA8MALARIA_EST_INCIDENCE,MALARIA_EST_INCIDENCE,442CEA8,MALARIA_EST_INCIDENCE,2023,YEAR,710,COUNTRY,PUBLISHED,Malaria cases,South Africa,0.83701958400000,0.83701958400000,0.83701958400000
442CEA8MALARIA_EST_INCIDENCE,MALARIA_EST_INCIDENCE,442CEA8,MALARIA_EST_INCIDENCE,2013,YEAR,591,COUNTRY,PUBLISHED,Malaria cases,Panama,0.28872753100000,0.27741253300000,0.30745580300000
442CEA8MALARIA_EST_INCIDENCE,MALARIA_EST_INCIDENCE,442CEA8,MALARIA_EST_INCIDENCE,2013,YEAR,598,COUNTRY,PUBLISHED,Malaria cases,Papua New Guinea,171.05526070000000,92.67944199000000,269.25535460000000
442CEA8MALARIA_EST_INCIDENCE,MALARIA_EST_INCIDENCE,442CEA8,MALARIA_EST_INCIDENCE,2013,YEAR,600,COUNTRY,PUBLISHED,Malaria cases,Paraguay,0.00000000000000,0.00000000000000,0.00000000000000
442CEA8MALARIA_EST_INCIDENCE,MALARIA_EST_INCIDENCE,442CEA8,MALARIA_EST_INCIDENCE,2013,YEAR,604,COUNTRY,PUBLISHED,Malaria cases,Peru,5.35116342900000,4.37312814100000,6.37540842000000
442CEA8MALARIA_EST_INCIDENCE,MALARIA_EST_INCIDENCE,442CEA8,MALARIA_EST_INCIDENCE,2013,YEAR,608,COUNTRY,PUBLISHED,Malaria cases,Philippines,0.29569383800000,0.21819995700000,0.38025977800000
442CEA8MALARIA_EST_INCIDENCE,MALARIA_EST_INCIDENCE,442CEA8,MALARIA_EST_INCIDENCE,2013,YEAR,624,COUNTRY,PUBLISHED,Malaria cases,Guinea-Bissau,120.88458960000000,56.11954023000000,232.97097010000000
442CEA8MALARIA_EST_INCIDENCE,MALARIA_EST_INCIDENCE,442CEA8,MALARIA_EST_INCIDENCE,2013,YEAR,626,COUNTRY,PUBLISHED,Malaria cases,Timor-Leste,1.30120035300000,1.09565107300000,1.52143172400000
442CEA8MALARIA_EST_INCIDENCE,MALARIA_EST_INCIDENCE,442CEA8,MALARIA_EST_INCIDENCE,2001,YEAR,108,COUNTRY,PUBLISHED,Malaria cases,Burundi,416.11895030000000,309.39545830000000,548.40706680000000
442CEA8MALARIA_EST_INCIDENCE,MALARIA_EST_INCIDENCE,442CEA8,MALARIA_EST_INCIDENCE,2001,YEAR,116,COUNTRY,PUBLISHED,Malaria cases,Cambodia,43.16250606000000,31.40447077000000,57.76299294000000
442CEA8MALARIA_EST_INCIDENCE,MALARIA_EST_INCIDENCE,442CEA8,MALARIA_EST_INCIDENCE,2001,YEAR,120,COUNTRY,PUBLISHED,Malaria cases,Cameroon,426.29199270000000,335.67530010000000,532.94120510000000
442CEA8MALARIA_EST_INCIDENCE,MALARIA_EST_INCIDENCE,442CEA8,MALARIA_EST_INCIDENCE,2001,YEAR,132,COUNTRY,PUBLISHED,Malaria cases,Cabo Verde,0.89408068500000,0.89408068500000,0.89408068500000
442CEA8MALARIA_EST_INCIDENCE,MALARIA_EST_INCIDENCE,442CEA8,MALARIA_EST_INCIDENCE,2001,YEAR,140,COUNTRY,PUBLISHED,Malaria cases,Central African Republic,438.50662090000000,270.64916910000000,683.06930220000000
442CEA8MALARIA_EST_INCIDENCE,MALARIA_EST_INCIDENCE,442CEA8,MALARIA_EST_INCIDENCE,2001,YEAR,144,COUNTRY,PUBLISHED,Malaria cases,Sri Lanka,14.75616132000000,14.75616132000000,14.75616132000000
442CEA8MALARIA_EST_INCIDENCE,MALARIA_EST_INCIDENCE,442CEA8,MALARIA_EST_INCIDENCE,2001,YEAR,148,COUNTRY,PUBLISHED,Malaria cases,Chad,276.61690470000000,161.80915600000000,445.00353880000000
442CEA8MALARIA_EST_INCIDENCE,MALARIA_EST_INCIDENCE,442CEA8,MALARIA_EST_INCIDENCE,2001,YEAR,156,COUNTRY,PUBLISHED,Malaria cases,China,0.03971103400000,0.03971103400000,0.03971103400000
442CEA8MALARIA_EST_INCIDENCE,MALARIA_EST_INCIDENCE,442CEA8,MALARIA_EST_INCIDENCE,2001,YEAR,170,COUNTRY,PUBLISHED,Malaria cases,Colombia,37.88137568000000,28.10126293000000,48.14743563000000
442CEA8MALARIA_EST_INCIDENCE,MALARIA_EST_INCIDENCE,442CEA8,MALARIA_EST_INCIDENCE,2002,YEAR,818,COUNTRY,PUBLISHED,Malaria cases,Egypt,0.00000000000000,0.00000000000000,0.00000000000000
442CEA8MALARIA_EST_INCIDENCE,MALARIA_EST_INCIDENCE,442CEA8,MALARIA_EST_INCIDENCE,2002,YEAR,834,COUNTRY,PUBLISHED,Malaria cases,United Republic of Tanzania,297.33431820000000,230.59823730000000,379.02656920000000
442CEA8MALARIA_EST_INCIDENCE,MALARIA_EST_INCIDENCE,442CEA8,MALARIA_EST_INCIDENCE,2002,YEAR,854,COUNTRY,PUBLISHED,Malaria cases,Burkina Faso,592.46862370000000,474.93673750000000,725.17206590000000
442CEA8MALARIA_EST_INCIDENCE,MALARIA_EST_INCIDENCE,442CEA8,MALARIA_EST_INCIDENCE,2002,YEAR,860,COUNTRY,PUBLISHED,Malaria cases,Uzbekistan,2.91350053200000,2.91350053200000,2.91350053200000
442CEA8MALARIA_EST_INCIDENCE,MALARIA_EST_INCIDENCE,442CEA8,MALARIA_EST_INCIDENCE,2002,YEAR,862,COUNTRY,PUBLISHED,Malaria cases,Venezuela (Bolivarian Republic of),2.75432099900000,2.42013872600000,3.26086358300000
442CEA8MALARIA_EST_INCIDENCE,MALARIA_EST_INCIDENCE,442CEA8,MALARIA_EST_INCIDENCE,2013,YEAR,646,COUNTRY,PUBLISHED,Malaria cases,Rwanda,109.49119020000000,91.24748723000000,128.82940350000000
442CEA8MALARIA_EST_INCIDENCE,MALARIA_EST_INCIDENCE,442CEA8,MALARIA_EST_INCIDENCE,2013,YEAR,678,COUNTRY,PUBLISHED,Malaria cases,Sao Tome and Principe,47.85474276000000,47.85474276000000,47.85474276000000
442CEA8MALARIA_EST_INCIDENCE,MALARIA_EST_INCIDENCE,442CEA8,MALARIA_EST_INCIDENCE,2013,YEAR,682,COUNTRY,PUBLISHED,Malaria cases,Saudi Arabia,0.01131309800000,0.01131309800000,0.01131309800000
442CEA8MALARIA_EST_INCIDENCE,MALARIA_EST_INCIDENCE,442CEA8,MALARIA_EST_INCIDENCE,2017,YEAR,417,COUNTRY,PUBLISHED,Malaria cases,Kyrgyzstan,0.00000000000000,0.00000000000000,0.00000000000000
442CEA8MALARIA_EST_INCIDENCE,MALARIA_EST_INCIDENCE,442CEA8,MALARIA_EST_INCIDENCE,2017,YEAR,418,COUNTRY,PUBLISHED,Malaria cases,Lao People's Democratic Republic,4.00049948100000,2.90349072300000,5.28810633900000
442CEA8MALARIA_EST_INCIDENCE,MALARIA_EST_INCIDENCE,442CEA8,MALARIA_EST_INCIDENCE,2017,YEAR,430,COUNTRY,PUBLISHED,Malaria cases,Liberia,356.08539130000000,282.26892710000000,440.35715450000000
442CEA8MALARIA_EST_INCIDENCE,MALARIA_EST_INCIDENCE,442CEA8,MALARIA_EST_INCIDENCE,2017,YEAR,450,COUNTRY,PUBLISHED,Malaria cases,Madagascar,77.22226814000000,55.79489726000000,101.13203120000000
442CEA8MALARIA_EST_INCIDENCE,MALARIA_EST_INCIDENCE,442CEA8,MALARIA_EST_INCIDENCE,2017,YEAR,454,COUNTRY,PUBLISHED,Malaria cases,Malawi,264.44148370000000,202.72760130000000,340.53072070000000
442CEA8MALARIA_EST_INCIDENCE,MALARIA_EST_INCIDENCE,442CEA8,MALARIA_EST_INCIDENCE,2017,YEAR,458,COUNTRY,PUBLISHED,Malaria cases,Malaysia,0.06567637000000,0.06567637000000,0.06567637000000
442CEA8MALARIA_EST_INCIDENCE,MALARIA_EST_INCIDENCE,442CEA8,MALARIA_EST_INCIDENCE,2017,YEAR,466,COUNTRY,PUBLISHED,Malaria cases,Mali,376.98456880000000,266.42533460000000,535.98640310000000
442CEA8MALARIA_EST_INCIDENCE,MALARIA_EST_INCIDENCE,442CEA8,MALARIA_EST_INCIDENCE,2017,YEAR,478,COUNTRY,PUBLISHED,Malaria cases,Mauritania,72.78655602000000,25.21778374000000,149.32586790000000
442CEA8MALARIA_EST_INCIDENCE,MALARIA_EST_INCIDENCE,442CEA8,MALARIA_EST_INCIDENCE,2017,YEAR,484,COUNTRY,PUBLISHED,Malaria cases,Mexico,0.28133685500000,0.28133685500000,0.28133685500000
442CEA8MALARIA_EST_INCIDENCE,MALARIA_EST_INCIDENCE,442CEA8,MALARIA_EST_INCIDENCE,2017,YEAR,504,COUNTRY,PUBLISHED,Malaria cases,Morocco,0.00000000000000,0.00000000000000,0.00000000000000
442CEA8MALARIA_EST_INCIDENCE,MALARIA_EST_INCIDENCE,442CEA8,MALARIA_EST_INCIDENCE,2017,YEAR,508,COUNTRY,PUBLISHED,Malaria cases,Mozambique,333.74163320000000,266.40374670000000,411.45881900000000
442CEA8MALARIA_EST_INCIDENCE,MALARIA_EST_INCIDENCE,442CEA8,MALARIA_EST_INCIDENCE,2002,YEAR,887,COUNTRY,PUBLISHED,Malaria cases,Yemen,97.49046014000000,46.52927595000000,432.22721520000000
442CEA8MALARIA_EST_INCIDENCE,MALARIA_EST_INCIDENCE,442CEA8,MALARIA_EST_INCIDENCE,2002,YEAR,894,COUNTRY,PUBLISHED,Malaria cases,Zambia,369.96129490000000,287.36771280000000,468.57077360000000
442CEA8MALARIA_EST_INCIDENCE,MALARIA_EST_INCIDENCE,442CEA8,MALARIA_EST_INCIDENCE,2002,YEAR,953,WHOREGION,PUBLISHED,Malaria cases,Africa,346.95144770000000,320.80283400000000,377.32809020000000
442CEA8MALARIA_EST_INCIDENCE,MALARIA_EST_INCIDENCE,442CEA8,MALARIA_EST_INCIDENCE,2002,YEAR,954,WHOREGION,PUBLISHED,Malaria cases,Americas,9.76715769500000,8.89955497500000,10.73225044000000
442CEA8MALARIA_EST_INCIDENCE,MALARIA_EST_INCIDENCE,442CEA8,MALARIA_EST_INCIDENCE,2002,YEAR,955,WHOREGION,PUBLISHED,Malaria cases,South-East Asia,19.61019149000000,15.60435050000000,24.94719380000000
442CEA8MALARIA_EST_INCIDENCE,MALARIA_EST_INCIDENCE,442CEA8,MALARIA_EST_INCIDENCE,2002,YEAR,956,WHOREGION,PUBLISHED,Malaria cases,Europe,0.67867734100000,0.67867734100000,0.67867734100000
442CEA8MALARIA_EST_INCIDENCE,MALARIA_EST_INCIDENCE,442CEA8,MALARIA_EST_INCIDENCE,2002,YEAR,957,WHOREGION,PUBLISHED,Malaria cases,Eastern Mediterranean,18.81322317000000,14.85823711000000,31.74059288000000
442CEA8MALARIA_EST_INCIDENCE,MALARIA_EST_INCIDENCE,442CEA8,MALARIA_EST_INCIDENCE,2002,YEAR,958,WHOREGION,PUBLISHED,Malaria cases,Western Pacific,3.78418350800000,2.76289609400000,5.05729752600000
442CEA8MALARIA_EST_INCIDENCE,MALARIA_EST_INCIDENCE,442CEA8,MALARIA_EST_INCIDENCE,2003,YEAR,001,GLOBAL,PUBLISHED,Malaria cases,World,78.18070901000000,72.72307314000000,85.41947196000000
442CEA8MALARIA_EST_INCIDENCE,MALARIA_EST_INCIDENCE,442CEA8,MALARIA_EST_INCIDENCE,2003,YEAR,004,COUNTRY,PUBLISHED,Malaria cases,Afghanistan,70.81400733000000,46.16021887000000,109.14170150000000
442CEA8MALARIA_EST_INCIDENCE,MALARIA_EST_INCIDENCE,442CEA8,MALARIA_EST_INCIDENCE,2003,YEAR,012,COUNTRY,PUBLISHED,Malaria cases,Algeria,0.00264549300000,0.00264549300000,0.00264549300000
442CEA8MALARIA_EST_INCIDENCE,MALARIA_EST_INCIDENCE,442CEA8,MALARIA_EST_INCIDENCE,2003,YEAR,024,COUNTRY,PUBLISHED,Malaria cases,Angola,319.28750310000000,221.66460600000000,445.10049260000000
442CEA8MALARIA_EST_INCIDENCE,MALARIA_EST_INCIDENCE,442CEA8,MALARIA_EST_INCIDENCE,2003,YEAR,031,COUNTRY,PUBLISHED,Malaria cases,Azerbaijan,2.48431774400000,2.48431774400000,2.48431774400000
442CEA8MALARIA_EST_INCIDENCE,MALARIA_EST_INCIDENCE,442CEA8,MALARIA_EST_INCIDENCE,2003,YEAR,032,COUNTRY,PUBLISHED,Malaria cases,Argentina,0.64542658000000,0.64542658000000,0.64542658000000
442CEA8MALARIA_EST_INCIDENCE,MALARIA_EST_INCIDENCE,442CEA8,MALARIA_EST_INCIDENCE,2017,YEAR,512,COUNTRY,PUBLISHED,Malaria cases,Oman,0.00000000000000,0.00000000000000,0.00000000000000
442CEA8MALARIA_EST_INCIDENCE,MALARIA_EST_INCIDENCE,442CEA8,MALARIA_EST_INCIDENCE,2017,YEAR,516,COUNTRY,PUBLISHED,Malaria cases,Namibia,44.80569541000000,35.58663021000000,54.80377814000000
442CEA8MALARIA_EST_INCIDENCE,MALARIA_EST_INCIDENCE,442CEA8,MALARIA_EST_INCIDENCE,2017,YEAR,524,COUNTRY,PUBLISHED,Malaria cases,Nepal,0.33067502600000,0.26564636800000,0.42275081100000
442CEA8MALARIA_EST_INCIDENCE,MALARIA_EST_INCIDENCE,442CEA8,MALARIA_EST_INCIDENCE,2017,YEAR,548,COUNTRY,PUBLISHED,Malaria cases,Vanuatu,9.28163385500000,6.48089635100000,13.45388087000000
442CEA8MALARIA_EST_INCIDENCE,MALARIA_EST_INCIDENCE,442CEA8,MALARIA_EST_INCIDENCE,2017,YEAR,558,COUNTRY,PUBLISHED,Malaria cases,Nicaragua,2.49465527400000,2.07096328100000,2.94390372000000
442CEA8MALARIA_EST_INCIDENCE,MALARIA_EST_INCIDENCE,442CEA8,MALARIA_EST_INCIDENCE,2017,YEAR,562,COUNTRY,PUBLISHED,Malaria cases,Niger,367.77149400000000,233.99286160000000,552.94024320000000
442CEA8MALARIA_EST_INCIDENCE,MALARIA_EST_INCIDENCE,442CEA8,MALARIA_EST_INCIDENCE,2017,YEAR,566,COUNTRY,PUBLISHED,Malaria cases,Nigeria,288.97982550000000,229.07687180000000,359.80387190000000
442CEA8MALARIA_EST_INCIDENCE,MALARIA_EST_INCIDENCE,442CEA8,MALARIA_EST_INCIDENCE,2017,YEAR,586,COUNTRY,PUBLISHED,Malaria cases,Pakistan,3.73545913100000,2.68883090200000,5.74386715300000
442CEA8MALARIA_EST_INCIDENCE,MALARIA_EST_INCIDENCE,442CEA8,MALARIA_EST_INCIDENCE,2017,YEAR,591,COUNTRY,PUBLISHED,Malaria cases,Panama,0.29168288600000,0.27566035600000,0.31134690100000
442CEA8MALARIA_EST_INCIDENCE,MALARIA_EST_INCIDENCE,442CEA8,MALARIA_EST_INCIDENCE,2017,YEAR,598,COUNTRY,PUBLISHED,Malaria cases,Papua New Guinea,134.02999590000000,86.92403969000000,191.48525050000000
442CEA8MALARIA_EST_INCIDENCE,MALARIA_EST_INCIDENCE,442CEA8,MALARIA_EST_INCIDENCE,2017,YEAR,600,COUNTRY,PUBLISHED,Malaria cases,Paraguay,0.00000000000000,0.00000000000000,0.00000000000000
442CEA8MALARIA_EST_INCIDENCE,MALARIA_EST_INCIDENCE,442CEA8,MALARIA_EST_INCIDENCE,2017,YEAR,604,COUNTRY,PUBLISHED,Malaria cases,Peru,5.91332370500000,4.85593060400000,7.04344868900000
442CEA8MALARIA_EST_INCIDENCE,MALARIA_EST_INCIDENCE,442CEA8,MALARIA_EST_INCIDENCE,2017,YEAR,608,COUNTRY,PUBLISHED,Malaria cases,Philippines,0.26431370400000,0.18589208600000,0.35341280800000
442CEA8MALARIA_EST_INCIDENCE,MALARIA_EST_INCIDENCE,442CEA8,MALARIA_EST_INCIDENCE,2017,YEAR,624,COUNTRY,PUBLISHED,Malaria cases,Guinea-Bissau,70.21417943000000,23.96387776000000,165.48094080000000
442CEA8MALARIA_EST_INCIDENCE,MALARIA_EST_INCIDENCE,442CEA8,MALARIA_EST_INCIDENCE,2003,YEAR,050,COUNTRY,PUBLISHED,Malaria cases,Bangladesh,6.61672462700000,2.87028668500000,10.43428854000000
442CEA8MALARIA_EST_INCIDENCE,MALARIA_EST_INCIDENCE,442CEA8,MALARIA_EST_INCIDENCE,2003,YEAR,051,COUNTRY,PUBLISHED,Malaria cases,Armenia,0.00954271300000,0.00954271300000,0.00954271300000
442CEA8MALARIA_EST_INCIDENCE,MALARIA_EST_INCIDENCE,442CEA8,MALARIA_EST_INCIDENCE,2003,YEAR,064,COUNTRY,PUBLISHED,Malaria cases,Bhutan,8.06578082900000,8.06578082900000,8.06578082900000
442CEA8MALARIA_EST_INCIDENCE,MALARIA_EST_INCIDENCE,442CEA8,MALARIA_EST_INCIDENCE,2003,YEAR,068,COUNTRY,PUBLISHED,Malaria cases,Bolivia (Plurinational State of),6.71402627000000,5.24714742800000,8.24570613300000
442CEA8MALARIA_EST_INCIDENCE,MALARIA_EST_INCIDENCE,442CEA8,MALARIA_EST_INCIDENCE,2003,YEAR,072,COUNTRY,PUBLISHED,Malaria cases,Botswana,1.58331471700000,0.63619267200000,3.82834710900000
442CEA8MALARIA_EST_INCIDENCE,MALARIA_EST_INCIDENCE,442CEA8,MALARIA_EST_INCIDENCE,2003,YEAR,076,COUNTRY,PUBLISHED,Malaria cases,Brazil,12.69966336000000,11.57284509000000,14.01400410000000
442CEA8MALARIA_EST_INCIDENCE,MALARIA_EST_INCIDENCE,442CEA8,MALARIA_EST_INCIDENCE,2003,YEAR,084,COUNTRY,PUBLISHED,Malaria cases,Belize,7.27440552100000,7.27440552100000,7.27440552100000
442CEA8MALARIA_EST_INCIDENCE,MALARIA_EST_INCIDENCE,442CEA8,MALARIA_EST_INCIDENCE,2003,YEAR,090,COUNTRY,PUBLISHED,Malaria cases,Solomon Islands,518.27879630000000,363.94723840000000,750.52465810000000
442CEA8MALARIA_EST_INCIDENCE,MALARIA_EST_INCIDENCE,442CEA8,MALARIA_EST_INCIDENCE,2004,YEAR,562,COUNTRY,PUBLISHED,Malaria cases,Niger,302.78137010000000,190.32678190000000,453.03668200000000
442CEA8MALARIA_EST_INCIDENCE,MALARIA_EST_INCIDENCE,442CEA8,MALARIA_EST_INCIDENCE,2004,YEAR,566,COUNTRY,PUBLISHED,Malaria cases,Nigeria,390.11697010000000,309.70663850000000,483.19671890000000
442CEA8MALARIA_EST_INCIDENCE,MALARIA_EST_INCIDENCE,442CEA8,MALARIA_EST_INCIDENCE,2004,YEAR,586,COUNTRY,PUBLISHED,Malaria cases,Pakistan,4.05943290500000,2.26526338700000,7.92434597300000
442CEA8MALARIA_EST_INCIDENCE,MALARIA_EST_INCIDENCE,442CEA8,MALARIA_EST_INCIDENCE,2004,YEAR,591,COUNTRY,PUBLISHED,Malaria cases,Panama,2.46296033600000,2.37114448000000,2.62180176700000
442CEA8MALARIA_EST_INCIDENCE,MALARIA_EST_INCIDENCE,442CEA8,MALARIA_EST_INCIDENCE,2004,YEAR,598,COUNTRY,PUBLISHED,Malaria cases,Papua New Guinea,269.94404750000000,89.70019316000000,481.04500270000000
442CEA8MALARIA_EST_INCIDENCE,MALARIA_EST_INCIDENCE,442CEA8,MALARIA_EST_INCIDENCE,2004,YEAR,600,COUNTRY,PUBLISHED,Malaria cases,Paraguay,3.56748842600000,3.56748842600000,3.56748842600000
442CEA8MALARIA_EST_INCIDENCE,MALARIA_EST_INCIDENCE,442CEA8,MALARIA_EST_INCIDENCE,2017,YEAR,626,COUNTRY,PUBLISHED,Malaria cases,Timor-Leste,0.01359113500000,0.01359113500000,0.01359113500000
442CEA8MALARIA_EST_INCIDENCE,MALARIA_EST_INCIDENCE,442CEA8,MALARIA_EST_INCIDENCE,2017,YEAR,646,COUNTRY,PUBLISHED,Malaria cases,Rwanda,711.43831450000000,520.22465670000000,914.88401340000000
442CEA8MALARIA_EST_INCIDENCE,MALARIA_EST_INCIDENCE,442CEA8,MALARIA_EST_INCIDENCE,2017,YEAR,678,COUNTRY,PUBLISHED,Malaria cases,Sao Tome and Principe,10.81799295000000,10.81799295000000,10.81799295000000
442CEA8MALARIA_EST_INCIDENCE,MALARIA_EST_INCIDENCE,442CEA8,MALARIA_EST_INCIDENCE,2017,YEAR,682,COUNTRY,PUBLISHED,Malaria cases,Saudi Arabia,0.05362253600000,0.05362253600000,0.05362253600000
442CEA8MALARIA_EST_INCIDENCE,MALARIA_EST_INCIDENCE,442CEA8,MALARIA_EST_INCIDENCE,2017,YEAR,686,COUNTRY,PUBLISHED,Malaria cases,Senegal,52.06403541000000,36.17842900000000,68.98699716000000
442CEA8MALARIA_EST_INCIDENCE,MALARIA_EST_INCIDENCE,442CEA8,MALARIA_EST_INCIDENCE,2017,YEAR,694,COUNTRY,PUBLISHED,Malaria cases,Sierra Leone,350.54860900000000,271.22238850000000,447.08227030000000
442CEA8MALARIA_EST_INCIDENCE,MALARIA_EST_INCIDENCE,442CEA8,MALARIA_EST_INCIDENCE,2017,YEAR,704,COUNTRY,PUBLISHED,Malaria cases,Viet Nam,0.07819585300000,0.07210840900000,0.08756296000000
442CEA8MALARIA_EST_INCIDENCE,MALARIA_EST_INCIDENCE,442CEA8,MALARIA_EST_INCIDENCE,2017,YEAR,706,COUNTRY,PUBLISHED,Malaria cases,Somalia,54.91012748000000,30.92041607000000,88.62493832000000
442CEA8MALARIA_EST_INCIDENCE,MALARIA_EST_INCIDENCE,442CEA8,MALARIA_EST_INCIDENCE,2017,YEAR,710,COUNTRY,PUBLISHED,Malaria cases,South Africa,4.05672509600000,4.05672509600000,4.05672509600000
442CEA8MALARIA_EST_INCIDENCE,MALARIA_EST_INCIDENCE,442CEA8,MALARIA_EST_INCIDENCE,2017,YEAR,716,COUNTRY,PUBLISHED,Malaria cases,Zimbabwe,114.70463870000000,71.59187596000000,165.80959650000000
442CEA8MALARIA_EST_INCIDENCE,MALARIA_EST_INCIDENCE,442CEA8,MALARIA_EST_INCIDENCE,2017,YEAR,728,COUNTRY,PUBLISHED,Malaria cases,South Sudan,277.30028010000000,192.39797140000000,386.13883130000000
442CEA8MALARIA_EST_INCIDENCE,MALARIA_EST_INCIDENCE,442CEA8,MALARIA_EST_INCIDENCE,2017,YEAR,729,COUNTRY,PUBLISHED,Malaria cases,Sudan,56.38232774000000,43.15748511000000,72.25491443000000
442CEA8MALARIA_EST_INCIDENCE,MALARIA_EST_INCIDENCE,442CEA8,MALARIA_EST_INCIDENCE,2017,YEAR,740,COUNTRY,PUBLISHED,Malaria cases,Suriname,1.56230399900000,1.56230399900000,1.56230399900000
442CEA8MALARIA_EST_INCIDENCE,MALARIA_EST_INCIDENCE,442CEA8,MALARIA_EST_INCIDENCE,2017,YEAR,748,COUNTRY,PUBLISHED,Malaria cases,Eswatini,1.35679352700000,1.35679352700000,1.35679352700000
442CEA8MALARIA_EST_INCIDENCE,MALARIA_EST_INCIDENCE,442CEA8,MALARIA_EST_INCIDENCE,2004,YEAR,604,COUNTRY,PUBLISHED,Malaria cases,Peru,10.54800404000000,8.96313870800000,12.21869125000000
442CEA8MALARIA_EST_INCIDENCE,MALARIA_EST_INCIDENCE,442CEA8,MALARIA_EST_INCIDENCE,2004,YEAR,608,COUNTRY,PUBLISHED,Malaria cases,Philippines,1.81932620000000,1.32895621400000,2.37577527000000
442CEA8MALARIA_EST_INCIDENCE,MALARIA_EST_INCIDENCE,442CEA8,MALARIA_EST_INCIDENCE,2004,YEAR,624,COUNTRY,PUBLISHED,Malaria cases,Guinea-Bissau,121.23044370000000,54.18170858000000,236.84378710000000
442CEA8MALARIA_EST_INCIDENCE,MALARIA_EST_INCIDENCE,442CEA8,MALARIA_EST_INCIDENCE,2009,YEAR,454,COUNTRY,PUBLISHED,Malaria cases,Malawi,377.56245090000000,301.34004300000000,463.70918530000000
442CEA8MALARIA_EST_INCIDENCE,MALARIA_EST_INCIDENCE,442CEA8,MALARIA_EST_INCIDENCE,2009,YEAR,458,COUNTRY,PUBLISHED,Malaria cases,Malaysia,5.29337568000000,5.29337568000000,5.29337568000000
442CEA8MALARIA_EST_INCIDENCE,MALARIA_EST_INCIDENCE,442CEA8,MALARIA_EST_INCIDENCE,2009,YEAR,466,COUNTRY,PUBLISHED,Malaria cases,Mali,364.78537460000000,252.98959880000000,503.64987140000000
442CEA8MALARIA_EST_INCIDENCE,MALARIA_EST_INCIDENCE,442CEA8,MALARIA_EST_INCIDENCE,2009,YEAR,478,COUNTRY,PUBLISHED,Malaria cases,Mauritania,32.97723088000000,1.10274999000000,77.43584310000000
442CEA8MALARIA_EST_INCIDENCE,MALARIA_EST_INCIDENCE,442CEA8,MALARIA_EST_INCIDENCE,2009,YEAR,484,COUNTRY,PUBLISHED,Malaria cases,Mexico,1.13839573400000,1.13839573400000,1.13839573400000
442CEA8MALARIA_EST_INCIDENCE,MALARIA_EST_INCIDENCE,442CEA8,MALARIA_EST_INCIDENCE,2009,YEAR,504,COUNTRY,PUBLISHED,Malaria cases,Morocco,0.00000000000000,0.00000000000000,0.00000000000000
442CEA8MALARIA_EST_INCIDENCE,MALARIA_EST_INCIDENCE,442CEA8,MALARIA_EST_INCIDENCE,2009,YEAR,508,COUNTRY,PUBLISHED,Malaria cases,Mozambique,371.46789460000000,304.92780170000000,446.81481930000000
442CEA8MALARIA_EST_INCIDENCE,MALARIA_EST_INCIDENCE,442CEA8,MALARIA_EST_INCIDENCE,2009,YEAR,512,COUNTRY,PUBLISHED,Malaria cases,Oman,0.00000000000000,0.00000000000000,0.00000000000000
442CEA8MALARIA_EST_INCIDENCE,MALARIA_EST_INCIDENCE,442CEA8,MALARIA_EST_INCIDENCE,2009,YEAR,516,COUNTRY,PUBLISHED,Malaria cases,Namibia,3.67995992600000,0.47968956900000,10.97074408000000
442CEA8MALARIA_EST_INCIDENCE,MALARIA_EST_INCIDENCE,442CEA8,MALARIA_EST_INCIDENCE,2009,YEAR,524,COUNTRY,PUBLISHED,Malaria cases,Nepal,3.24946907700000,1.48400615700000,7.54669013000000
442CEA8MALARIA_EST_INCIDENCE,MALARIA_EST_INCIDENCE,442CEA8,MALARIA_EST_INCIDENCE,2009,YEAR,548,COUNTRY,PUBLISHED,Malaria cases,Vanuatu,63.96682851000000,35.07454991000000,105.97784990000000
442CEA8MALARIA_EST_INCIDENCE,MALARIA_EST_INCIDENCE,442CEA8,MALARIA_EST_INCIDENCE,2017,YEAR,760,COUNTRY,PUBLISHED,Malaria cases,Syrian Arab Republic,0.00000000000000,0.00000000000000,0.00000000000000
442CEA8MALARIA_EST_INCIDENCE,MALARIA_EST_INCIDENCE,442CEA8,MALARIA_EST_INCIDENCE,2017,YEAR,762,COUNTRY,PUBLISHED,Malaria cases,Tajikistan,0.00000000000000,0.00000000000000,0.00000000000000
442CEA8MALARIA_EST_INCIDENCE,MALARIA_EST_INCIDENCE,442CEA8,MALARIA_EST_INCIDENCE,2017,YEAR,764,COUNTRY,PUBLISHED,Malaria cases,Thailand,0.54912271100000,0.54912271100000,0.54912271100000
442CEA8MALARIA_EST_INCIDENCE,MALARIA_EST_INCIDENCE,442CEA8,MALARIA_EST_INCIDENCE,2017,YEAR,768,COUNTRY,PUBLISHED,Malaria cases,Togo,351.14722480000000,282.67137690000000,431.22428130000000
442CEA8MALARIA_EST_INCIDENCE,MALARIA_EST_INCIDENCE,442CEA8,MALARIA_EST_INCIDENCE,2017,YEAR,784,COUNTRY,PUBLISHED,Malaria cases,United Arab Emirates,0.00000000000000,0.00000000000000,0.00000000000000
442CEA8MALARIA_EST_INCIDENCE,MALARIA_EST_INCIDENCE,442CEA8,MALARIA_EST_INCIDENCE,2017,YEAR,792,COUNTRY,PUBLISHED,Malaria cases,Türkiye,0.00000000000000,0.00000000000000,0.00000000000000
442CEA8MALARIA_EST_INCIDENCE,MALARIA_EST_INCIDENCE,442CEA8,MALARIA_EST_INCIDENCE,2017,YEAR,795,COUNTRY,PUBLISHED,Malaria cases,Turkmenistan,0.00000000000000,0.00000000000000,0.00000000000000
442CEA8MALARIA_EST_INCIDENCE,MALARIA_EST_INCIDENCE,442CEA8,MALARIA_EST_INCIDENCE,2017,YEAR,800,COUNTRY,PUBLISHED,Malaria cases,Uganda,276.51167870000000,209.78789240000000,355.52389130000000
442CEA8MALARIA_EST_INCIDENCE,MALARIA_EST_INCIDENCE,442CEA8,MALARIA_EST_INCIDENCE,2017,YEAR,818,COUNTRY,PUBLISHED,Malaria cases,Egypt,0.00000000000000,0.00000000000000,0.00000000000000
442CEA8MALARIA_EST_INCIDENCE,MALARIA_EST_INCIDENCE,442CEA8,MALARIA_EST_INCIDENCE,2017,YEAR,834,COUNTRY,PUBLISHED,Malaria cases,United Republic of Tanzania,123.18382750000000,91.09410176000000,162.15150730000000
442CEA8MALARIA_EST_INCIDENCE,MALARIA_EST_INCIDENCE,442CEA8,MALARIA_EST_INCIDENCE,2017,YEAR,854,COUNTRY,PUBLISHED,Malaria cases,Burkina Faso,356.56172110000000,246.60156500000000,502.86100010000000
442CEA8MALARIA_EST_INCIDENCE,MALARIA_EST_INCIDENCE,442CEA8,MALARIA_EST_INCIDENCE,2022,YEAR,132,COUNTRY,PUBLISHED,Malaria cases,Cabo Verde,0.00000000000000,0.00000000000000,0.00000000000000
442CEA8MALARIA_EST_INCIDENCE,MALARIA_EST_INCIDENCE,442CEA8,MALARIA_EST_INCIDENCE,2022,YEAR,140,COUNTRY,PUBLISHED,Malaria cases,Central African Republic,354.50042650000000,169.75857780000000,661.86235530000000
442CEA8MALARIA_EST_INCIDENCE,MALARIA_EST_INCIDENCE,442CEA8,MALARIA_EST_INCIDENCE,2022,YEAR,144,COUNTRY,PUBLISHED,Malaria cases,Sri Lanka,0.00000000000000,0.00000000000000,0.00000000000000
442CEA8MALARIA_EST_INCIDENCE,MALARIA_EST_INCIDENCE,442CEA8,MALARIA_EST_INCIDENCE,2022,YEAR,148,COUNTRY,PUBLISHED,Malaria cases,Chad,209.09385400000000,123.95881020000000,330.32491130000000
442CEA8MALARIA_EST_INCIDENCE,MALARIA_EST_INCIDENCE,442CEA8,MALARIA_EST_INCIDENCE,2022,YEAR,156,COUNTRY,PUBLISHED,Malaria cases,China,0.00000000000000,0.00000000000000,0.00000000000000
442CEA8MALARIA_EST_INCIDENCE,MALARIA_EST_INCIDENCE,442CEA8,MALARIA_EST_INCIDENCE,2022,YEAR,170,COUNTRY,PUBLISHED,Malaria cases,Colombia,8.87748081200000,6.75345065900000,11.07607491000000
442CEA8MALARIA_EST_INCIDENCE,MALARIA_EST_INCIDENCE,442CEA8,MALARIA_EST_INCIDENCE,2022,YEAR,174,COUNTRY,PUBLISHED,Malaria cases,Comoros,24.78458093000000,24.78458093000000,24.78458093000000
442CEA8MALARIA_EST_INCIDENCE,MALARIA_EST_INCIDENCE,442CEA8,MALARIA_EST_INCIDENCE,2022,YEAR,175,OVERSEAS DEPARTMENT,PUBLISHED,Malaria cases,Mayotte,0.00000000000000,0.00000000000000,0.00000000000000
442CEA8MALARIA_EST_INCIDENCE,MALARIA_EST_INCIDENCE,442CEA8,MALARIA_EST_INCIDENCE,2022,YEAR,178,COUNTRY,PUBLISHED,Malaria cases,Congo,220.52014350000000,127.78539520000000,363.06017680000000
442CEA8MALARIA_EST_INCIDENCE,MALARIA_EST_INCIDENCE,442CEA8,MALARIA_EST_INCIDENCE,2022,YEAR,180,COUNTRY,PUBLISHED,Malaria cases,Democratic Republic of the Congo,327.94265940000000,247.45103880000000,422.28563810000000
442CEA8MALARIA_EST_INCIDENCE,MALARIA_EST_INCIDENCE,442CEA8,MALARIA_EST_INCIDENCE,2022,YEAR,188,COUNTRY,PUBLISHED,Malaria cases,Costa Rica,0.22826724400000,0.22826724400000,0.22826724400000
442CEA8MALARIA_EST_INCIDENCE,MALARIA_EST_INCIDENCE,442CEA8,MALARIA_EST_INCIDENCE,2022,YEAR,204,COUNTRY,PUBLISHED,Malaria cases,Benin,376.60111200000000,266.25025980000000,521.30342310000000
442CEA8MALARIA_EST_INCIDENCE,MALARIA_EST_INCIDENCE,442CEA8,MALARIA_EST_INCIDENCE,2022,YEAR,214,COUNTRY,PUBLISHED,Malaria cases,Dominican Republic,0.05172877600000,0.05172877600000,0.05172877600000
442CEA8MALARIA_EST_INCIDENCE,MALARIA_EST_INCIDENCE,442CEA8,MALARIA_EST_INCIDENCE,2022,YEAR,218,COUNTRY,PUBLISHED,Malaria cases,Ecuador,0.13345474900000,0.13345474900000,0.13345474900000
442CEA8MALARIA_EST_INCIDENCE,MALARIA_EST_INCIDENCE,442CEA8,MALARIA_EST_INCIDENCE,2022,YEAR,222,COUNTRY,PUBLISHED,Malaria cases,El Salvador,0.00000000000000,0.00000000000000,0.00000000000000
442CEA8MALARIA_EST_INCIDENCE,MALARIA_EST_INCIDENCE,442CEA8,MALARIA_EST_INCIDENCE,2022,YEAR,226,COUNTRY,PUBLISHED,Malaria cases,Equatorial Guinea,237.56435240000000,154.43052430000000,345.38116600000000
442CEA8MALARIA_EST_INCIDENCE,MALARIA_EST_INCIDENCE,442CEA8,MALARIA_EST_INCIDENCE,2022,YEAR,231,COUNTRY,PUBLISHED,Malaria cases,Ethiopia,59.88726611000000,33.23132840000000,89.39387915000000
442CEA8MALARIA_EST_INCIDENCE,MALARIA_EST_INCIDENCE,442CEA8,MALARIA_EST_INCIDENCE,2009,YEAR,558,COUNTRY,PUBLISHED,Malaria cases,Nicaragua,0.15508834400000,0.12896740900000,0.18341406500000
442CEA8MALARIA_EST_INCIDENCE,MALARIA_EST_INCIDENCE,442CEA8,MALARIA_EST_INCIDENCE,2009,YEAR,562,COUNTRY,PUBLISHED,Malaria cases,Niger,377.44616600000000,271.13353880000000,514.53428080000000
442CEA8MALARIA_EST_INCIDENCE,MALARIA_EST_INCIDENCE,442CEA8,MALARIA_EST_INCIDENCE,2009,YEAR,566,COUNTRY,PUBLISHED,Malaria cases,Nigeria,389.96037040000000,319.67473910000000,471.62001670000000
442CEA8MALARIA_EST_INCIDENCE,MALARIA_EST_INCIDENCE,442CEA8,MALARIA_EST_INCIDENCE,2009,YEAR,586,COUNTRY,PUBLISHED,Malaria cases,Pakistan,5.31515161700000,2.29724476700000,11.97090695000000
442CEA8MALARIA_EST_INCIDENCE,MALARIA_EST_INCIDENCE,442CEA8,MALARIA_EST_INCIDENCE,2009,YEAR,591,COUNTRY,PUBLISHED,Malaria cases,Panama,0.34294543700000,0.33038333300000,0.36597596000000
442CEA8MALARIA_EST_INCIDENCE,MALARIA_EST_INCIDENCE,442CEA8,MALARIA_EST_INCIDENCE,2009,YEAR,598,COUNTRY,PUBLISHED,Malaria cases,Papua New Guinea,211.08784010000000,80.70982299000000,368.75939890000000
442CEA8MALARIA_EST_INCIDENCE,MALARIA_EST_INCIDENCE,442CEA8,MALARIA_EST_INCIDENCE,2009,YEAR,600,COUNTRY,PUBLISHED,Malaria cases,Paraguay,0.39184185300000,0.39184185300000,0.39184185300000
442CEA8MALARIA_EST_INCIDENCE,MALARIA_EST_INCIDENCE,442CEA8,MALARIA_EST_INCIDENCE,2009,YEAR,604,COUNTRY,PUBLISHED,Malaria cases,Peru,4.58477902700000,3.93831725400000,5.28552728000000
442CEA8MALARIA_EST_INCIDENCE,MALARIA_EST_INCIDENCE,442CEA8,MALARIA_EST_INCIDENCE,2009,YEAR,608,COUNTRY,PUBLISHED,Malaria cases,Philippines,1.07383571600000,0.73056754700000,1.44996664700000
442CEA8MALARIA_EST_INCIDENCE,MALARIA_EST_INCIDENCE,442CEA8,MALARIA_EST_INCIDENCE,2009,YEAR,624,COUNTRY,PUBLISHED,Malaria cases,Guinea-Bissau,106.34266630000000,73.30872386000000,149.63148030000000
442CEA8MALARIA_EST_INCIDENCE,MALARIA_EST_INCIDENCE,442CEA8,MALARIA_EST_INCIDENCE,2009,YEAR,626,COUNTRY,PUBLISHED,Malaria cases,Timor-Leste,100.55091720000000,65.38797181000000,140.55399510000000
442CEA8MALARIA_EST_INCIDENCE,MALARIA_EST_INCIDENCE,442CEA8,MALARIA_EST_INCIDENCE,2009,YEAR,646,COUNTRY,PUBLISHED,Malaria cases,Rwanda,153.73695220000000,100.09062480000000,215.65899860000000
442CEA8MALARIA_EST_INCIDENCE,MALARIA_EST_INCIDENCE,442CEA8,MALARIA_EST_INCIDENCE,2009,YEAR,678,COUNTRY,PUBLISHED,Malaria cases,Sao Tome and Principe,34.75904258000000,34.75904258000000,34.75904258000000
442CEA8MALARIA_EST_INCIDENCE,MALARIA_EST_INCIDENCE,442CEA8,MALARIA_EST_INCIDENCE,2009,YEAR,682,COUNTRY,PUBLISHED,Malaria cases,Saudi Arabia,0.02233430400000,0.02233430400000,0.02233430400000
442CEA8MALARIA_EST_INCIDENCE,MALARIA_EST_INCIDENCE,442CEA8,MALARIA_EST_INCIDENCE,2022,YEAR,232,COUNTRY,PUBLISHED,Malaria cases,Eritrea,40.89284861000000,26.26540316000000,56.84008286000000
442CEA8MALARIA_EST_INCIDENCE,MALARIA_EST_INCIDENCE,442CEA8,MALARIA_EST_INCIDENCE,2022,YEAR,254,OVERSEAS DEPARTMENT,PUBLISHED,Malaria cases,French Guiana,0.12723725500000,0.12723725500000,0.12723725500000
442CEA8MALARIA_EST_INCIDENCE,MALARIA_EST_INCIDENCE,442CEA8,MALARIA_EST_INCIDENCE,2022,YEAR,262,COUNTRY,PUBLISHED,Malaria cases,Djibouti,47.66807782000000,47.66807782000000,47.66807782000000
442CEA8MALARIA_EST_INCIDENCE,MALARIA_EST_INCIDENCE,442CEA8,MALARIA_EST_INCIDENCE,2022,YEAR,266,COUNTRY,PUBLISHED,Malaria cases,Gabon,188.68397250000000,127.77611160000000,269.25044030000000
442CEA8MALARIA_EST_INCIDENCE,MALARIA_EST_INCIDENCE,442CEA8,MALARIA_EST_INCIDENCE,2022,YEAR,270,COUNTRY,PUBLISHED,Malaria cases,Gambia,95.51824978000000,74.30148077000000,119.15783230000000
442CEA8MALARIA_EST_INCIDENCE,MALARIA_EST_INCIDENCE,442CEA8,MALARIA_EST_INCIDENCE,2022,YEAR,288,COUNTRY,PUBLISHED,Malaria cases,Ghana,210.78629700000000,158.51264010000000,275.34225080000000
442CEA8MALARIA_EST_INCIDENCE,MALARIA_EST_INCIDENCE,442CEA8,MALARIA_EST_INCIDENCE,2022,YEAR,320,COUNTRY,PUBLISHED,Malaria cases,Guatemala,0.13774964400000,0.13774964400000,0.13774964400000
442CEA8MALARIA_EST_INCIDENCE,MALARIA_EST_INCIDENCE,442CEA8,MALARIA_EST_INCIDENCE,2022,YEAR,324,COUNTRY,PUBLISHED,Malaria cases,Guinea,285.69589890000000,214.23578800000000,374.08512100000000
442CEA8MALARIA_EST_INCIDENCE,MALARIA_EST_INCIDENCE,442CEA8,MALARIA_EST_INCIDENCE,2022,YEAR,328,COUNTRY,PUBLISHED,Malaria cases,Guyana,32.22590998000000,27.38435587000000,37.45699135000000
442CEA8MALARIA_EST_INCIDENCE,MALARIA_EST_INCIDENCE,442CEA8,MALARIA_EST_INCIDENCE,2022,YEAR,332,COUNTRY,PUBLISHED,Malaria cases,Haiti,2.55226172100000,1.67802378200000,3.53470150600000
442CEA8MALARIA_EST_INCIDENCE,MALARIA_EST_INCIDENCE,442CEA8,MALARIA_EST_INCIDENCE,2022,YEAR,340,COUNTRY,PUBLISHED,Malaria cases,Honduras,0.37285658900000,0.37285658900000,0.37285658900000
442CEA8MALARIA_EST_INCIDENCE,MALARIA_EST_INCIDENCE,442CEA8,MALARIA_EST_INCIDENCE,2022,YEAR,356,COUNTRY,PUBLISHED,Malaria cases,India,1.39785900200000,1.12172522000000,1.71382036800000
442CEA8MALARIA_EST_INCIDENCE,MALARIA_EST_INCIDENCE,442CEA8,MALARIA_EST_INCIDENCE,2022,YEAR,360,COUNTRY,PUBLISHED,Malaria cases,Indonesia,1.99058906500000,1.85776716700000,2.16155680400000
442CEA8MALARIA_EST_INCIDENCE,MALARIA_EST_INCIDENCE,442CEA8,MALARIA_EST_INCIDENCE,2022,YEAR,364,COUNTRY,PUBLISHED,Malaria cases,Iran (Islamic Republic of),1.57432590600000,1.57432590600000,1.57432590600000
442CEA8MALARIA_EST_INCIDENCE,MALARIA_EST_INCIDENCE,442CEA8,MALARIA_EST_INCIDENCE,2022,YEAR,368,COUNTRY,PUBLISHED,Malaria cases,Iraq,0.00000000000000,0.00000000000000,0.00000000000000
442CEA8MALARIA_EST_INCIDENCE,MALARIA_EST_INCIDENCE,442CEA8,MALARIA_EST_INCIDENCE,2022,YEAR,384,COUNTRY,PUBLISHED,Malaria cases,Côte d'Ivoire,280.86841380000000,204.83431860000000,375.64560530000000
442CEA8MALARIA_EST_INCIDENCE,MALARIA_EST_INCIDENCE,442CEA8,MALARIA_EST_INCIDENCE,2022,YEAR,404,COUNTRY,PUBLISHED,Malaria cases,Kenya,82.09391795000000,44.41943831000000,140.06072490000000
442CEA8MALARIA_EST_INCIDENCE,MALARIA_EST_INCIDENCE,442CEA8,MALARIA_EST_INCIDENCE,2022,YEAR,408,COUNTRY,PUBLISHED,Malaria cases,Democratic People's Republic of Korea,0.20752308100000,0.20752308100000,0.20752308100000
442CEA8MALARIA_EST_INCIDENCE,MALARIA_EST_INCIDENCE,442CEA8,MALARIA_EST_INCIDENCE,2022,YEAR,410,COUNTRY,PUBLISHED,Malaria cases,Republic of Korea,0.10538585200000,0.10538585200000,0.10538585200000
442CEA8MALARIA_EST_INCIDENCE,MALARIA_EST_INCIDENCE,442CEA8,MALARIA_EST_INCIDENCE,2022,YEAR,418,COUNTRY,PUBLISHED,Malaria cases,Lao People's Democratic Republic,0.94400953100000,0.68112080100000,1.25062830200000
442CEA8MALARIA_EST_INCIDENCE,MALARIA_EST_INCIDENCE,442CEA8,MALARIA_EST_INCIDENCE,2022,YEAR,430,COUNTRY,PUBLISHED,Malaria cases,Liberia,181.79090890000000,130.65580910000000,247.83640170000000
442CEA8MALARIA_EST_INCIDENCE,MALARIA_EST_INCIDENCE,442CEA8,MALARIA_EST_INCIDENCE,2022,YEAR,450,COUNTRY,PUBLISHED,Malaria cases,Madagascar,117.07712850000000,74.86885318000000,162.50303160000000
442CEA8MALARIA_EST_INCIDENCE,MALARIA_EST_INCIDENCE,442CEA8,MALARIA_EST_INCIDENCE,2022,YEAR,454,COUNTRY,PUBLISHED,Malaria cases,Malawi,285.50384840000000,200.36367340000000,395.09833450000000
442CEA8MALARIA_EST_INCIDENCE,MALARIA_EST_INCIDENCE,442CEA8,MALARIA_EST_INCIDENCE,2022,YEAR,458,COUNTRY,PUBLISHED,Malaria cases,Malaysia,0.00000000000000,0.00000000000000,0.00000000000000
442CEA8MALARIA_EST_INCIDENCE,MALARIA_EST_INCIDENCE,442CEA8,MALARIA_EST_INCIDENCE,2022,YEAR,466,COUNTRY,PUBLISHED,Malaria cases,Mali,346.21958430000000,243.89805560000000,492.23915450000000
442CEA8MALARIA_EST_INCIDENCE,MALARIA_EST_INCIDENCE,442CEA8,MALARIA_EST_INCIDENCE,2022,YEAR,478,COUNTRY,PUBLISHED,Malaria cases,Mauritania,57.54714717000000,25.41204360000000,107.97532710000000
442CEA8MALARIA_EST_INCIDENCE,MALARIA_EST_INCIDENCE,442CEA8,MALARIA_EST_INCIDENCE,2022,YEAR,484,COUNTRY,PUBLISHED,Malaria cases,Mexico,0.05868118400000,0.05868118400000,0.05868118400000
442CEA8MALARIA_EST_INCIDENCE,MALARIA_EST_INCIDENCE,442CEA8,MALARIA_EST_INCIDENCE,2022,YEAR,504,COUNTRY,PUBLISHED,Malaria cases,Morocco,0.00000000000000,0.00000000000000,0.00000000000000
442CEA8MALARIA_EST_INCIDENCE,MALARIA_EST_INCIDENCE,442CEA8,MALARIA_EST_INCIDENCE,2022,YEAR,508,COUNTRY,PUBLISHED,Malaria cases,Mozambique,304.50144210000000,244.41480050000000,374.70663730000000
442CEA8MALARIA_EST_INCIDENCE,MALARIA_EST_INCIDENCE,442CEA8,MALARIA_EST_INCIDENCE,2022,YEAR,512,COUNTRY,PUBLISHED,Malaria cases,Oman,0.00000000000000,0.00000000000000,0.00000000000000
442CEA8MALARIA_EST_INCIDENCE,MALARIA_EST_INCIDENCE,442CEA8,MALARIA_EST_INCIDENCE,2022,YEAR,516,COUNTRY,PUBLISHED,Malaria cases,Namibia,7.37813520600000,5.84260414200000,9.02965946700000
442CEA8MALARIA_EST_INCIDENCE,MALARIA_EST_INCIDENCE,442CEA8,MALARIA_EST_INCIDENCE,2022,YEAR,524,COUNTRY,PUBLISHED,Malaria cases,Nepal,0.00417159500000,0.00417159500000,0.00417159500000
442CEA8MALARIA_EST_INCIDENCE,MALARIA_EST_INCIDENCE,442CEA8,MALARIA_EST_INCIDENCE,2022,YEAR,548,COUNTRY,PUBLISHED,Malaria cases,Vanuatu,8.62493052100000,5.37293241200000,13.39747194000000
442CEA8MALARIA_EST_INCIDENCE,MALARIA_EST_INCIDENCE,442CEA8,MALARIA_EST_INCIDENCE,2022,YEAR,558,COUNTRY,PUBLISHED,Malaria cases,Nicaragua,3.44421511100000,2.86612302100000,4.06858040100000
442CEA8MALARIA_EST_INCIDENCE,MALARIA_EST_INCIDENCE,442CEA8,MALARIA_EST_INCIDENCE,2022,YEAR,562,COUNTRY,PUBLISHED,Malaria cases,Niger,305.14363840000000,177.36787500000000,490.04966250000000
442CEA8MALARIA_EST_INCIDENCE,MALARIA_EST_INCIDENCE,442CEA8,MALARIA_EST_INCIDENCE,2022,YEAR,566,COUNTRY,PUBLISHED,Malaria cases,Nigeria,298.99760080000000,215.47839760000000,402.84616370000000
442CEA8MALARIA_EST_INCIDENCE,MALARIA_EST_INCIDENCE,442CEA8,MALARIA_EST_INCIDENCE,2022,YEAR,586,COUNTRY,PUBLISHED,Malaria cases,Pakistan,11.08382768000000,8.73496682100000,14.89704113000000
442CEA8MALARIA_EST_INCIDENCE,MALARIA_EST_INCIDENCE,442CEA8,MALARIA_EST_INCIDENCE,2022,YEAR,591,COUNTRY,PUBLISHED,Malaria cases,Panama,1.60962273600000,1.60962273600000,1.60962273600000
442CEA8MALARIA_EST_INCIDENCE,MALARIA_EST_INCIDENCE,442CEA8,MALARIA_EST_INCIDENCE,2022,YEAR,598,COUNTRY,PUBLISHED,Malaria cases,Papua New Guinea,162.69768740000000,112.56773750000000,215.83663120000000
442CEA8MALARIA_EST_INCIDENCE,MALARIA_EST_INCIDENCE,442CEA8,MALARIA_EST_INCIDENCE,2022,YEAR,600,COUNTRY,PUBLISHED,Malaria cases,Paraguay,0.00000000000000,0.00000000000000,0.00000000000000
442CEA8MALARIA_EST_INCIDENCE,MALARIA_EST_INCIDENCE,442CEA8,MALARIA_EST_INCIDENCE,2022,YEAR,604,COUNTRY,PUBLISHED,Malaria cases,Peru,2.71832281200000,2.22705859900000,3.22913590300000
442CEA8MALARIA_EST_INCIDENCE,MALARIA_EST_INCIDENCE,442CEA8,MALARIA_EST_INCIDENCE,2022,YEAR,608,COUNTRY,PUBLISHED,Malaria cases,Philippines,0.12336842200000,0.08655292700000,0.16505099900000
442CEA8MALARIA_EST_INCIDENCE,MALARIA_EST_INCIDENCE,442CEA8,MALARIA_EST_INCIDENCE,2022,YEAR,624,COUNTRY,PUBLISHED,Malaria cases,Guinea-Bissau,97.61157410000000,30.45142100000000,231.97859070000000
442CEA8MALARIA_EST_INCIDENCE,MALARIA_EST_INCIDENCE,442CEA8,MALARIA_EST_INCIDENCE,2022,YEAR,626,COUNTRY,PUBLISHED,Malaria cases,Timor-Leste,0.00000000000000,0.00000000000000,0.00000000000000
442CEA8MALARIA_EST_INCIDENCE,MALARIA_EST_INCIDENCE,442CEA8,MALARIA_EST_INCIDENCE,2022,YEAR,646,COUNTRY,PUBLISHED,Malaria cases,Rwanda,85.57229747000000,66.53803779000000,105.58518480000000
442CEA8MALARIA_EST_INCIDENCE,MALARIA_EST_INCIDENCE,442CEA8,MALARIA_EST_INCIDENCE,2022,YEAR,678,COUNTRY,PUBLISHED,Malaria cases,Sao Tome and Principe,17.54269680000000,17.54269680000000,17.54269680000000
442CEA8MALARIA_EST_INCIDENCE,MALARIA_EST_INCIDENCE,442CEA8,MALARIA_EST_INCIDENCE,2022,YEAR,682,COUNTRY,PUBLISHED,Malaria cases,Saudi Arabia,0.00000000000000,0.00000000000000,0.00000000000000
442CEA8MALARIA_EST_INCIDENCE,MALARIA_EST_INCIDENCE,442CEA8,MALARIA_EST_INCIDENCE,2022,YEAR,686,COUNTRY,PUBLISHED,Malaria cases,Senegal,38.09999862000000,30.08006638000000,46.81492709000000
442CEA8MALARIA_EST_INCIDENCE,MALARIA_EST_INCIDENCE,442CEA8,MALARIA_EST_INCIDENCE,2022,YEAR,694,COUNTRY,PUBLISHED,Malaria cases,Sierra Leone,298.19002640000000,171.89131590000000,481.70507740000000
442CEA8MALARIA_EST_INCIDENCE,MALARIA_EST_INCIDENCE,442CEA8,MALARIA_EST_INCIDENCE,2022,YEAR,704,COUNTRY,PUBLISHED,Malaria cases,Viet Nam,0.00560822400000,0.00560822400000,0.00560822400000
442CEA8MALARIA_EST_INCIDENCE,MALARIA_EST_INCIDENCE,442CEA8,MALARIA_EST_INCIDENCE,2022,YEAR,706,COUNTRY,PUBLISHED,Malaria cases,Somalia,54.67293738000000,30.97143804000000,90.15120411000000
442CEA8MALARIA_EST_INCIDENCE,MALARIA_EST_INCIDENCE,442CEA8,MALARIA_EST_INCIDENCE,2022,YEAR,710,COUNTRY,PUBLISHED,Malaria cases,South Africa,0.32751716500000,0.32751716500000,0.32751716500000
442CEA8MALARIA_EST_INCIDENCE,MALARIA_EST_INCIDENCE,442CEA8,MALARIA_EST_INCIDENCE,2022,YEAR,716,COUNTRY,PUBLISHED,Malaria cases,Zimbabwe,28.90136636000000,17.37074701000000,41.30337737000000
442CEA8MALARIA_EST_INCIDENCE,MALARIA_EST_INCIDENCE,442CEA8,MALARIA_EST_INCIDENCE,2022,YEAR,728,COUNTRY,PUBLISHED,Malaria cases,South Sudan,274.78371870000000,177.22787000000000,408.65033970000000
442CEA8MALARIA_EST_INCIDENCE,MALARIA_EST_INCIDENCE,442CEA8,MALARIA_EST_INCIDENCE,2022,YEAR,729,COUNTRY,PUBLISHED,Malaria cases,Sudan,72.02381694000000,41.24812627000000,117.43209020000000
442CEA8MALARIA_EST_INCIDENCE,MALARIA_EST_INCIDENCE,442CEA8,MALARIA_EST_INCIDENCE,2022,YEAR,740,COUNTRY,PUBLISHED,Malaria cases,Suriname,0.00000000000000,0.00000000000000,0.00000000000000
442CEA8MALARIA_EST_INCIDENCE,MALARIA_EST_INCIDENCE,442CEA8,MALARIA_EST_INCIDENCE,2009,YEAR,686,COUNTRY,PUBLISHED,Malaria cases,Senegal,32.88483487000000,22.44800338000000,44.74458696000000
442CEA8MALARIA_EST_INCIDENCE,MALARIA_EST_INCIDENCE,442CEA8,MALARIA_EST_INCIDENCE,2009,YEAR,694,COUNTRY,PUBLISHED,Malaria cases,Sierra Leone,445.03707780000000,344.09197630000000,561.84088370000000
442CEA8MALARIA_EST_INCIDENCE,MALARIA_EST_INCIDENCE,442CEA8,MALARIA_EST_INCIDENCE,2009,YEAR,704,COUNTRY,PUBLISHED,Malaria cases,Viet Nam,0.35864675100000,0.32272400900000,0.41205299200000
442CEA8MALARIA_EST_INCIDENCE,MALARIA_EST_INCIDENCE,442CEA8,MALARIA_EST_INCIDENCE,2009,YEAR,706,COUNTRY,PUBLISHED,Malaria cases,Somalia,38.09675968000000,26.88551927000000,52.68639621000000
442CEA8MALARIA_EST_INCIDENCE,MALARIA_EST_INCIDENCE,442CEA8,MALARIA_EST_INCIDENCE,2009,YEAR,710,COUNTRY,PUBLISHED,Malaria cases,South Africa,1.17382078100000,1.17382078100000,1.17382078100000
442CEA8MALARIA_EST_INCIDENCE,MALARIA_EST_INCIDENCE,442CEA8,MALARIA_EST_INCIDENCE,2009,YEAR,716,COUNTRY,PUBLISHED,Malaria cases,Zimbabwe,73.81939894000000,28.79357902000000,130.19448180000000
442CEA8MALARIA_EST_INCIDENCE,MALARIA_EST_INCIDENCE,442CEA8,MALARIA_EST_INCIDENCE,2009,YEAR,728,COUNTRY,PUBLISHED,Malaria cases,South Sudan,271.11546680000000,219.29595060000000,330.79793370000000
442CEA8MALARIA_EST_INCIDENCE,MALARIA_EST_INCIDENCE,442CEA8,MALARIA_EST_INCIDENCE,2009,YEAR,729,COUNTRY,PUBLISHED,Malaria cases,Sudan,34.30455489000000,26.51821010000000,43.90656390000000
442CEA8MALARIA_EST_INCIDENCE,MALARIA_EST_INCIDENCE,442CEA8,MALARIA_EST_INCIDENCE,2009,YEAR,740,COUNTRY,PUBLISHED,Malaria cases,Suriname,31.12699915000000,31.12699915000000,31.12699915000000
442CEA8MALARIA_EST_INCIDENCE,MALARIA_EST_INCIDENCE,442CEA8,MALARIA_EST_INCIDENCE,2009,YEAR,748,COUNTRY,PUBLISHED,Malaria cases,Eswatini,0.34255207800000,0.34255207800000,0.34255207800000
442CEA8MALARIA_EST_INCIDENCE,MALARIA_EST_INCIDENCE,442CEA8,MALARIA_EST_INCIDENCE,2009,YEAR,760,COUNTRY,PUBLISHED,Malaria cases,Syrian Arab Republic,0.00000000000000,0.00000000000000,0.00000000000000
442CEA8MALARIA_EST_INCIDENCE,MALARIA_EST_INCIDENCE,442CEA8,MALARIA_EST_INCIDENCE,2009,YEAR,762,COUNTRY,PUBLISHED,Malaria cases,Tajikistan,0.06555447900000,0.06555447900000,0.06555447900000
442CEA8MALARIA_EST_INCIDENCE,MALARIA_EST_INCIDENCE,442CEA8,MALARIA_EST_INCIDENCE,2009,YEAR,764,COUNTRY,PUBLISHED,Malaria cases,Thailand,2.27916639800000,2.27916639800000,2.27916639800000
442CEA8MALARIA_EST_INCIDENCE,MALARIA_EST_INCIDENCE,442CEA8,MALARIA_EST_INCIDENCE,2011,YEAR,004,COUNTRY,PUBLISHED,Malaria cases,Afghanistan,15.99025859000000,8.82426215100000,25.21942864000000
442CEA8MALARIA_EST_INCIDENCE,MALARIA_EST_INCIDENCE,442CEA8,MALARIA_EST_INCIDENCE,2022,YEAR,748,COUNTRY,PUBLISHED,Malaria cases,Eswatini,0.62702170500000,0.62702170500000,0.62702170500000
442CEA8MALARIA_EST_INCIDENCE,MALARIA_EST_INCIDENCE,442CEA8,MALARIA_EST_INCIDENCE,2024,YEAR,706,COUNTRY,PUBLISHED,Malaria cases,Somalia,53.27749777000000,28.53836423000000,92.16872705000000
442CEA8MALARIA_EST_INCIDENCE,MALARIA_EST_INCIDENCE,442CEA8,MALARIA_EST_INCIDENCE,2024,YEAR,710,COUNTRY,PUBLISHED,Malaria cases,South Africa,0.11483086700000,0.11483086700000,0.11483086700000
442CEA8MALARIA_EST_INCIDENCE,MALARIA_EST_INCIDENCE,442CEA8,MALARIA_EST_INCIDENCE,2024,YEAR,716,COUNTRY,PUBLISHED,Malaria cases,Zimbabwe,11.36272542000000,6.82778347600000,16.36238798000000
442CEA8MALARIA_EST_INCIDENCE,MALARIA_EST_INCIDENCE,442CEA8,MALARIA_EST_INCIDENCE,2024,YEAR,728,COUNTRY,PUBLISHED,Malaria cases,South Sudan,254.07814920000000,152.96948120000000,390.42697030000000
442CEA8MALARIA_EST_INCIDENCE,MALARIA_EST_INCIDENCE,442CEA8,MALARIA_EST_INCIDENCE,2024,YEAR,729,COUNTRY,PUBLISHED,Malaria cases,Sudan,98.25173410000000,56.37278325000000,159.66654430000000
442CEA8MALARIA_EST_INCIDENCE,MALARIA_EST_INCIDENCE,442CEA8,MALARIA_EST_INCIDENCE,2024,YEAR,740,COUNTRY,PUBLISHED,Malaria cases,Suriname,0.00000000000000,0.00000000000000,0.00000000000000
442CEA8MALARIA_EST_INCIDENCE,MALARIA_EST_INCIDENCE,442CEA8,MALARIA_EST_INCIDENCE,2024,YEAR,748,COUNTRY,PUBLISHED,Malaria cases,Eswatini,0.55461363800000,0.55461363800000,0.55461363800000
442CEA8MALARIA_EST_INCIDENCE,MALARIA_EST_INCIDENCE,442CEA8,MALARIA_EST_INCIDENCE,2024,YEAR,760,COUNTRY,PUBLISHED,Malaria cases,Syrian Arab Republic,0.00000000000000,0.00000000000000,0.00000000000000
442CEA8MALARIA_EST_INCIDENCE,MALARIA_EST_INCIDENCE,442CEA8,MALARIA_EST_INCIDENCE,2024,YEAR,762,COUNTRY,PUBLISHED,Malaria cases,Tajikistan,0.00000000000000,0.00000000000000,0.00000000000000
442CEA8MALARIA_EST_INCIDENCE,MALARIA_EST_INCIDENCE,442CEA8,MALARIA_EST_INCIDENCE,2024,YEAR,764,COUNTRY,PUBLISHED,Malaria cases,Thailand,0.57927659000000,0.57927659000000,0.57927659000000
442CEA8MALARIA_EST_INCIDENCE,MALARIA_EST_INCIDENCE,442CEA8,MALARIA_EST_INCIDENCE,2024,YEAR,768,COUNTRY,PUBLISHED,Malaria cases,Togo,249.25217300000000,166.33771530000000,356.95560590000000
442CEA8MALARIA_EST_INCIDENCE,MALARIA_EST_INCIDENCE,442CEA8,MALARIA_EST_INCIDENCE,2024,YEAR,784,COUNTRY,PUBLISHED,Malaria cases,United Arab Emirates,0.00000000000000,0.00000000000000,0.00000000000000
442CEA8MALARIA_EST_INCIDENCE,MALARIA_EST_INCIDENCE,442CEA8,MALARIA_EST_INCIDENCE,2024,YEAR,795,COUNTRY,PUBLISHED,Malaria cases,Turkmenistan,0.00000000000000,0.00000000000000,0.00000000000000
442CEA8MALARIA_EST_INCIDENCE,MALARIA_EST_INCIDENCE,442CEA8,MALARIA_EST_INCIDENCE,2011,YEAR,012,COUNTRY,PUBLISHED,Malaria cases,Algeria,0.00046131800000,0.00046131800000,0.00046131800000
442CEA8MALARIA_EST_INCIDENCE,MALARIA_EST_INCIDENCE,442CEA8,MALARIA_EST_INCIDENCE,2011,YEAR,024,COUNTRY,PUBLISHED,Malaria cases,Angola,157.06263400000000,117.60563400000000,205.06350020000000
442CEA8MALARIA_EST_INCIDENCE,MALARIA_EST_INCIDENCE,442CEA8,MALARIA_EST_INCIDENCE,2011,YEAR,031,COUNTRY,PUBLISHED,Malaria cases,Azerbaijan,0.01878895800000,0.01878895800000,0.01878895800000
442CEA8MALARIA_EST_INCIDENCE,MALARIA_EST_INCIDENCE,442CEA8,MALARIA_EST_INCIDENCE,2011,YEAR,032,COUNTRY,PUBLISHED,Malaria cases,Argentina,0.00000000000000,0.00000000000000,0.00000000000000
442CEA8MALARIA_EST_INCIDENCE,MALARIA_EST_INCIDENCE,442CEA8,MALARIA_EST_INCIDENCE,2011,YEAR,050,COUNTRY,PUBLISHED,Malaria cases,Bangladesh,3.83215879100000,3.27991608500000,4.41400720700000
442CEA8MALARIA_EST_INCIDENCE,MALARIA_EST_INCIDENCE,442CEA8,MALARIA_EST_INCIDENCE,2011,YEAR,051,COUNTRY,PUBLISHED,Malaria cases,Armenia,0.00000000000000,0.00000000000000,0.00000000000000
442CEA8MALARIA_EST_INCIDENCE,MALARIA_EST_INCIDENCE,442CEA8,MALARIA_EST_INCIDENCE,2011,YEAR,064,COUNTRY,PUBLISHED,Malaria cases,Bhutan,0.36956745400000,0.36956745400000,0.36956745400000
442CEA8MALARIA_EST_INCIDENCE,MALARIA_EST_INCIDENCE,442CEA8,MALARIA_EST_INCIDENCE,2011,YEAR,068,COUNTRY,PUBLISHED,Malaria cases,Bolivia (Plurinational State of),2.06176871600000,1.61107097400000,2.52992653000000
442CEA8MALARIA_EST_INCIDENCE,MALARIA_EST_INCIDENCE,442CEA8,MALARIA_EST_INCIDENCE,2011,YEAR,072,COUNTRY,PUBLISHED,Malaria cases,Botswana,0.49610427200000,0.38117102400000,0.68305265600000
442CEA8MALARIA_EST_INCIDENCE,MALARIA_EST_INCIDENCE,442CEA8,MALARIA_EST_INCIDENCE,2011,YEAR,076,COUNTRY,PUBLISHED,Malaria cases,Brazil,7.16457951600000,6.88319046900000,7.65132299800000
442CEA8MALARIA_EST_INCIDENCE,MALARIA_EST_INCIDENCE,442CEA8,MALARIA_EST_INCIDENCE,2011,YEAR,084,COUNTRY,PUBLISHED,Malaria cases,Belize,0.31881683500000,0.31881683500000,0.31881683500000
442CEA8MALARIA_EST_INCIDENCE,MALARIA_EST_INCIDENCE,442CEA8,MALARIA_EST_INCIDENCE,2011,YEAR,090,COUNTRY,PUBLISHED,Malaria cases,Solomon Islands,114.49448770000000,80.06074002000000,165.79989590000000
442CEA8MALARIA_EST_INCIDENCE,MALARIA_EST_INCIDENCE,442CEA8,MALARIA_EST_INCIDENCE,2011,YEAR,104,COUNTRY,PUBLISHED,Malaria cases,Myanmar,30.81042165000000,23.77379514000000,41.15440741000000
442CEA8MALARIA_EST_INCIDENCE,MALARIA_EST_INCIDENCE,442CEA8,MALARIA_EST_INCIDENCE,2011,YEAR,108,COUNTRY,PUBLISHED,Malaria cases,Burundi,245.35011300000000,184.30840240000000,318.67962660000000
442CEA8MALARIA_EST_INCIDENCE,MALARIA_EST_INCIDENCE,442CEA8,MALARIA_EST_INCIDENCE,2024,YEAR,800,COUNTRY,PUBLISHED,Malaria cases,Uganda,264.23182430000000,154.16850330000000,426.63939270000000
442CEA8MALARIA_EST_INCIDENCE,MALARIA_EST_INCIDENCE,442CEA8,MALARIA_EST_INCIDENCE,2024,YEAR,818,COUNTRY,PUBLISHED,Malaria cases,Egypt,0.00000000000000,0.00000000000000,0.00000000000000
442CEA8MALARIA_EST_INCIDENCE,MALARIA_EST_INCIDENCE,442CEA8,MALARIA_EST_INCIDENCE,2024,YEAR,834,COUNTRY,PUBLISHED,Malaria cases,United Republic of Tanzania,136.72505150000000,97.06692146000000,188.53834490000000
442CEA8MALARIA_EST_INCIDENCE,MALARIA_EST_INCIDENCE,442CEA8,MALARIA_EST_INCIDENCE,2024,YEAR,854,COUNTRY,PUBLISHED,Malaria cases,Burkina Faso,353.48886650000000,233.87419260000000,512.04826110000000
442CEA8MALARIA_EST_INCIDENCE,MALARIA_EST_INCIDENCE,442CEA8,MALARIA_EST_INCIDENCE,2024,YEAR,860,COUNTRY,PUBLISHED,Malaria cases,Uzbekistan,0.00000000000000,0.00000000000000,0.00000000000000
442CEA8MALARIA_EST_INCIDENCE,MALARIA_EST_INCIDENCE,442CEA8,MALARIA_EST_INCIDENCE,2024,YEAR,862,COUNTRY,PUBLISHED,Malaria cases,Venezuela (Bolivarian Republic of),7.78812810500000,6.90392917000000,8.99849754700000
442CEA8MALARIA_EST_INCIDENCE,MALARIA_EST_INCIDENCE,442CEA8,MALARIA_EST_INCIDENCE,2024,YEAR,887,COUNTRY,PUBLISHED,Malaria cases,Yemen,52.16923015000000,32.46164997000000,80.87241164000000
442CEA8MALARIA_EST_INCIDENCE,MALARIA_EST_INCIDENCE,442CEA8,MALARIA_EST_INCIDENCE,2024,YEAR,894,COUNTRY,PUBLISHED,Malaria cases,Zambia,252.41033820000000,203.30121970000000,312.09791900000000
442CEA8MALARIA_EST_INCIDENCE,MALARIA_EST_INCIDENCE,442CEA8,MALARIA_EST_INCIDENCE,2024,YEAR,953,WHOREGION,PUBLISHED,Malaria cases,Africa,237.61409170000000,213.76952910000000,266.08007610000000
442CEA8MALARIA_EST_INCIDENCE,MALARIA_EST_INCIDENCE,442CEA8,MALARIA_EST_INCIDENCE,2024,YEAR,954,WHOREGION,PUBLISHED,Malaria cases,Americas,4.26222004500000,3.83711457200000,4.75034686200000
442CEA8MALARIA_EST_INCIDENCE,MALARIA_EST_INCIDENCE,442CEA8,MALARIA_EST_INCIDENCE,2024,YEAR,955,WHOREGION,PUBLISHED,Malaria cases,South-East Asia,1.87333036900000,1.44395738300000,3.51095742800000
442CEA8MALARIA_EST_INCIDENCE,MALARIA_EST_INCIDENCE,442CEA8,MALARIA_EST_INCIDENCE,2024,YEAR,956,WHOREGION,PUBLISHED,Malaria cases,Europe,0.00000000000000,0.00000000000000,0.00000000000000
442CEA8MALARIA_EST_INCIDENCE,MALARIA_EST_INCIDENCE,442CEA8,MALARIA_EST_INCIDENCE,2024,YEAR,957,WHOREGION,PUBLISHED,Malaria cases,Eastern Mediterranean,19.07666106000000,14.94448588000000,24.95675867000000
442CEA8MALARIA_EST_INCIDENCE,MALARIA_EST_INCIDENCE,442CEA8,MALARIA_EST_INCIDENCE,2024,YEAR,958,WHOREGION,PUBLISHED,Malaria cases,Western Pacific,2.32655389500000,1.85461150600000,2.83381663500000
442CEA8MALARIA_EST_INCIDENCE,MALARIA_EST_INCIDENCE,442CEA8,MALARIA_EST_INCIDENCE,2011,YEAR,116,COUNTRY,PUBLISHED,Malaria cases,Cambodia,35.14043916000000,30.56604082000000,40.63713547000000
442CEA8MALARIA_EST_INCIDENCE,MALARIA_EST_INCIDENCE,442CEA8,MALARIA_EST_INCIDENCE,2011,YEAR,120,COUNTRY,PUBLISHED,Malaria cases,Cameroon,266.59846880000000,202.72756890000000,342.41759820000000
442CEA8MALARIA_EST_INCIDENCE,MALARIA_EST_INCIDENCE,442CEA8,MALARIA_EST_INCIDENCE,2011,YEAR,132,COUNTRY,PUBLISHED,Malaria cases,Cabo Verde,0.05264107800000,0.05264107800000,0.05264107800000
442CEA8MALARIA_EST_INCIDENCE,MALARIA_EST_INCIDENCE,442CEA8,MALARIA_EST_INCIDENCE,2011,YEAR,140,COUNTRY,PUBLISHED,Malaria cases,Central African Republic,443.03761140000000,276.84958620000000,681.17528380000000
442CEA8MALARIA_EST_INCIDENCE,MALARIA_EST_INCIDENCE,442CEA8,MALARIA_EST_INCIDENCE,2011,YEAR,144,COUNTRY,PUBLISHED,Malaria cases,Sri Lanka,0.02566182100000,0.02566182100000,0.02566182100000
442CEA8MALARIA_EST_INCIDENCE,MALARIA_EST_INCIDENCE,442CEA8,MALARIA_EST_INCIDENCE,2011,YEAR,148,COUNTRY,PUBLISHED,Malaria cases,Chad,228.36304940000000,180.78217780000000,285.14627320000000
442CEA8MALARIA_EST_INCIDENCE,MALARIA_EST_INCIDENCE,442CEA8,MALARIA_EST_INCIDENCE,2011,YEAR,156,COUNTRY,PUBLISHED,Malaria cases,China,0.00229923800000,0.00229923800000,0.00229923800000
442CEA8MALARIA_EST_INCIDENCE,MALARIA_EST_INCIDENCE,442CEA8,MALARIA_EST_INCIDENCE,2011,YEAR,170,COUNTRY,PUBLISHED,Malaria cases,Colombia,8.99498753700000,6.84347843400000,11.23970749000000
442CEA8MALARIA_EST_INCIDENCE,MALARIA_EST_INCIDENCE,442CEA8,MALARIA_EST_INCIDENCE,2011,YEAR,174,COUNTRY,PUBLISHED,Malaria cases,Comoros,37.20646173000000,37.20646173000000,37.20646173000000
442CEA8MALARIA_EST_INCIDENCE,MALARIA_EST_INCIDENCE,442CEA8,MALARIA_EST_INCIDENCE,2011,YEAR,175,OVERSEAS DEPARTMENT,PUBLISHED,Malaria cases,Mayotte,1.06712197200000,1.06712197200000,1.06712197200000
442CEA8MALARIA_EST_INCIDENCE,MALARIA_EST_INCIDENCE,442CEA8,MALARIA_EST_INCIDENCE,2011,YEAR,178,COUNTRY,PUBLISHED,Malaria cases,Congo,215.67820550000000,137.69434460000000,319.30215890000000
442CEA8MALARIA_EST_INCIDENCE,MALARIA_EST_INCIDENCE,442CEA8,MALARIA_EST_INCIDENCE,2011,YEAR,180,COUNTRY,PUBLISHED,Malaria cases,Democratic Republic of the Congo,360.23286100000000,287.83698330000000,447.17531940000000
442CEA8MALARIA_EST_INCIDENCE,MALARIA_EST_INCIDENCE,442CEA8,MALARIA_EST_INCIDENCE,2011,YEAR,188,COUNTRY,PUBLISHED,Malaria cases,Costa Rica,0.00619793300000,0.00619793300000,0.00619793300000
442CEA8MALARIA_EST_INCIDENCE,MALARIA_EST_INCIDENCE,442CEA8,MALARIA_EST_INCIDENCE,2011,YEAR,204,COUNTRY,PUBLISHED,Malaria cases,Benin,382.98914080000000,301.86702290000000,480.18379530000000
442CEA8MALARIA_EST_INCIDENCE,MALARIA_EST_INCIDENCE,442CEA8,MALARIA_EST_INCIDENCE,2010,YEAR,954,WHOREGION,PUBLISHED,Malaria cases,Americas,6.05139010700000,5.49913103500000,6.66842718700000
442CEA8MALARIA_EST_INCIDENCE,MALARIA_EST_INCIDENCE,442CEA8,MALARIA_EST_INCIDENCE,2010,YEAR,955,WHOREGION,PUBLISHED,Malaria cases,South-East Asia,13.48164383000000,10.78732152000000,17.03473353000000
442CEA8MALARIA_EST_INCIDENCE,MALARIA_EST_INCIDENCE,442CEA8,MALARIA_EST_INCIDENCE,2010,YEAR,956,WHOREGION,PUBLISHED,Malaria cases,Europe,0.00521643200000,0.00521643200000,0.00521643200000
442CEA8MALARIA_EST_INCIDENCE,MALARIA_EST_INCIDENCE,442CEA8,MALARIA_EST_INCIDENCE,2010,YEAR,957,WHOREGION,PUBLISHED,Malaria cases,Eastern Mediterranean,10.17321956000000,7.73541981700000,14.54320342000000
442CEA8MALARIA_EST_INCIDENCE,MALARIA_EST_INCIDENCE,442CEA8,MALARIA_EST_INCIDENCE,2010,YEAR,958,WHOREGION,PUBLISHED,Malaria cases,Western Pacific,3.82696843300000,3.08075981800000,4.74016560500000
442CEA8MALARIA_EST_INCIDENCE,MALARIA_EST_INCIDENCE,442CEA8,MALARIA_EST_INCIDENCE,2011,YEAR,001,GLOBAL,PUBLISHED,Malaria cases,World,65.07389664000000,60.33797037000000,70.98804392000000
442CEA8MALARIA_EST_INCIDENCE,MALARIA_EST_INCIDENCE,442CEA8,MALARIA_EST_INCIDENCE,2012,YEAR,768,COUNTRY,PUBLISHED,Malaria cases,Togo,336.20697910000000,266.71990410000000,418.39511070000000
442CEA8MALARIA_EST_INCIDENCE,MALARIA_EST_INCIDENCE,442CEA8,MALARIA_EST_INCIDENCE,2012,YEAR,784,COUNTRY,PUBLISHED,Malaria cases,United Arab Emirates,0.00000000000000,0.00000000000000,0.00000000000000
442CEA8MALARIA_EST_INCIDENCE,MALARIA_EST_INCIDENCE,442CEA8,MALARIA_EST_INCIDENCE,2012,YEAR,792,COUNTRY,PUBLISHED,Malaria cases,Türkiye,0.00000000000000,0.00000000000000,0.00000000000000
442CEA8MALARIA_EST_INCIDENCE,MALARIA_EST_INCIDENCE,442CEA8,MALARIA_EST_INCIDENCE,2012,YEAR,795,COUNTRY,PUBLISHED,Malaria cases,Turkmenistan,0.00000000000000,0.00000000000000,0.00000000000000
442CEA8MALARIA_EST_INCIDENCE,MALARIA_EST_INCIDENCE,442CEA8,MALARIA_EST_INCIDENCE,2012,YEAR,800,COUNTRY,PUBLISHED,Malaria cases,Uganda,349.79422020000000,277.81028250000000,434.96408600000000
442CEA8MALARIA_EST_INCIDENCE,MALARIA_EST_INCIDENCE,442CEA8,MALARIA_EST_INCIDENCE,2012,YEAR,818,COUNTRY,PUBLISHED,Malaria cases,Egypt,0.00000000000000,0.00000000000000,0.00000000000000
442CEA8MALARIA_EST_INCIDENCE,MALARIA_EST_INCIDENCE,442CEA8,MALARIA_EST_INCIDENCE,2012,YEAR,834,COUNTRY,PUBLISHED,Malaria cases,United Republic of Tanzania,121.44757510000000,89.98237387000000,160.25190740000000
442CEA8MALARIA_EST_INCIDENCE,MALARIA_EST_INCIDENCE,442CEA8,MALARIA_EST_INCIDENCE,2012,YEAR,854,COUNTRY,PUBLISHED,Malaria cases,Burkina Faso,533.39016520000000,429.78848570000000,654.15615430000000
442CEA8MALARIA_EST_INCIDENCE,MALARIA_EST_INCIDENCE,442CEA8,MALARIA_EST_INCIDENCE,2011,YEAR,214,COUNTRY,PUBLISHED,Malaria cases,Dominican Republic,0.38114382200000,0.31177856700000,0.45598528100000
442CEA8MALARIA_EST_INCIDENCE,MALARIA_EST_INCIDENCE,442CEA8,MALARIA_EST_INCIDENCE,2011,YEAR,218,COUNTRY,PUBLISHED,Malaria cases,Ecuador,0.14035092600000,0.14035092600000,0.14035092600000
442CEA8MALARIA_EST_INCIDENCE,MALARIA_EST_INCIDENCE,442CEA8,MALARIA_EST_INCIDENCE,2011,YEAR,222,COUNTRY,PUBLISHED,Malaria cases,El Salvador,0.00566207900000,0.00566207900000,0.00566207900000
442CEA8MALARIA_EST_INCIDENCE,MALARIA_EST_INCIDENCE,442CEA8,MALARIA_EST_INCIDENCE,2011,YEAR,226,COUNTRY,PUBLISHED,Malaria cases,Equatorial Guinea,290.82688120000000,202.91310840000000,403.05974630000000
442CEA8MALARIA_EST_INCIDENCE,MALARIA_EST_INCIDENCE,442CEA8,MALARIA_EST_INCIDENCE,2011,YEAR,231,COUNTRY,PUBLISHED,Malaria cases,Ethiopia,143.69509990000000,57.57346562000000,375.28730710000000
442CEA8MALARIA_EST_INCIDENCE,MALARIA_EST_INCIDENCE,442CEA8,MALARIA_EST_INCIDENCE,2011,YEAR,232,COUNTRY,PUBLISHED,Malaria cases,Eritrea,25.57224732000000,16.41158785000000,35.51160836000000
442CEA8MALARIA_EST_INCIDENCE,MALARIA_EST_INCIDENCE,442CEA8,MALARIA_EST_INCIDENCE,2011,YEAR,254,OVERSEAS DEPARTMENT,PUBLISHED,Malaria cases,French Guiana,10.66246104000000,9.52301899300000,12.34521321000000
442CEA8MALARIA_EST_INCIDENCE,MALARIA_EST_INCIDENCE,442CEA8,MALARIA_EST_INCIDENCE,2011,YEAR,262,COUNTRY,PUBLISHED,Malaria cases,Djibouti,3.07166323900000,2.36735967700000,3.77737259600000
442CEA8MALARIA_EST_INCIDENCE,MALARIA_EST_INCIDENCE,442CEA8,MALARIA_EST_INCIDENCE,2011,YEAR,266,COUNTRY,PUBLISHED,Malaria cases,Gabon,195.40074430000000,95.28496047000000,358.71075440000000
442CEA8MALARIA_EST_INCIDENCE,MALARIA_EST_INCIDENCE,442CEA8,MALARIA_EST_INCIDENCE,2011,YEAR,268,COUNTRY,PUBLISHED,Malaria cases,Georgia,0.00000000000000,0.00000000000000,0.00000000000000
442CEA8MALARIA_EST_INCIDENCE,MALARIA_EST_INCIDENCE,442CEA8,MALARIA_EST_INCIDENCE,2011,YEAR,270,COUNTRY,PUBLISHED,Malaria cases,Gambia,238.87390910000000,193.28289690000000,289.92610330000000
442CEA8MALARIA_EST_INCIDENCE,MALARIA_EST_INCIDENCE,442CEA8,MALARIA_EST_INCIDENCE,2011,YEAR,288,COUNTRY,PUBLISHED,Malaria cases,Ghana,375.14052450000000,307.29531650000000,453.86171820000000
442CEA8MALARIA_EST_INCIDENCE,MALARIA_EST_INCIDENCE,442CEA8,MALARIA_EST_INCIDENCE,2011,YEAR,320,COUNTRY,PUBLISHED,Malaria cases,Guatemala,0.71353918200000,0.63679431800000,0.82378044800000
442CEA8MALARIA_EST_INCIDENCE,MALARIA_EST_INCIDENCE,442CEA8,MALARIA_EST_INCIDENCE,2011,YEAR,324,COUNTRY,PUBLISHED,Malaria cases,Guinea,428.78122060000000,351.15150550000000,516.52550110000000
442CEA8MALARIA_EST_INCIDENCE,MALARIA_EST_INCIDENCE,442CEA8,MALARIA_EST_INCIDENCE,2012,YEAR,860,COUNTRY,PUBLISHED,Malaria cases,Uzbekistan,0.00000000000000,0.00000000000000,0.00000000000000
442CEA8MALARIA_EST_INCIDENCE,MALARIA_EST_INCIDENCE,442CEA8,MALARIA_EST_INCIDENCE,2012,YEAR,862,COUNTRY,PUBLISHED,Malaria cases,Venezuela (Bolivarian Republic of),4.18612466600000,3.72404405400000,4.83111898900000
442CEA8MALARIA_EST_INCIDENCE,MALARIA_EST_INCIDENCE,442CEA8,MALARIA_EST_INCIDENCE,2012,YEAR,887,COUNTRY,PUBLISHED,Malaria cases,Yemen,47.04440713000000,31.38633201000000,71.03750856000000
442CEA8MALARIA_EST_INCIDENCE,MALARIA_EST_INCIDENCE,442CEA8,MALARIA_EST_INCIDENCE,2012,YEAR,894,COUNTRY,PUBLISHED,Malaria cases,Zambia,206.15465220000000,159.89480660000000,259.27351590000000
442CEA8MALARIA_EST_INCIDENCE,MALARIA_EST_INCIDENCE,442CEA8,MALARIA_EST_INCIDENCE,2012,YEAR,953,WHOREGION,PUBLISHED,Malaria cases,Africa,263.14500730000000,242.96929290000000,288.01774490000000
442CEA8MALARIA_EST_INCIDENCE,MALARIA_EST_INCIDENCE,442CEA8,MALARIA_EST_INCIDENCE,2012,YEAR,954,WHOREGION,PUBLISHED,Malaria cases,Americas,4.22466665800000,3.93085659800000,4.57639669900000
442CEA8MALARIA_EST_INCIDENCE,MALARIA_EST_INCIDENCE,442CEA8,MALARIA_EST_INCIDENCE,2012,YEAR,955,WHOREGION,PUBLISHED,Malaria cases,South-East Asia,8.93981943200000,7.33734464300000,11.01736530000000
442CEA8MALARIA_EST_INCIDENCE,MALARIA_EST_INCIDENCE,442CEA8,MALARIA_EST_INCIDENCE,2012,YEAR,956,WHOREGION,PUBLISHED,Malaria cases,Europe,0.00094232700000,0.00094232700000,0.00094232700000
442CEA8MALARIA_EST_INCIDENCE,MALARIA_EST_INCIDENCE,442CEA8,MALARIA_EST_INCIDENCE,2012,YEAR,957,WHOREGION,PUBLISHED,Malaria cases,Eastern Mediterranean,9.37696428600000,7.18480397100000,13.26971963000000
442CEA8MALARIA_EST_INCIDENCE,MALARIA_EST_INCIDENCE,442CEA8,MALARIA_EST_INCIDENCE,2012,YEAR,958,WHOREGION,PUBLISHED,Malaria cases,Western Pacific,3.57671397200000,2.70413731100000,4.97976512400000
442CEA8MALARIA_EST_INCIDENCE,MALARIA_EST_INCIDENCE,442CEA8,MALARIA_EST_INCIDENCE,2013,YEAR,001,GLOBAL,PUBLISHED,Malaria cases,World,60.36362955000000,56.31898718000000,65.32688309000000
442CEA8MALARIA_EST_INCIDENCE,MALARIA_EST_INCIDENCE,442CEA8,MALARIA_EST_INCIDENCE,2013,YEAR,004,COUNTRY,PUBLISHED,Malaria cases,Afghanistan,11.45327126000000,5.86116653200000,18.28055387000000
442CEA8MALARIA_EST_INCIDENCE,MALARIA_EST_INCIDENCE,442CEA8,MALARIA_EST_INCIDENCE,2013,YEAR,012,COUNTRY,PUBLISHED,Malaria cases,Algeria,0.00354539500000,0.00354539500000,0.00354539500000
442CEA8MALARIA_EST_INCIDENCE,MALARIA_EST_INCIDENCE,442CEA8,MALARIA_EST_INCIDENCE,2013,YEAR,024,COUNTRY,PUBLISHED,Malaria cases,Angola,158.10384010000000,115.84603770000000,211.63369340000000
442CEA8MALARIA_EST_INCIDENCE,MALARIA_EST_INCIDENCE,442CEA8,MALARIA_EST_INCIDENCE,2011,YEAR,328,COUNTRY,PUBLISHED,Malaria cases,Guyana,52.08449205000000,42.85042746000000,61.90885113000000
442CEA8MALARIA_EST_INCIDENCE,MALARIA_EST_INCIDENCE,442CEA8,MALARIA_EST_INCIDENCE,2013,YEAR,156,COUNTRY,PUBLISHED,Malaria cases,China,0.00014391500000,0.00014391500000,0.00014391500000
442CEA8MALARIA_EST_INCIDENCE,MALARIA_EST_INCIDENCE,442CEA8,MALARIA_EST_INCIDENCE,2013,YEAR,170,COUNTRY,PUBLISHED,Malaria cases,Colombia,7.08059770800000,5.37773235900000,8.83641388200000
442CEA8MALARIA_EST_INCIDENCE,MALARIA_EST_INCIDENCE,442CEA8,MALARIA_EST_INCIDENCE,2013,YEAR,174,COUNTRY,PUBLISHED,Malaria cases,Comoros,76.35250046000000,76.35250046000000,76.35250046000000
442CEA8MALARIA_EST_INCIDENCE,MALARIA_EST_INCIDENCE,442CEA8,MALARIA_EST_INCIDENCE,2013,YEAR,175,OVERSEAS DEPARTMENT,PUBLISHED,Malaria cases,Mayotte,0.02005736400000,0.02005736400000,0.02005736400000
442CEA8MALARIA_EST_INCIDENCE,MALARIA_EST_INCIDENCE,442CEA8,MALARIA_EST_INCIDENCE,2013,YEAR,178,COUNTRY,PUBLISHED,Malaria cases,Congo,218.19011720000000,138.12357950000000,325.41092430000000
442CEA8MALARIA_EST_INCIDENCE,MALARIA_EST_INCIDENCE,442CEA8,MALARIA_EST_INCIDENCE,2013,YEAR,180,COUNTRY,PUBLISHED,Malaria cases,Democratic Republic of the Congo,310.48584040000000,244.54881620000000,388.05342920000000
442CEA8MALARIA_EST_INCIDENCE,MALARIA_EST_INCIDENCE,442CEA8,MALARIA_EST_INCIDENCE,2013,YEAR,188,COUNTRY,PUBLISHED,Malaria cases,Costa Rica,0.00000000000000,0.00000000000000,0.00000000000000
442CEA8MALARIA_EST_INCIDENCE,MALARIA_EST_INCIDENCE,442CEA8,MALARIA_EST_INCIDENCE,2013,YEAR,204,COUNTRY,PUBLISHED,Malaria cases,Benin,362.13899310000000,279.10485200000000,462.22106790000000
442CEA8MALARIA_EST_INCIDENCE,MALARIA_EST_INCIDENCE,442CEA8,MALARIA_EST_INCIDENCE,2013,YEAR,214,COUNTRY,PUBLISHED,Malaria cases,Dominican Republic,0.10917252200000,0.08869154300000,0.13090016900000
442CEA8MALARIA_EST_INCIDENCE,MALARIA_EST_INCIDENCE,442CEA8,MALARIA_EST_INCIDENCE,2013,YEAR,218,COUNTRY,PUBLISHED,Malaria cases,Ecuador,0.04108106200000,0.04108106200000,0.04108106200000
442CEA8MALARIA_EST_INCIDENCE,MALARIA_EST_INCIDENCE,442CEA8,MALARIA_EST_INCIDENCE,2013,YEAR,222,COUNTRY,PUBLISHED,Malaria cases,El Salvador,0.00481469800000,0.00481469800000,0.00481469800000
442CEA8MALARIA_EST_INCIDENCE,MALARIA_EST_INCIDENCE,442CEA8,MALARIA_EST_INCIDENCE,2013,YEAR,226,COUNTRY,PUBLISHED,Malaria cases,Equatorial Guinea,333.65695600000000,234.78617500000000,459.06820070000000
442CEA8MALARIA_EST_INCIDENCE,MALARIA_EST_INCIDENCE,442CEA8,MALARIA_EST_INCIDENCE,2013,YEAR,231,COUNTRY,PUBLISHED,Malaria cases,Ethiopia,184.09590320000000,100.80998930000000,340.34437700000000
442CEA8MALARIA_EST_INCIDENCE,MALARIA_EST_INCIDENCE,442CEA8,MALARIA_EST_INCIDENCE,2013,YEAR,232,COUNTRY,PUBLISHED,Malaria cases,Eritrea,16.03878531000000,10.22316027000000,22.68295678000000
442CEA8MALARIA_EST_INCIDENCE,MALARIA_EST_INCIDENCE,442CEA8,MALARIA_EST_INCIDENCE,2013,YEAR,254,OVERSEAS DEPARTMENT,PUBLISHED,Malaria cases,French Guiana,7.31552389900000,6.50903199600000,8.49332324600000
442CEA8MALARIA_EST_INCIDENCE,MALARIA_EST_INCIDENCE,442CEA8,MALARIA_EST_INCIDENCE,2013,YEAR,262,COUNTRY,PUBLISHED,Malaria cases,Djibouti,2.28017748600000,2.28017748600000,2.28017748600000
442CEA8MALARIA_EST_INCIDENCE,MALARIA_EST_INCIDENCE,442CEA8,MALARIA_EST_INCIDENCE,2013,YEAR,266,COUNTRY,PUBLISHED,Malaria cases,Gabon,199.18528350000000,108.42002700000000,336.79061220000000
442CEA8MALARIA_EST_INCIDENCE,MALARIA_EST_INCIDENCE,442CEA8,MALARIA_EST_INCIDENCE,2013,YEAR,268,COUNTRY,PUBLISHED,Malaria cases,Georgia,0.00000000000000,0.00000000000000,0.00000000000000
442CEA8MALARIA_EST_INCIDENCE,MALARIA_EST_INCIDENCE,442CEA8,MALARIA_EST_INCIDENCE,2013,YEAR,270,COUNTRY,PUBLISHED,Malaria cases,Gambia,204.11879540000000,160.59701430000000,252.92756890000000
442CEA8MALARIA_EST_INCIDENCE,MALARIA_EST_INCIDENCE,442CEA8,MALARIA_EST_INCIDENCE,2013,YEAR,288,COUNTRY,PUBLISHED,Malaria cases,Ghana,344.33074890000000,280.48844930000000,420.26362140000000
442CEA8MALARIA_EST_INCIDENCE,MALARIA_EST_INCIDENCE,442CEA8,MALARIA_EST_INCIDENCE,2013,YEAR,320,COUNTRY,PUBLISHED,Malaria cases,Guatemala,0.62696880100000,0.55801127200000,0.72752226900000
442CEA8MALARIA_EST_INCIDENCE,MALARIA_EST_INCIDENCE,442CEA8,MALARIA_EST_INCIDENCE,2013,YEAR,324,COUNTRY,PUBLISHED,Malaria cases,Guinea,413.73244670000000,329.92106640000000,514.72411500000000
442CEA8MALARIA_EST_INCIDENCE,MALARIA_EST_INCIDENCE,442CEA8,MALARIA_EST_INCIDENCE,2013,YEAR,328,COUNTRY,PUBLISHED,Malaria cases,Guyana,76.60985492000000,57.08216837000000,105.48137990000000
442CEA8MALARIA_EST_INCIDENCE,MALARIA_EST_INCIDENCE,442CEA8,MALARIA_EST_INCIDENCE,2013,YEAR,332,COUNTRY,PUBLISHED,Malaria cases,Haiti,6.84900233400000,4.18006653600000,10.58965573000000
442CEA8MALARIA_EST_INCIDENCE,MALARIA_EST_INCIDENCE,442CEA8,MALARIA_EST_INCIDENCE,2013,YEAR,340,COUNTRY,PUBLISHED,Malaria cases,Honduras,0.90338847700000,0.70554714600000,1.10992340100000
442CEA8MALARIA_EST_INCIDENCE,MALARIA_EST_INCIDENCE,442CEA8,MALARIA_EST_INCIDENCE,2013,YEAR,356,COUNTRY,PUBLISHED,Malaria cases,India,6.25563555700000,4.96124256700000,7.72537431100000
442CEA8MALARIA_EST_INCIDENCE,MALARIA_EST_INCIDENCE,442CEA8,MALARIA_EST_INCIDENCE,2013,YEAR,360,COUNTRY,PUBLISHED,Malaria cases,Indonesia,5.97821871300000,5.39201545200000,6.66664758700000
442CEA8MALARIA_EST_INCIDENCE,MALARIA_EST_INCIDENCE,442CEA8,MALARIA_EST_INCIDENCE,2013,YEAR,031,COUNTRY,PUBLISHED,Malaria cases,Azerbaijan,0.00000000000000,0.00000000000000,0.00000000000000
442CEA8MALARIA_EST_INCIDENCE,MALARIA_EST_INCIDENCE,442CEA8,MALARIA_EST_INCIDENCE,2013,YEAR,032,COUNTRY,PUBLISHED,Malaria cases,Argentina,0.00000000000000,0.00000000000000,0.00000000000000
442CEA8MALARIA_EST_INCIDENCE,MALARIA_EST_INCIDENCE,442CEA8,MALARIA_EST_INCIDENCE,2013,YEAR,050,COUNTRY,PUBLISHED,Malaria cases,Bangladesh,1.87284644700000,1.66323750100000,2.10652544800000
442CEA8MALARIA_EST_INCIDENCE,MALARIA_EST_INCIDENCE,442CEA8,MALARIA_EST_INCIDENCE,2013,YEAR,051,COUNTRY,PUBLISHED,Malaria cases,Armenia,0.00000000000000,0.00000000000000,0.00000000000000
442CEA8MALARIA_EST_INCIDENCE,MALARIA_EST_INCIDENCE,442CEA8,MALARIA_EST_INCIDENCE,2013,YEAR,064,COUNTRY,PUBLISHED,Malaria cases,Bhutan,0.02794847000000,0.02794847000000,0.02794847000000
442CEA8MALARIA_EST_INCIDENCE,MALARIA_EST_INCIDENCE,442CEA8,MALARIA_EST_INCIDENCE,2013,YEAR,068,COUNTRY,PUBLISHED,Malaria cases,Bolivia (Plurinational State of),2.25034035700000,1.70704286800000,2.84047695000000
442CEA8MALARIA_EST_INCIDENCE,MALARIA_EST_INCIDENCE,442CEA8,MALARIA_EST_INCIDENCE,2013,YEAR,072,COUNTRY,PUBLISHED,Malaria cases,Botswana,0.51084074500000,0.39810347700000,0.68558351000000
442CEA8MALARIA_EST_INCIDENCE,MALARIA_EST_INCIDENCE,442CEA8,MALARIA_EST_INCIDENCE,2013,YEAR,076,COUNTRY,PUBLISHED,Malaria cases,Brazil,4.90627035300000,4.38306229700000,5.30640902900000
442CEA8MALARIA_EST_INCIDENCE,MALARIA_EST_INCIDENCE,442CEA8,MALARIA_EST_INCIDENCE,2013,YEAR,084,COUNTRY,PUBLISHED,Malaria cases,Belize,0.08484570800000,0.08484570800000,0.08484570800000
442CEA8MALARIA_EST_INCIDENCE,MALARIA_EST_INCIDENCE,442CEA8,MALARIA_EST_INCIDENCE,2013,YEAR,090,COUNTRY,PUBLISHED,Malaria cases,Solomon Islands,91.15357516000000,68.53508943000000,126.39555510000000
442CEA8MALARIA_EST_INCIDENCE,MALARIA_EST_INCIDENCE,442CEA8,MALARIA_EST_INCIDENCE,2013,YEAR,104,COUNTRY,PUBLISHED,Malaria cases,Myanmar,13.97168601000000,10.39856360000000,19.32748470000000
442CEA8MALARIA_EST_INCIDENCE,MALARIA_EST_INCIDENCE,442CEA8,MALARIA_EST_INCIDENCE,2013,YEAR,108,COUNTRY,PUBLISHED,Malaria cases,Burundi,234.95968140000000,173.98910280000000,309.54285420000000
442CEA8MALARIA_EST_INCIDENCE,MALARIA_EST_INCIDENCE,442CEA8,MALARIA_EST_INCIDENCE,2013,YEAR,116,COUNTRY,PUBLISHED,Malaria cases,Cambodia,15.64196735000000,13.55750836000000,18.20784684000000
442CEA8MALARIA_EST_INCIDENCE,MALARIA_EST_INCIDENCE,442CEA8,MALARIA_EST_INCIDENCE,2013,YEAR,120,COUNTRY,PUBLISHED,Malaria cases,Cameroon,271.09681650000000,190.22990250000000,371.77800730000000
442CEA8MALARIA_EST_INCIDENCE,MALARIA_EST_INCIDENCE,442CEA8,MALARIA_EST_INCIDENCE,2013,YEAR,132,COUNTRY,PUBLISHED,Malaria cases,Cabo Verde,0.16519244900000,0.16519244900000,0.16519244900000
442CEA8MALARIA_EST_INCIDENCE,MALARIA_EST_INCIDENCE,442CEA8,MALARIA_EST_INCIDENCE,2013,YEAR,140,COUNTRY,PUBLISHED,Malaria cases,Central African Republic,427.31881810000000,252.60565130000000,675.47913060000000
442CEA8MALARIA_EST_INCIDENCE,MALARIA_EST_INCIDENCE,442CEA8,MALARIA_EST_INCIDENCE,2013,YEAR,144,COUNTRY,PUBLISHED,Malaria cases,Sri Lanka,0.00000000000000,0.00000000000000,0.00000000000000
442CEA8MALARIA_EST_INCIDENCE,MALARIA_EST_INCIDENCE,442CEA8,MALARIA_EST_INCIDENCE,2013,YEAR,148,COUNTRY,PUBLISHED,Malaria cases,Chad,208.02106940000000,137.55767780000000,299.72842620000000
442CEA8MALARIA_EST_INCIDENCE,MALARIA_EST_INCIDENCE,442CEA8,MALARIA_EST_INCIDENCE,2017,YEAR,064,COUNTRY,PUBLISHED,Malaria cases,Bhutan,0.01970595100000,0.01970595100000,0.01970595100000
442CEA8MALARIA_EST_INCIDENCE,MALARIA_EST_INCIDENCE,442CEA8,MALARIA_EST_INCIDENCE,2017,YEAR,068,COUNTRY,PUBLISHED,Malaria cases,Bolivia (Plurinational State of),1.20368414800000,0.94020458600000,1.47725755900000
442CEA8MALARIA_EST_INCIDENCE,MALARIA_EST_INCIDENCE,442CEA8,MALARIA_EST_INCIDENCE,2017,YEAR,072,COUNTRY,PUBLISHED,Malaria cases,Botswana,1.95500819500000,1.50583208600000,2.67101830100000
442CEA8MALARIA_EST_INCIDENCE,MALARIA_EST_INCIDENCE,442CEA8,MALARIA_EST_INCIDENCE,2017,YEAR,076,COUNTRY,PUBLISHED,Malaria cases,Brazil,5.31618502100000,4.75691147000000,5.75365555300000
442CEA8MALARIA_EST_INCIDENCE,MALARIA_EST_INCIDENCE,442CEA8,MALARIA_EST_INCIDENCE,2017,YEAR,084,COUNTRY,PUBLISHED,Malaria cases,Belize,0.02718351600000,0.02718351600000,0.02718351600000
442CEA8MALARIA_EST_INCIDENCE,MALARIA_EST_INCIDENCE,442CEA8,MALARIA_EST_INCIDENCE,2017,YEAR,090,COUNTRY,PUBLISHED,Malaria cases,Solomon Islands,156.79847500000000,121.01356190000000,213.51651560000000
442CEA8MALARIA_EST_INCIDENCE,MALARIA_EST_INCIDENCE,442CEA8,MALARIA_EST_INCIDENCE,2017,YEAR,104,COUNTRY,PUBLISHED,Malaria cases,Myanmar,2.67077895800000,2.16380371400000,3.20234702100000
442CEA8MALARIA_EST_INCIDENCE,MALARIA_EST_INCIDENCE,442CEA8,MALARIA_EST_INCIDENCE,2017,YEAR,108,COUNTRY,PUBLISHED,Malaria cases,Burundi,346.28855620000000,281.92859120000000,421.17051910000000
442CEA8MALARIA_EST_INCIDENCE,MALARIA_EST_INCIDENCE,442CEA8,MALARIA_EST_INCIDENCE,2017,YEAR,116,COUNTRY,PUBLISHED,Malaria cases,Cambodia,17.72691511000000,15.26842026000000,20.75389152000000
442CEA8MALARIA_EST_INCIDENCE,MALARIA_EST_INCIDENCE,442CEA8,MALARIA_EST_INCIDENCE,2017,YEAR,120,COUNTRY,PUBLISHED,Malaria cases,Cameroon,258.98455530000000,194.64093150000000,336.74228460000000
442CEA8MALARIA_EST_INCIDENCE,MALARIA_EST_INCIDENCE,442CEA8,MALARIA_EST_INCIDENCE,2017,YEAR,132,COUNTRY,PUBLISHED,Malaria cases,Cabo Verde,3.17205591200000,3.17205591200000,3.17205591200000
442CEA8MALARIA_EST_INCIDENCE,MALARIA_EST_INCIDENCE,442CEA8,MALARIA_EST_INCIDENCE,2017,YEAR,140,COUNTRY,PUBLISHED,Malaria cases,Central African Republic,387.44114440000000,207.40416210000000,658.18491040000000
442CEA8MALARIA_EST_INCIDENCE,MALARIA_EST_INCIDENCE,442CEA8,MALARIA_EST_INCIDENCE,2017,YEAR,144,COUNTRY,PUBLISHED,Malaria cases,Sri Lanka,0.00000000000000,0.00000000000000,0.00000000000000
442CEA8MALARIA_EST_INCIDENCE,MALARIA_EST_INCIDENCE,442CEA8,MALARIA_EST_INCIDENCE,2017,YEAR,148,COUNTRY,PUBLISHED,Malaria cases,Chad,217.08532960000000,135.27449490000000,336.61864890000000
442CEA8MALARIA_EST_INCIDENCE,MALARIA_EST_INCIDENCE,442CEA8,MALARIA_EST_INCIDENCE,2017,YEAR,156,COUNTRY,PUBLISHED,Malaria cases,China,0.00000000000000,0.00000000000000,0.00000000000000
442CEA8MALARIA_EST_INCIDENCE,MALARIA_EST_INCIDENCE,442CEA8,MALARIA_EST_INCIDENCE,2017,YEAR,170,COUNTRY,PUBLISHED,Malaria cases,Colombia,7.59806523000000,5.65704077400000,9.77287685100000
442CEA8MALARIA_EST_INCIDENCE,MALARIA_EST_INCIDENCE,442CEA8,MALARIA_EST_INCIDENCE,2017,YEAR,174,COUNTRY,PUBLISHED,Malaria cases,Comoros,5.14888280100000,5.14888280100000,5.14888280100000
442CEA8MALARIA_EST_INCIDENCE,MALARIA_EST_INCIDENCE,442CEA8,MALARIA_EST_INCIDENCE,2017,YEAR,175,OVERSEAS DEPARTMENT,PUBLISHED,Malaria cases,Mayotte,0.15427866200000,0.15427866200000,0.15427866200000
442CEA8MALARIA_EST_INCIDENCE,MALARIA_EST_INCIDENCE,442CEA8,MALARIA_EST_INCIDENCE,2017,YEAR,178,COUNTRY,PUBLISHED,Malaria cases,Congo,235.89560930000000,149.08360310000000,362.81508770000000
442CEA8MALARIA_EST_INCIDENCE,MALARIA_EST_INCIDENCE,442CEA8,MALARIA_EST_INCIDENCE,2017,YEAR,180,COUNTRY,PUBLISHED,Malaria cases,Democratic Republic of the Congo,324.06940530000000,248.65148260000000,412.35347010000000
442CEA8MALARIA_EST_INCIDENCE,MALARIA_EST_INCIDENCE,442CEA8,MALARIA_EST_INCIDENCE,2017,YEAR,188,COUNTRY,PUBLISHED,Malaria cases,Costa Rica,0.00697832200000,0.00697832200000,0.00697832200000
442CEA8MALARIA_EST_INCIDENCE,MALARIA_EST_INCIDENCE,442CEA8,MALARIA_EST_INCIDENCE,2017,YEAR,204,COUNTRY,PUBLISHED,Malaria cases,Benin,415.73841050000000,336.59134970000000,510.34748970000000
442CEA8MALARIA_EST_INCIDENCE,MALARIA_EST_INCIDENCE,442CEA8,MALARIA_EST_INCIDENCE,2017,YEAR,214,COUNTRY,PUBLISHED,Malaria cases,Dominican Republic,0.06978117600000,0.06059048500000,0.07965266000000
442CEA8MALARIA_EST_INCIDENCE,MALARIA_EST_INCIDENCE,442CEA8,MALARIA_EST_INCIDENCE,2017,YEAR,218,COUNTRY,PUBLISHED,Malaria cases,Ecuador,0.13424417200000,0.13424417200000,0.13424417200000
442CEA8MALARIA_EST_INCIDENCE,MALARIA_EST_INCIDENCE,442CEA8,MALARIA_EST_INCIDENCE,2017,YEAR,222,COUNTRY,PUBLISHED,Malaria cases,El Salvador,0.00000000000000,0.00000000000000,0.00000000000000
442CEA8MALARIA_EST_INCIDENCE,MALARIA_EST_INCIDENCE,442CEA8,MALARIA_EST_INCIDENCE,2017,YEAR,226,COUNTRY,PUBLISHED,Malaria cases,Equatorial Guinea,291.23237080000000,190.91815770000000,426.01094790000000
442CEA8MALARIA_EST_INCIDENCE,MALARIA_EST_INCIDENCE,442CEA8,MALARIA_EST_INCIDENCE,2017,YEAR,231,COUNTRY,PUBLISHED,Malaria cases,Ethiopia,70.71058376000000,33.35468763000000,122.34712230000000
442CEA8MALARIA_EST_INCIDENCE,MALARIA_EST_INCIDENCE,442CEA8,MALARIA_EST_INCIDENCE,2017,YEAR,232,COUNTRY,PUBLISHED,Malaria cases,Eritrea,36.79848601000000,23.51739348000000,50.98045549000000
442CEA8MALARIA_EST_INCIDENCE,MALARIA_EST_INCIDENCE,442CEA8,MALARIA_EST_INCIDENCE,2017,YEAR,254,OVERSEAS DEPARTMENT,PUBLISHED,Malaria cases,French Guiana,4.48342442000000,3.97944824400000,5.15102922400000
442CEA8MALARIA_EST_INCIDENCE,MALARIA_EST_INCIDENCE,442CEA8,MALARIA_EST_INCIDENCE,2017,YEAR,262,COUNTRY,PUBLISHED,Malaria cases,Djibouti,18.72207017000000,18.72207017000000,18.72207017000000
442CEA8MALARIA_EST_INCIDENCE,MALARIA_EST_INCIDENCE,442CEA8,MALARIA_EST_INCIDENCE,2017,YEAR,266,COUNTRY,PUBLISHED,Malaria cases,Gabon,184.65900130000000,114.33755620000000,284.61332240000000
442CEA8MALARIA_EST_INCIDENCE,MALARIA_EST_INCIDENCE,442CEA8,MALARIA_EST_INCIDENCE,2017,YEAR,268,COUNTRY,PUBLISHED,Malaria cases,Georgia,0.00000000000000,0.00000000000000,0.00000000000000
442CEA8MALARIA_EST_INCIDENCE,MALARIA_EST_INCIDENCE,442CEA8,MALARIA_EST_INCIDENCE,2017,YEAR,270,COUNTRY,PUBLISHED,Malaria cases,Gambia,63.21308827000000,47.24979496000000,80.74040993000000
442CEA8MALARIA_EST_INCIDENCE,MALARIA_EST_INCIDENCE,442CEA8,MALARIA_EST_INCIDENCE,2017,YEAR,288,COUNTRY,PUBLISHED,Malaria cases,Ghana,226.18528160000000,173.18523870000000,290.20466680000000
442CEA8MALARIA_EST_INCIDENCE,MALARIA_EST_INCIDENCE,442CEA8,MALARIA_EST_INCIDENCE,2017,YEAR,320,COUNTRY,PUBLISHED,Malaria cases,Guatemala,0.38610288700000,0.34348685000000,0.44423419800000
442CEA8MALARIA_EST_INCIDENCE,MALARIA_EST_INCIDENCE,442CEA8,MALARIA_EST_INCIDENCE,2017,YEAR,324,COUNTRY,PUBLISHED,Malaria cases,Guinea,358.47733250000000,259.24175900000000,482.02833210000000
442CEA8MALARIA_EST_INCIDENCE,MALARIA_EST_INCIDENCE,442CEA8,MALARIA_EST_INCIDENCE,2017,YEAR,328,COUNTRY,PUBLISHED,Malaria cases,Guyana,32.74914832000000,24.59920778000000,44.83687236000000
442CEA8MALARIA_EST_INCIDENCE,MALARIA_EST_INCIDENCE,442CEA8,MALARIA_EST_INCIDENCE,2017,YEAR,332,COUNTRY,PUBLISHED,Malaria cases,Haiti,3.42707663700000,2.27764483800000,4.62637756400000
442CEA8MALARIA_EST_INCIDENCE,MALARIA_EST_INCIDENCE,442CEA8,MALARIA_EST_INCIDENCE,2013,YEAR,364,COUNTRY,PUBLISHED,Malaria cases,Iran (Islamic Republic of),0.58462936300000,0.58462936300000,0.58462936300000
442CEA8MALARIA_EST_INCIDENCE,MALARIA_EST_INCIDENCE,442CEA8,MALARIA_EST_INCIDENCE,2013,YEAR,368,COUNTRY,PUBLISHED,Malaria cases,Iraq,0.00000000000000,0.00000000000000,0.00000000000000
442CEA8MALARIA_EST_INCIDENCE,MALARIA_EST_INCIDENCE,442CEA8,MALARIA_EST_INCIDENCE,2013,YEAR,384,COUNTRY,PUBLISHED,Malaria cases,Côte d'Ivoire,287.38657740000000,216.49232290000000,374.67747710000000
442CEA8MALARIA_EST_INCIDENCE,MALARIA_EST_INCIDENCE,442CEA8,MALARIA_EST_INCIDENCE,2013,YEAR,398,COUNTRY,PUBLISHED,Malaria cases,Kazakhstan,0.00000000000000,0.00000000000000,0.00000000000000
442CEA8MALARIA_EST_INCIDENCE,MALARIA_EST_INCIDENCE,442CEA8,MALARIA_EST_INCIDENCE,2013,YEAR,404,COUNTRY,PUBLISHED,Malaria cases,Kenya,85.44030370000000,63.88103041000000,111.59232690000000
442CEA8MALARIA_EST_INCIDENCE,MALARIA_EST_INCIDENCE,442CEA8,MALARIA_EST_INCIDENCE,2013,YEAR,408,COUNTRY,PUBLISHED,Malaria cases,Democratic People's Republic of Korea,1.45493875800000,1.45493875800000,1.45493875800000
442CEA8MALARIA_EST_INCIDENCE,MALARIA_EST_INCIDENCE,442CEA8,MALARIA_EST_INCIDENCE,2013,YEAR,410,COUNTRY,PUBLISHED,Malaria cases,Republic of Korea,0.10927306000000,0.10927306000000,0.10927306000000
442CEA8MALARIA_EST_INCIDENCE,MALARIA_EST_INCIDENCE,442CEA8,MALARIA_EST_INCIDENCE,2013,YEAR,417,COUNTRY,PUBLISHED,Malaria cases,Kyrgyzstan,0.00000000000000,0.00000000000000,0.00000000000000
442CEA8MALARIA_EST_INCIDENCE,MALARIA_EST_INCIDENCE,442CEA8,MALARIA_EST_INCIDENCE,2013,YEAR,418,COUNTRY,PUBLISHED,Malaria cases,Lao People's Democratic Republic,19.93232254000000,14.51364930000000,26.42740516000000
442CEA8MALARIA_EST_INCIDENCE,MALARIA_EST_INCIDENCE,442CEA8,MALARIA_EST_INCIDENCE,2013,YEAR,430,COUNTRY,PUBLISHED,Malaria cases,Liberia,260.74607210000000,169.52067760000000,384.82367720000000
442CEA8MALARIA_EST_INCIDENCE,MALARIA_EST_INCIDENCE,442CEA8,MALARIA_EST_INCIDENCE,2013,YEAR,450,COUNTRY,PUBLISHED,Malaria cases,Madagascar,63.67437614000000,40.80219181000000,97.78841061000000
442CEA8MALARIA_EST_INCIDENCE,MALARIA_EST_INCIDENCE,442CEA8,MALARIA_EST_INCIDENCE,2013,YEAR,454,COUNTRY,PUBLISHED,Malaria cases,Malawi,306.13455230000000,234.43257920000000,397.36048210000000
442CEA8MALARIA_EST_INCIDENCE,MALARIA_EST_INCIDENCE,442CEA8,MALARIA_EST_INCIDENCE,2013,YEAR,458,COUNTRY,PUBLISHED,Malaria cases,Malaysia,0.85171959500000,0.85171959500000,0.85171959500000
442CEA8MALARIA_EST_INCIDENCE,MALARIA_EST_INCIDENCE,442CEA8,MALARIA_EST_INCIDENCE,2013,YEAR,466,COUNTRY,PUBLISHED,Malaria cases,Mali,441.00036730000000,315.75907100000000,606.01542140000000
442CEA8MALARIA_EST_INCIDENCE,MALARIA_EST_INCIDENCE,442CEA8,MALARIA_EST_INCIDENCE,2013,YEAR,478,COUNTRY,PUBLISHED,Malaria cases,Mauritania,27.11258120000000,1.62008832700000,64.88564311000000
442CEA8MALARIA_EST_INCIDENCE,MALARIA_EST_INCIDENCE,442CEA8,MALARIA_EST_INCIDENCE,2013,YEAR,484,COUNTRY,PUBLISHED,Malaria cases,Mexico,0.19729895700000,0.19729895700000,0.19729895700000
442CEA8MALARIA_EST_INCIDENCE,MALARIA_EST_INCIDENCE,442CEA8,MALARIA_EST_INCIDENCE,2013,YEAR,504,COUNTRY,PUBLISHED,Malaria cases,Morocco,0.00000000000000,0.00000000000000,0.00000000000000
442CEA8MALARIA_EST_INCIDENCE,MALARIA_EST_INCIDENCE,442CEA8,MALARIA_EST_INCIDENCE,2013,YEAR,508,COUNTRY,PUBLISHED,Malaria cases,Mozambique,372.38307750000000,303.16624850000000,453.25151140000000
442CEA8MALARIA_EST_INCIDENCE,MALARIA_EST_INCIDENCE,442CEA8,MALARIA_EST_INCIDENCE,2013,YEAR,512,COUNTRY,PUBLISHED,Malaria cases,Oman,0.00000000000000,0.00000000000000,0.00000000000000
442CEA8MALARIA_EST_INCIDENCE,MALARIA_EST_INCIDENCE,442CEA8,MALARIA_EST_INCIDENCE,2013,YEAR,516,COUNTRY,PUBLISHED,Malaria cases,Namibia,4.38720372800000,3.48558694000000,5.38335737400000
442CEA8MALARIA_EST_INCIDENCE,MALARIA_EST_INCIDENCE,442CEA8,MALARIA_EST_INCIDENCE,2013,YEAR,524,COUNTRY,PUBLISHED,Malaria cases,Nepal,1.26851255800000,0.87225526900000,2.17035272500000
442CEA8MALARIA_EST_INCIDENCE,MALARIA_EST_INCIDENCE,442CEA8,MALARIA_EST_INCIDENCE,2013,YEAR,548,COUNTRY,PUBLISHED,Malaria cases,Vanuatu,21.76578304000000,16.20929968000000,30.06106522000000
442CEA8MALARIA_EST_INCIDENCE,MALARIA_EST_INCIDENCE,442CEA8,MALARIA_EST_INCIDENCE,2013,YEAR,558,COUNTRY,PUBLISHED,Malaria cases,Nicaragua,0.27935066800000,0.23224941100000,0.32948566200000
442CEA8MALARIA_EST_INCIDENCE,MALARIA_EST_INCIDENCE,442CEA8,MALARIA_EST_INCIDENCE,2013,YEAR,562,COUNTRY,PUBLISHED,Malaria cases,Niger,416.72416340000000,272.99549920000000,613.36993050000000
442CEA8MALARIA_EST_INCIDENCE,MALARIA_EST_INCIDENCE,442CEA8,MALARIA_EST_INCIDENCE,2013,YEAR,566,COUNTRY,PUBLISHED,Malaria cases,Nigeria,297.82649480000000,239.59653180000000,366.28513410000000
442CEA8MALARIA_EST_INCIDENCE,MALARIA_EST_INCIDENCE,442CEA8,MALARIA_EST_INCIDENCE,2013,YEAR,586,COUNTRY,PUBLISHED,Malaria cases,Pakistan,6.65517835800000,3.49467270400000,12.89047215000000
442CEA8MALARIA_EST_INCIDENCE,MALARIA_EST_INCIDENCE,442CEA8,MALARIA_EST_INCIDENCE,2000,YEAR,404,COUNTRY,PUBLISHED,Malaria cases,Kenya,220.25745610000000,170.89483560000000,279.55094880000000
442CEA8MALARIA_EST_INCIDENCE,MALARIA_EST_INCIDENCE,442CEA8,MALARIA_EST_INCIDENCE,2000,YEAR,408,COUNTRY,PUBLISHED,Malaria cases,Democratic People's Republic of Korea,9.79074342300000,9.79074342300000,9.79074342300000
442CEA8MALARIA_EST_INCIDENCE,MALARIA_EST_INCIDENCE,442CEA8,MALARIA_EST_INCIDENCE,2017,YEAR,340,COUNTRY,PUBLISHED,Malaria cases,Honduras,0.20115293900000,0.15532645400000,0.24870655300000
442CEA8MALARIA_EST_INCIDENCE,MALARIA_EST_INCIDENCE,442CEA8,MALARIA_EST_INCIDENCE,2017,YEAR,356,COUNTRY,PUBLISHED,Malaria cases,India,4.61292927700000,3.62234987100000,5.68163235300000
442CEA8MALARIA_EST_INCIDENCE,MALARIA_EST_INCIDENCE,442CEA8,MALARIA_EST_INCIDENCE,2017,YEAR,360,COUNTRY,PUBLISHED,Malaria cases,Indonesia,2.78379017600000,2.54896472300000,3.05513703100000
442CEA8MALARIA_EST_INCIDENCE,MALARIA_EST_INCIDENCE,442CEA8,MALARIA_EST_INCIDENCE,2017,YEAR,364,COUNTRY,PUBLISHED,Malaria cases,Iran (Islamic Republic of),0.06565889900000,0.06565889900000,0.06565889900000
442CEA8MALARIA_EST_INCIDENCE,MALARIA_EST_INCIDENCE,442CEA8,MALARIA_EST_INCIDENCE,2017,YEAR,368,COUNTRY,PUBLISHED,Malaria cases,Iraq,0.00000000000000,0.00000000000000,0.00000000000000
442CEA8MALARIA_EST_INCIDENCE,MALARIA_EST_INCIDENCE,442CEA8,MALARIA_EST_INCIDENCE,2017,YEAR,384,COUNTRY,PUBLISHED,Malaria cases,Côte d'Ivoire,268.53833730000000,171.19507580000000,402.77965600000000
442CEA8MALARIA_EST_INCIDENCE,MALARIA_EST_INCIDENCE,442CEA8,MALARIA_EST_INCIDENCE,2017,YEAR,398,COUNTRY,PUBLISHED,Malaria cases,Kazakhstan,0.00000000000000,0.00000000000000,0.00000000000000
442CEA8MALARIA_EST_INCIDENCE,MALARIA_EST_INCIDENCE,442CEA8,MALARIA_EST_INCIDENCE,2017,YEAR,404,COUNTRY,PUBLISHED,Malaria cases,Kenya,76.84920240000000,55.21773652000000,104.53011080000000
442CEA8MALARIA_EST_INCIDENCE,MALARIA_EST_INCIDENCE,442CEA8,MALARIA_EST_INCIDENCE,2017,YEAR,408,COUNTRY,PUBLISHED,Malaria cases,Democratic People's Republic of Korea,0.45605815700000,0.45605815700000,0.45605815700000
442CEA8MALARIA_EST_INCIDENCE,MALARIA_EST_INCIDENCE,442CEA8,MALARIA_EST_INCIDENCE,2017,YEAR,410,COUNTRY,PUBLISHED,Malaria cases,Republic of Korea,0.12097541700000,0.12097541700000,0.12097541700000
442CEA8MALARIA_EST_INCIDENCE,MALARIA_EST_INCIDENCE,442CEA8,MALARIA_EST_INCIDENCE,2021,YEAR,324,COUNTRY,PUBLISHED,Malaria cases,Guinea,294.44529170000000,227.61382450000000,376.25739280000000
442CEA8MALARIA_EST_INCIDENCE,MALARIA_EST_INCIDENCE,442CEA8,MALARIA_EST_INCIDENCE,2021,YEAR,328,COUNTRY,PUBLISHED,Malaria cases,Guyana,31.53104544000000,26.79752588000000,36.63980321000000
442CEA8MALARIA_EST_INCIDENCE,MALARIA_EST_INCIDENCE,442CEA8,MALARIA_EST_INCIDENCE,2021,YEAR,332,COUNTRY,PUBLISHED,Malaria cases,Haiti,2.21859617800000,1.35391096200000,3.44263473500000
442CEA8MALARIA_EST_INCIDENCE,MALARIA_EST_INCIDENCE,442CEA8,MALARIA_EST_INCIDENCE,2021,YEAR,340,COUNTRY,PUBLISHED,Malaria cases,Honduras,0.16350931300000,0.16350931300000,0.16350931300000
442CEA8MALARIA_EST_INCIDENCE,MALARIA_EST_INCIDENCE,442CEA8,MALARIA_EST_INCIDENCE,2000,YEAR,410,COUNTRY,PUBLISHED,Malaria cases,Republic of Korea,1.27777238100000,1.27777238100000,1.27777238100000
442CEA8MALARIA_EST_INCIDENCE,MALARIA_EST_INCIDENCE,442CEA8,MALARIA_EST_INCIDENCE,2000,YEAR,417,COUNTRY,PUBLISHED,Malaria cases,Kyrgyzstan,0.00178589100000,0.00178589100000,0.00178589100000
442CEA8MALARIA_EST_INCIDENCE,MALARIA_EST_INCIDENCE,442CEA8,MALARIA_EST_INCIDENCE,2000,YEAR,418,COUNTRY,PUBLISHED,Malaria cases,Lao People's Democratic Republic,31.75982067000000,25.07649356000000,39.23088900000000
442CEA8MALARIA_EST_INCIDENCE,MALARIA_EST_INCIDENCE,442CEA8,MALARIA_EST_INCIDENCE,2000,YEAR,430,COUNTRY,PUBLISHED,Malaria cases,Liberia,397.07579890000000,250.85625020000000,599.91318650000000
442CEA8MALARIA_EST_INCIDENCE,MALARIA_EST_INCIDENCE,442CEA8,MALARIA_EST_INCIDENCE,2000,YEAR,450,COUNTRY,PUBLISHED,Malaria cases,Madagascar,54.85398761000000,5.66633626700000,124.06797590000000
442CEA8MALARIA_EST_INCIDENCE,MALARIA_EST_INCIDENCE,442CEA8,MALARIA_EST_INCIDENCE,2000,YEAR,454,COUNTRY,PUBLISHED,Malaria cases,Malawi,452.54977450000000,345.57675140000000,584.27690330000000
442CEA8MALARIA_EST_INCIDENCE,MALARIA_EST_INCIDENCE,442CEA8,MALARIA_EST_INCIDENCE,2000,YEAR,458,COUNTRY,PUBLISHED,Malaria cases,Malaysia,13.82914341000000,13.82914341000000,13.82914341000000
442CEA8MALARIA_EST_INCIDENCE,MALARIA_EST_INCIDENCE,442CEA8,MALARIA_EST_INCIDENCE,2000,YEAR,466,COUNTRY,PUBLISHED,Malaria cases,Mali,394.97696250000000,268.19211320000000,569.12186090000000
442CEA8MALARIA_EST_INCIDENCE,MALARIA_EST_INCIDENCE,442CEA8,MALARIA_EST_INCIDENCE,2000,YEAR,478,COUNTRY,PUBLISHED,Malaria cases,Mauritania,96.39398785000000,48.58296017000000,171.78106370000000
442CEA8MALARIA_EST_INCIDENCE,MALARIA_EST_INCIDENCE,442CEA8,MALARIA_EST_INCIDENCE,2000,YEAR,484,COUNTRY,PUBLISHED,Malaria cases,Mexico,3.53490739000000,3.53490739000000,3.53490739000000
442CEA8MALARIA_EST_INCIDENCE,MALARIA_EST_INCIDENCE,442CEA8,MALARIA_EST_INCIDENCE,2000,YEAR,504,COUNTRY,PUBLISHED,Malaria cases,Morocco,0.00010554700000,0.00010554700000,0.00010554700000
442CEA8MALARIA_EST_INCIDENCE,MALARIA_EST_INCIDENCE,442CEA8,MALARIA_EST_INCIDENCE,2000,YEAR,508,COUNTRY,PUBLISHED,Malaria cases,Mozambique,473.66799980000000,387.33018840000000,574.48396830000000
442CEA8MALARIA_EST_INCIDENCE,MALARIA_EST_INCIDENCE,442CEA8,MALARIA_EST_INCIDENCE,2000,YEAR,512,COUNTRY,PUBLISHED,Malaria cases,Oman,0.00262912200000,0.00262912200000,0.00262912200000
442CEA8MALARIA_EST_INCIDENCE,MALARIA_EST_INCIDENCE,442CEA8,MALARIA_EST_INCIDENCE,2000,YEAR,516,COUNTRY,PUBLISHED,Malaria cases,Namibia,53.56998125000000,21.23768055000000,107.12706030000000
442CEA8MALARIA_EST_INCIDENCE,MALARIA_EST_INCIDENCE,442CEA8,MALARIA_EST_INCIDENCE,2021,YEAR,356,COUNTRY,PUBLISHED,Malaria cases,India,2.49527384000000,1.42577628200000,3.62046402400000
442CEA8MALARIA_EST_INCIDENCE,MALARIA_EST_INCIDENCE,442CEA8,MALARIA_EST_INCIDENCE,2000,YEAR,524,COUNTRY,PUBLISHED,Malaria cases,Nepal,6.73141842500000,3.80870264400000,10.97449086000000
442CEA8MALARIA_EST_INCIDENCE,MALARIA_EST_INCIDENCE,442CEA8,MALARIA_EST_INCIDENCE,2000,YEAR,548,COUNTRY,PUBLISHED,Malaria cases,Vanuatu,124.36587740000000,67.67061590000000,202.70505310000000
442CEA8MALARIA_EST_INCIDENCE,MALARIA_EST_INCIDENCE,442CEA8,MALARIA_EST_INCIDENCE,2000,YEAR,558,COUNTRY,PUBLISHED,Malaria cases,Nicaragua,6.77682409000000,5.67181465200000,7.94224190200000
442CEA8MALARIA_EST_INCIDENCE,MALARIA_EST_INCIDENCE,442CEA8,MALARIA_EST_INCIDENCE,2000,YEAR,562,COUNTRY,PUBLISHED,Malaria cases,Niger,359.23882870000000,201.35062550000000,595.45852910000000
442CEA8MALARIA_EST_INCIDENCE,MALARIA_EST_INCIDENCE,442CEA8,MALARIA_EST_INCIDENCE,2000,YEAR,566,COUNTRY,PUBLISHED,Malaria cases,Nigeria,401.78839960000000,312.40775300000000,508.79932690000000
442CEA8MALARIA_EST_INCIDENCE,MALARIA_EST_INCIDENCE,442CEA8,MALARIA_EST_INCIDENCE,2000,YEAR,586,COUNTRY,PUBLISHED,Malaria cases,Pakistan,6.08481819900000,2.37773117300000,14.53809186000000
442CEA8MALARIA_EST_INCIDENCE,MALARIA_EST_INCIDENCE,442CEA8,MALARIA_EST_INCIDENCE,2000,YEAR,591,COUNTRY,PUBLISHED,Malaria cases,Panama,0.54091681200000,0.52058904900000,0.57611854800000
442CEA8MALARIA_EST_INCIDENCE,MALARIA_EST_INCIDENCE,442CEA8,MALARIA_EST_INCIDENCE,2000,YEAR,598,COUNTRY,PUBLISHED,Malaria cases,Papua New Guinea,264.08386540000000,82.71802669000000,477.75767590000000
442CEA8MALARIA_EST_INCIDENCE,MALARIA_EST_INCIDENCE,442CEA8,MALARIA_EST_INCIDENCE,2000,YEAR,600,COUNTRY,PUBLISHED,Malaria cases,Paraguay,37.31940685000000,37.31940685000000,37.31940685000000
442CEA8MALARIA_EST_INCIDENCE,MALARIA_EST_INCIDENCE,442CEA8,MALARIA_EST_INCIDENCE,2000,YEAR,604,COUNTRY,PUBLISHED,Malaria cases,Peru,13.18887387000000,9.12634395700000,18.98890182000000
442CEA8MALARIA_EST_INCIDENCE,MALARIA_EST_INCIDENCE,442CEA8,MALARIA_EST_INCIDENCE,2000,YEAR,608,COUNTRY,PUBLISHED,Malaria cases,Philippines,1.73053358500000,1.29715149000000,2.22622053800000
442CEA8MALARIA_EST_INCIDENCE,MALARIA_EST_INCIDENCE,442CEA8,MALARIA_EST_INCIDENCE,2000,YEAR,624,COUNTRY,PUBLISHED,Malaria cases,Guinea-Bissau,396.46322300000000,249.98858060000000,600.10030450000000
442CEA8MALARIA_EST_INCIDENCE,MALARIA_EST_INCIDENCE,442CEA8,MALARIA_EST_INCIDENCE,2000,YEAR,626,COUNTRY,PUBLISHED,Malaria cases,Timor-Leste,158.37902170000000,68.55533690000000,358.81062330000000
442CEA8MALARIA_EST_INCIDENCE,MALARIA_EST_INCIDENCE,442CEA8,MALARIA_EST_INCIDENCE,2000,YEAR,646,COUNTRY,PUBLISHED,Malaria cases,Rwanda,180.43214390000000,74.76782734000000,373.77715970000000
442CEA8MALARIA_EST_INCIDENCE,MALARIA_EST_INCIDENCE,442CEA8,MALARIA_EST_INCIDENCE,2000,YEAR,678,COUNTRY,PUBLISHED,Malaria cases,Sao Tome and Principe,222.02085850000000,222.02085850000000,222.02085850000000
442CEA8MALARIA_EST_INCIDENCE,MALARIA_EST_INCIDENCE,442CEA8,MALARIA_EST_INCIDENCE,2000,YEAR,682,COUNTRY,PUBLISHED,Malaria cases,Saudi Arabia,3.80916147100000,3.80916147100000,3.80916147100000
442CEA8MALARIA_EST_INCIDENCE,MALARIA_EST_INCIDENCE,442CEA8,MALARIA_EST_INCIDENCE,2002,YEAR,508,COUNTRY,PUBLISHED,Malaria cases,Mozambique,494.65259030000000,410.05592630000000,592.21689820000000
442CEA8MALARIA_EST_INCIDENCE,MALARIA_EST_INCIDENCE,442CEA8,MALARIA_EST_INCIDENCE,2002,YEAR,512,COUNTRY,PUBLISHED,Malaria cases,Oman,0.00256724000000,0.00256724000000,0.00256724000000
442CEA8MALARIA_EST_INCIDENCE,MALARIA_EST_INCIDENCE,442CEA8,MALARIA_EST_INCIDENCE,2002,YEAR,516,COUNTRY,PUBLISHED,Malaria cases,Namibia,46.92486955000000,21.81081535000000,92.50003666000000
442CEA8MALARIA_EST_INCIDENCE,MALARIA_EST_INCIDENCE,442CEA8,MALARIA_EST_INCIDENCE,2002,YEAR,524,COUNTRY,PUBLISHED,Malaria cases,Nepal,11.58484553000000,5.80713204100000,20.71867315000000
442CEA8MALARIA_EST_INCIDENCE,MALARIA_EST_INCIDENCE,442CEA8,MALARIA_EST_INCIDENCE,2002,YEAR,548,COUNTRY,PUBLISHED,Malaria cases,Vanuatu,187.14611740000000,127.96546570000000,273.67254150000000
442CEA8MALARIA_EST_INCIDENCE,MALARIA_EST_INCIDENCE,442CEA8,MALARIA_EST_INCIDENCE,2002,YEAR,558,COUNTRY,PUBLISHED,Malaria cases,Nicaragua,2.15030274100000,1.78488918600000,2.53604432600000
442CEA8MALARIA_EST_INCIDENCE,MALARIA_EST_INCIDENCE,442CEA8,MALARIA_EST_INCIDENCE,2002,YEAR,562,COUNTRY,PUBLISHED,Malaria cases,Niger,327.86555890000000,184.42983580000000,535.74541680000000
442CEA8MALARIA_EST_INCIDENCE,MALARIA_EST_INCIDENCE,442CEA8,MALARIA_EST_INCIDENCE,2002,YEAR,566,COUNTRY,PUBLISHED,Malaria cases,Nigeria,381.74663290000000,296.16447310000000,485.33664360000000
442CEA8MALARIA_EST_INCIDENCE,MALARIA_EST_INCIDENCE,442CEA8,MALARIA_EST_INCIDENCE,2002,YEAR,586,COUNTRY,PUBLISHED,Malaria cases,Pakistan,6.02200270600000,2.21995062200000,14.84194755000000
442CEA8MALARIA_EST_INCIDENCE,MALARIA_EST_INCIDENCE,442CEA8,MALARIA_EST_INCIDENCE,2002,YEAR,591,COUNTRY,PUBLISHED,Malaria cases,Panama,1.12703061100000,1.08505909400000,1.20095771400000
442CEA8MALARIA_EST_INCIDENCE,MALARIA_EST_INCIDENCE,442CEA8,MALARIA_EST_INCIDENCE,2002,YEAR,598,COUNTRY,PUBLISHED,Malaria cases,Papua New Guinea,208.61636970000000,61.80707116000000,377.75548050000000
442CEA8MALARIA_EST_INCIDENCE,MALARIA_EST_INCIDENCE,442CEA8,MALARIA_EST_INCIDENCE,2002,YEAR,600,COUNTRY,PUBLISHED,Malaria cases,Paraguay,14.65098967000000,14.65098967000000,14.65098967000000
442CEA8MALARIA_EST_INCIDENCE,MALARIA_EST_INCIDENCE,442CEA8,MALARIA_EST_INCIDENCE,2002,YEAR,604,COUNTRY,PUBLISHED,Malaria cases,Peru,12.03240988000000,9.77444829700000,14.41197848000000
442CEA8MALARIA_EST_INCIDENCE,MALARIA_EST_INCIDENCE,442CEA8,MALARIA_EST_INCIDENCE,2002,YEAR,608,COUNTRY,PUBLISHED,Malaria cases,Philippines,1.46405316500000,1.09631675700000,1.87820432100000
442CEA8MALARIA_EST_INCIDENCE,MALARIA_EST_INCIDENCE,442CEA8,MALARIA_EST_INCIDENCE,2002,YEAR,624,COUNTRY,PUBLISHED,Malaria cases,Guinea-Bissau,251.21790230000000,137.52341370000000,426.59638080000000
442CEA8MALARIA_EST_INCIDENCE,MALARIA_EST_INCIDENCE,442CEA8,MALARIA_EST_INCIDENCE,2002,YEAR,626,COUNTRY,PUBLISHED,Malaria cases,Timor-Leste,126.20940040000000,85.55661445000000,171.22778940000000
442CEA8MALARIA_EST_INCIDENCE,MALARIA_EST_INCIDENCE,442CEA8,MALARIA_EST_INCIDENCE,2002,YEAR,646,COUNTRY,PUBLISHED,Malaria cases,Rwanda,156.98985020000000,80.45382956000000,279.43913110000000
442CEA8MALARIA_EST_INCIDENCE,MALARIA_EST_INCIDENCE,442CEA8,MALARIA_EST_INCIDENCE,2002,YEAR,678,COUNTRY,PUBLISHED,Malaria cases,Sao Tome and Principe,337.41770670000000,337.41770670000000,337.41770670000000
442CEA8MALARIA_EST_INCIDENCE,MALARIA_EST_INCIDENCE,442CEA8,MALARIA_EST_INCIDENCE,2002,YEAR,682,COUNTRY,PUBLISHED,Malaria cases,Saudi Arabia,1.35997892300000,1.35997892300000,1.35997892300000
442CEA8MALARIA_EST_INCIDENCE,MALARIA_EST_INCIDENCE,442CEA8,MALARIA_EST_INCIDENCE,2002,YEAR,686,COUNTRY,PUBLISHED,Malaria cases,Senegal,156.97815850000000,48.27575903000000,257.24678950000000
442CEA8MALARIA_EST_INCIDENCE,MALARIA_EST_INCIDENCE,442CEA8,MALARIA_EST_INCIDENCE,2002,YEAR,694,COUNTRY,PUBLISHED,Malaria cases,Sierra Leone,425.57901800000000,280.70500380000000,620.16847150000000
442CEA8MALARIA_EST_INCIDENCE,MALARIA_EST_INCIDENCE,442CEA8,MALARIA_EST_INCIDENCE,2002,YEAR,704,COUNTRY,PUBLISHED,Malaria cases,Viet Nam,2.26427820200000,1.80358205200000,2.95916301500000
442CEA8MALARIA_EST_INCIDENCE,MALARIA_EST_INCIDENCE,442CEA8,MALARIA_EST_INCIDENCE,2002,YEAR,706,COUNTRY,PUBLISHED,Malaria cases,Somalia,133.37461750000000,78.11295329000000,212.08995170000000
442CEA8MALARIA_EST_INCIDENCE,MALARIA_EST_INCIDENCE,442CEA8,MALARIA_EST_INCIDENCE,2002,YEAR,710,COUNTRY,PUBLISHED,Malaria cases,South Africa,3.25889051900000,3.25889051900000,3.25889051900000
442CEA8MALARIA_EST_INCIDENCE,MALARIA_EST_INCIDENCE,442CEA8,MALARIA_EST_INCIDENCE,2002,YEAR,716,COUNTRY,PUBLISHED,Malaria cases,Zimbabwe,102.58848780000000,23.22912954000000,250.88386450000000
442CEA8MALARIA_EST_INCIDENCE,MALARIA_EST_INCIDENCE,442CEA8,MALARIA_EST_INCIDENCE,2002,YEAR,728,COUNTRY,PUBLISHED,Malaria cases,South Sudan,339.69181450000000,241.65387390000000,462.88412150000000
442CEA8MALARIA_EST_INCIDENCE,MALARIA_EST_INCIDENCE,442CEA8,MALARIA_EST_INCIDENCE,2002,YEAR,729,COUNTRY,PUBLISHED,Malaria cases,Sudan,65.50155263000000,44.72845927000000,92.25781711000000
442CEA8MALARIA_EST_INCIDENCE,MALARIA_EST_INCIDENCE,442CEA8,MALARIA_EST_INCIDENCE,2002,YEAR,740,COUNTRY,PUBLISHED,Malaria cases,Suriname,175.03408780000000,175.03408780000000,175.03408780000000
442CEA8MALARIA_EST_INCIDENCE,MALARIA_EST_INCIDENCE,442CEA8,MALARIA_EST_INCIDENCE,2002,YEAR,748,COUNTRY,PUBLISHED,Malaria cases,Eswatini,2.25860714700000,2.25860714700000,2.25860714700000
442CEA8MALARIA_EST_INCIDENCE,MALARIA_EST_INCIDENCE,442CEA8,MALARIA_EST_INCIDENCE,2002,YEAR,760,COUNTRY,PUBLISHED,Malaria cases,Syrian Arab Republic,0.00085869700000,0.00085869700000,0.00085869700000
442CEA8MALARIA_EST_INCIDENCE,MALARIA_EST_INCIDENCE,442CEA8,MALARIA_EST_INCIDENCE,2002,YEAR,762,COUNTRY,PUBLISHED,Malaria cases,Tajikistan,2.82364546400000,2.82364546400000,2.82364546400000
442CEA8MALARIA_EST_INCIDENCE,MALARIA_EST_INCIDENCE,442CEA8,MALARIA_EST_INCIDENCE,2002,YEAR,764,COUNTRY,PUBLISHED,Malaria cases,Thailand,3.65348721700000,3.65348721700000,3.65348721700000
442CEA8MALARIA_EST_INCIDENCE,MALARIA_EST_INCIDENCE,442CEA8,MALARIA_EST_INCIDENCE,2002,YEAR,768,COUNTRY,PUBLISHED,Malaria cases,Togo,450.60225120000000,326.83896600000000,611.92259750000000
442CEA8MALARIA_EST_INCIDENCE,MALARIA_EST_INCIDENCE,442CEA8,MALARIA_EST_INCIDENCE,2002,YEAR,792,COUNTRY,PUBLISHED,Malaria cases,Türkiye,2.34593823900000,2.34593823900000,2.34593823900000
442CEA8MALARIA_EST_INCIDENCE,MALARIA_EST_INCIDENCE,442CEA8,MALARIA_EST_INCIDENCE,2002,YEAR,795,COUNTRY,PUBLISHED,Malaria cases,Turkmenistan,0.05806170700000,0.05806170700000,0.05806170700000
442CEA8MALARIA_EST_INCIDENCE,MALARIA_EST_INCIDENCE,442CEA8,MALARIA_EST_INCIDENCE,2002,YEAR,800,COUNTRY,PUBLISHED,Malaria cases,Uganda,501.61912860000000,406.74246180000000,611.52808420000000
442CEA8MALARIA_EST_INCIDENCE,MALARIA_EST_INCIDENCE,442CEA8,MALARIA_EST_INCIDENCE,2004,YEAR,328,COUNTRY,PUBLISHED,Malaria cases,Guyana,53.01029094000000,43.52989436000000,63.40226096000000
442CEA8MALARIA_EST_INCIDENCE,MALARIA_EST_INCIDENCE,442CEA8,MALARIA_EST_INCIDENCE,2004,YEAR,332,COUNTRY,PUBLISHED,Malaria cases,Haiti,9.71370650500000,5.52432747900000,15.73349871000000
442CEA8MALARIA_EST_INCIDENCE,MALARIA_EST_INCIDENCE,442CEA8,MALARIA_EST_INCIDENCE,2004,YEAR,340,COUNTRY,PUBLISHED,Malaria cases,Honduras,3.83472317400000,2.79394968900000,4.92147764100000
442CEA8MALARIA_EST_INCIDENCE,MALARIA_EST_INCIDENCE,442CEA8,MALARIA_EST_INCIDENCE,2004,YEAR,356,COUNTRY,PUBLISHED,Malaria cases,India,21.75377239000000,16.76005007000000,28.47154509000000
442CEA8MALARIA_EST_INCIDENCE,MALARIA_EST_INCIDENCE,442CEA8,MALARIA_EST_INCIDENCE,2004,YEAR,360,COUNTRY,PUBLISHED,Malaria cases,Indonesia,4.76988980800000,4.30730930000000,5.31799859900000
442CEA8MALARIA_EST_INCIDENCE,MALARIA_EST_INCIDENCE,442CEA8,MALARIA_EST_INCIDENCE,2004,YEAR,364,COUNTRY,PUBLISHED,Malaria cases,Iran (Islamic Republic of),19.26765888000000,19.26765888000000,19.26765888000000
442CEA8MALARIA_EST_INCIDENCE,MALARIA_EST_INCIDENCE,442CEA8,MALARIA_EST_INCIDENCE,2004,YEAR,368,COUNTRY,PUBLISHED,Malaria cases,Iraq,0.04323420900000,0.04323420900000,0.04323420900000
442CEA8MALARIA_EST_INCIDENCE,MALARIA_EST_INCIDENCE,442CEA8,MALARIA_EST_INCIDENCE,2021,YEAR,360,COUNTRY,PUBLISHED,Malaria cases,Indonesia,1.55698450400000,1.44531277600000,1.68906756300000
442CEA8MALARIA_EST_INCIDENCE,MALARIA_EST_INCIDENCE,442CEA8,MALARIA_EST_INCIDENCE,2021,YEAR,364,COUNTRY,PUBLISHED,Malaria cases,Iran (Islamic Republic of),0.00000000000000,0.00000000000000,0.00000000000000
442CEA8MALARIA_EST_INCIDENCE,MALARIA_EST_INCIDENCE,442CEA8,MALARIA_EST_INCIDENCE,2021,YEAR,368,COUNTRY,PUBLISHED,Malaria cases,Iraq,0.00000000000000,0.00000000000000,0.00000000000000
442CEA8MALARIA_EST_INCIDENCE,MALARIA_EST_INCIDENCE,442CEA8,MALARIA_EST_INCIDENCE,2021,YEAR,384,COUNTRY,PUBLISHED,Malaria cases,Côte d'Ivoire,283.64004320000000,217.89761390000000,366.07193970000000
442CEA8MALARIA_EST_INCIDENCE,MALARIA_EST_INCIDENCE,442CEA8,MALARIA_EST_INCIDENCE,2021,YEAR,404,COUNTRY,PUBLISHED,Malaria cases,Kenya,88.68703596000000,58.33939663000000,129.85248830000000
442CEA8MALARIA_EST_INCIDENCE,MALARIA_EST_INCIDENCE,442CEA8,MALARIA_EST_INCIDENCE,2021,YEAR,408,COUNTRY,PUBLISHED,Malaria cases,Democratic People's Republic of Korea,0.22983506900000,0.22983506900000,0.22983506900000
442CEA8MALARIA_EST_INCIDENCE,MALARIA_EST_INCIDENCE,442CEA8,MALARIA_EST_INCIDENCE,2021,YEAR,410,COUNTRY,PUBLISHED,Malaria cases,Republic of Korea,0.07549484300000,0.07549484300000,0.07549484300000
442CEA8MALARIA_EST_INCIDENCE,MALARIA_EST_INCIDENCE,442CEA8,MALARIA_EST_INCIDENCE,2021,YEAR,418,COUNTRY,PUBLISHED,Malaria cases,Lao People's Democratic Republic,1.65103899700000,1.19850527200000,2.19616163700000
442CEA8MALARIA_EST_INCIDENCE,MALARIA_EST_INCIDENCE,442CEA8,MALARIA_EST_INCIDENCE,2021,YEAR,430,COUNTRY,PUBLISHED,Malaria cases,Liberia,216.06526160000000,151.95165800000000,303.09316430000000
442CEA8MALARIA_EST_INCIDENCE,MALARIA_EST_INCIDENCE,442CEA8,MALARIA_EST_INCIDENCE,2021,YEAR,450,COUNTRY,PUBLISHED,Malaria cases,Madagascar,166.32842260000000,106.29356720000000,230.78415500000000
442CEA8MALARIA_EST_INCIDENCE,MALARIA_EST_INCIDENCE,442CEA8,MALARIA_EST_INCIDENCE,2021,YEAR,454,COUNTRY,PUBLISHED,Malaria cases,Malawi,280.48843390000000,193.82318520000000,395.24958480000000
442CEA8MALARIA_EST_INCIDENCE,MALARIA_EST_INCIDENCE,442CEA8,MALARIA_EST_INCIDENCE,2021,YEAR,458,COUNTRY,PUBLISHED,Malaria cases,Malaysia,0.00000000000000,0.00000000000000,0.00000000000000
442CEA8MALARIA_EST_INCIDENCE,MALARIA_EST_INCIDENCE,442CEA8,MALARIA_EST_INCIDENCE,2021,YEAR,466,COUNTRY,PUBLISHED,Malaria cases,Mali,345.92272870000000,244.02793000000000,491.95120240000000
442CEA8MALARIA_EST_INCIDENCE,MALARIA_EST_INCIDENCE,442CEA8,MALARIA_EST_INCIDENCE,2021,YEAR,478,COUNTRY,PUBLISHED,Malaria cases,Mauritania,26.24652736000000,11.92760356000000,48.30844496000000
442CEA8MALARIA_EST_INCIDENCE,MALARIA_EST_INCIDENCE,442CEA8,MALARIA_EST_INCIDENCE,2021,YEAR,480,COUNTRY,PUBLISHED,Malaria cases,Mauritius,0.00000000000000,,
442CEA8MALARIA_EST_INCIDENCE,MALARIA_EST_INCIDENCE,442CEA8,MALARIA_EST_INCIDENCE,2021,YEAR,484,COUNTRY,PUBLISHED,Malaria cases,Mexico,0.08942626800000,0.08942626800000,0.08942626800000
442CEA8MALARIA_EST_INCIDENCE,MALARIA_EST_INCIDENCE,442CEA8,MALARIA_EST_INCIDENCE,2021,YEAR,504,COUNTRY,PUBLISHED,Malaria cases,Morocco,0.00000000000000,0.00000000000000,0.00000000000000
442CEA8MALARIA_EST_INCIDENCE,MALARIA_EST_INCIDENCE,442CEA8,MALARIA_EST_INCIDENCE,2021,YEAR,508,COUNTRY,PUBLISHED,Malaria cases,Mozambique,312.44990190000000,248.90576210000000,390.13582540000000
442CEA8MALARIA_EST_INCIDENCE,MALARIA_EST_INCIDENCE,442CEA8,MALARIA_EST_INCIDENCE,2021,YEAR,512,COUNTRY,PUBLISHED,Malaria cases,Oman,0.00000000000000,0.00000000000000,0.00000000000000
442CEA8MALARIA_EST_INCIDENCE,MALARIA_EST_INCIDENCE,442CEA8,MALARIA_EST_INCIDENCE,2021,YEAR,516,COUNTRY,PUBLISHED,Malaria cases,Namibia,9.55769761800000,7.58132918400000,11.69004766000000
442CEA8MALARIA_EST_INCIDENCE,MALARIA_EST_INCIDENCE,442CEA8,MALARIA_EST_INCIDENCE,2021,YEAR,524,COUNTRY,PUBLISHED,Malaria cases,Nepal,0.00373833100000,0.00373833100000,0.00373833100000
442CEA8MALARIA_EST_INCIDENCE,MALARIA_EST_INCIDENCE,442CEA8,MALARIA_EST_INCIDENCE,2021,YEAR,548,COUNTRY,PUBLISHED,Malaria cases,Vanuatu,2.41280552400000,1.53007179600000,3.72055919500000
442CEA8MALARIA_EST_INCIDENCE,MALARIA_EST_INCIDENCE,442CEA8,MALARIA_EST_INCIDENCE,2021,YEAR,558,COUNTRY,PUBLISHED,Malaria cases,Nicaragua,5.03764768200000,4.18888605000000,5.93874479000000
442CEA8MALARIA_EST_INCIDENCE,MALARIA_EST_INCIDENCE,442CEA8,MALARIA_EST_INCIDENCE,2021,YEAR,562,COUNTRY,PUBLISHED,Malaria cases,Niger,304.17662200000000,174.81044970000000,491.94021850000000
442CEA8MALARIA_EST_INCIDENCE,MALARIA_EST_INCIDENCE,442CEA8,MALARIA_EST_INCIDENCE,2021,YEAR,566,COUNTRY,PUBLISHED,Malaria cases,Nigeria,299.27110550000000,217.44338740000000,407.25210960000000
442CEA8MALARIA_EST_INCIDENCE,MALARIA_EST_INCIDENCE,442CEA8,MALARIA_EST_INCIDENCE,2021,YEAR,586,COUNTRY,PUBLISHED,Malaria cases,Pakistan,2.14853464500000,1.70230921700000,2.87870017100000
442CEA8MALARIA_EST_INCIDENCE,MALARIA_EST_INCIDENCE,442CEA8,MALARIA_EST_INCIDENCE,2021,YEAR,591,COUNTRY,PUBLISHED,Malaria cases,Panama,1.43057290600000,1.43057290600000,1.43057290600000
442CEA8MALARIA_EST_INCIDENCE,MALARIA_EST_INCIDENCE,442CEA8,MALARIA_EST_INCIDENCE,2021,YEAR,598,COUNTRY,PUBLISHED,Malaria cases,Papua New Guinea,123.55186750000000,85.45659517000000,164.36104250000000
442CEA8MALARIA_EST_INCIDENCE,MALARIA_EST_INCIDENCE,442CEA8,MALARIA_EST_INCIDENCE,2021,YEAR,600,COUNTRY,PUBLISHED,Malaria cases,Paraguay,0.00000000000000,0.00000000000000,0.00000000000000
442CEA8MALARIA_EST_INCIDENCE,MALARIA_EST_INCIDENCE,442CEA8,MALARIA_EST_INCIDENCE,2021,YEAR,604,COUNTRY,PUBLISHED,Malaria cases,Peru,1.78539834400000,1.46156932000000,2.12451076200000
442CEA8MALARIA_EST_INCIDENCE,MALARIA_EST_INCIDENCE,442CEA8,MALARIA_EST_INCIDENCE,2021,YEAR,608,COUNTRY,PUBLISHED,Malaria cases,Philippines,0.16157277700000,0.11367488900000,0.21685882000000
442CEA8MALARIA_EST_INCIDENCE,MALARIA_EST_INCIDENCE,442CEA8,MALARIA_EST_INCIDENCE,2021,YEAR,624,COUNTRY,PUBLISHED,Malaria cases,Guinea-Bissau,98.71184807000000,36.51651585000000,219.46788270000000
442CEA8MALARIA_EST_INCIDENCE,MALARIA_EST_INCIDENCE,442CEA8,MALARIA_EST_INCIDENCE,2021,YEAR,626,COUNTRY,PUBLISHED,Malaria cases,Timor-Leste,0.00000000000000,0.00000000000000,0.00000000000000
442CEA8MALARIA_EST_INCIDENCE,MALARIA_EST_INCIDENCE,442CEA8,MALARIA_EST_INCIDENCE,2021,YEAR,646,COUNTRY,PUBLISHED,Malaria cases,Rwanda,118.73531480000000,92.22065126000000,146.43445170000000
442CEA8MALARIA_EST_INCIDENCE,MALARIA_EST_INCIDENCE,442CEA8,MALARIA_EST_INCIDENCE,2021,YEAR,678,COUNTRY,PUBLISHED,Malaria cases,Sao Tome and Principe,12.24989976000000,12.24989976000000,12.24989976000000
442CEA8MALARIA_EST_INCIDENCE,MALARIA_EST_INCIDENCE,442CEA8,MALARIA_EST_INCIDENCE,2021,YEAR,682,COUNTRY,PUBLISHED,Malaria cases,Saudi Arabia,0.00000000000000,0.00000000000000,0.00000000000000
442CEA8MALARIA_EST_INCIDENCE,MALARIA_EST_INCIDENCE,442CEA8,MALARIA_EST_INCIDENCE,2021,YEAR,686,COUNTRY,PUBLISHED,Malaria cases,Senegal,41.85352816000000,33.06127868000000,51.10739640000000
442CEA8MALARIA_EST_INCIDENCE,MALARIA_EST_INCIDENCE,442CEA8,MALARIA_EST_INCIDENCE,2021,YEAR,694,COUNTRY,PUBLISHED,Malaria cases,Sierra Leone,305.81651820000000,177.27491420000000,491.15721190000000
442CEA8MALARIA_EST_INCIDENCE,MALARIA_EST_INCIDENCE,442CEA8,MALARIA_EST_INCIDENCE,2021,YEAR,704,COUNTRY,PUBLISHED,Malaria cases,Viet Nam,0.00517046900000,0.00517046900000,0.00517046900000
442CEA8MALARIA_EST_INCIDENCE,MALARIA_EST_INCIDENCE,442CEA8,MALARIA_EST_INCIDENCE,2021,YEAR,706,COUNTRY,PUBLISHED,Malaria cases,Somalia,55.35059602000000,34.80323808000000,83.18560865000000
442CEA8MALARIA_EST_INCIDENCE,MALARIA_EST_INCIDENCE,442CEA8,MALARIA_EST_INCIDENCE,2021,YEAR,710,COUNTRY,PUBLISHED,Malaria cases,South Africa,0.48323160300000,0.48323160300000,0.48323160300000
442CEA8MALARIA_EST_INCIDENCE,MALARIA_EST_INCIDENCE,442CEA8,MALARIA_EST_INCIDENCE,2021,YEAR,716,COUNTRY,PUBLISHED,Malaria cases,Zimbabwe,27.53749473000000,16.35279069000000,39.45940353000000
442CEA8MALARIA_EST_INCIDENCE,MALARIA_EST_INCIDENCE,442CEA8,MALARIA_EST_INCIDENCE,2021,YEAR,728,COUNTRY,PUBLISHED,Malaria cases,South Sudan,276.82117620000000,178.57152910000000,411.78993820000000
442CEA8MALARIA_EST_INCIDENCE,MALARIA_EST_INCIDENCE,442CEA8,MALARIA_EST_INCIDENCE,2021,YEAR,729,COUNTRY,PUBLISHED,Malaria cases,Sudan,70.36243884000000,40.69078718000000,113.63346500000000
442CEA8MALARIA_EST_INCIDENCE,MALARIA_EST_INCIDENCE,442CEA8,MALARIA_EST_INCIDENCE,2021,YEAR,740,COUNTRY,PUBLISHED,Malaria cases,Suriname,0.24106154700000,0.24106154700000,0.24106154700000
442CEA8MALARIA_EST_INCIDENCE,MALARIA_EST_INCIDENCE,442CEA8,MALARIA_EST_INCIDENCE,2021,YEAR,748,COUNTRY,PUBLISHED,Malaria cases,Eswatini,1.49476388700000,1.49476388700000,1.49476388700000
442CEA8MALARIA_EST_INCIDENCE,MALARIA_EST_INCIDENCE,442CEA8,MALARIA_EST_INCIDENCE,2021,YEAR,760,COUNTRY,PUBLISHED,Malaria cases,Syrian Arab Republic,0.00000000000000,0.00000000000000,0.00000000000000
442CEA8MALARIA_EST_INCIDENCE,MALARIA_EST_INCIDENCE,442CEA8,MALARIA_EST_INCIDENCE,2021,YEAR,762,COUNTRY,PUBLISHED,Malaria cases,Tajikistan,0.00000000000000,0.00000000000000,0.00000000000000
442CEA8MALARIA_EST_INCIDENCE,MALARIA_EST_INCIDENCE,442CEA8,MALARIA_EST_INCIDENCE,2021,YEAR,764,COUNTRY,PUBLISHED,Malaria cases,Thailand,0.17823847800000,0.17823847800000,0.17823847800000
442CEA8MALARIA_EST_INCIDENCE,MALARIA_EST_INCIDENCE,442CEA8,MALARIA_EST_INCIDENCE,2021,YEAR,768,COUNTRY,PUBLISHED,Malaria cases,Togo,279.50679730000000,204.68448460000000,378.10181090000000
442CEA8MALARIA_EST_INCIDENCE,MALARIA_EST_INCIDENCE,442CEA8,MALARIA_EST_INCIDENCE,2021,YEAR,784,COUNTRY,PUBLISHED,Malaria cases,United Arab Emirates,0.00000000000000,0.00000000000000,0.00000000000000
442CEA8MALARIA_EST_INCIDENCE,MALARIA_EST_INCIDENCE,442CEA8,MALARIA_EST_INCIDENCE,2021,YEAR,800,COUNTRY,PUBLISHED,Malaria cases,Uganda,268.61237620000000,183.04576600000000,380.19486050000000
442CEA8MALARIA_EST_INCIDENCE,MALARIA_EST_INCIDENCE,442CEA8,MALARIA_EST_INCIDENCE,2021,YEAR,818,COUNTRY,PUBLISHED,Malaria cases,Egypt,0.00000000000000,0.00000000000000,0.00000000000000
442CEA8MALARIA_EST_INCIDENCE,MALARIA_EST_INCIDENCE,442CEA8,MALARIA_EST_INCIDENCE,2021,YEAR,834,COUNTRY,PUBLISHED,Malaria cases,United Republic of Tanzania,133.32939790000000,97.29596155000000,178.34903180000000
442CEA8MALARIA_EST_INCIDENCE,MALARIA_EST_INCIDENCE,442CEA8,MALARIA_EST_INCIDENCE,2021,YEAR,854,COUNTRY,PUBLISHED,Malaria cases,Burkina Faso,378.57799530000000,251.28211590000000,547.86084650000000
442CEA8MALARIA_EST_INCIDENCE,MALARIA_EST_INCIDENCE,442CEA8,MALARIA_EST_INCIDENCE,2021,YEAR,860,COUNTRY,PUBLISHED,Malaria cases,Uzbekistan,0.00000000000000,0.00000000000000,0.00000000000000
442CEA8MALARIA_EST_INCIDENCE,MALARIA_EST_INCIDENCE,442CEA8,MALARIA_EST_INCIDENCE,2021,YEAR,862,COUNTRY,PUBLISHED,Malaria cases,Venezuela (Bolivarian Republic of),14.47873501000000,12.87400099000000,16.72590517000000
442CEA8MALARIA_EST_INCIDENCE,MALARIA_EST_INCIDENCE,442CEA8,MALARIA_EST_INCIDENCE,2021,YEAR,887,COUNTRY,PUBLISHED,Malaria cases,Yemen,44.25520896000000,28.06751507000000,67.19466169000000
442CEA8MALARIA_EST_INCIDENCE,MALARIA_EST_INCIDENCE,442CEA8,MALARIA_EST_INCIDENCE,2021,YEAR,894,COUNTRY,PUBLISHED,Malaria cases,Zambia,240.98004010000000,194.81962680000000,295.56308180000000
442CEA8MALARIA_EST_INCIDENCE,MALARIA_EST_INCIDENCE,442CEA8,MALARIA_EST_INCIDENCE,2021,YEAR,953,WHOREGION,PUBLISHED,Malaria cases,Africa,234.60630230000000,212.64665600000000,261.64832620000000
442CEA8MALARIA_EST_INCIDENCE,MALARIA_EST_INCIDENCE,442CEA8,MALARIA_EST_INCIDENCE,2021,YEAR,954,WHOREGION,PUBLISHED,Malaria cases,Americas,3.82496525400000,3.56039653000000,4.13019265500000
442CEA8MALARIA_EST_INCIDENCE,MALARIA_EST_INCIDENCE,442CEA8,MALARIA_EST_INCIDENCE,2021,YEAR,955,WHOREGION,PUBLISHED,Malaria cases,South-East Asia,2.52821690800000,1.52149145800000,3.74726259700000
442CEA8MALARIA_EST_INCIDENCE,MALARIA_EST_INCIDENCE,442CEA8,MALARIA_EST_INCIDENCE,2021,YEAR,956,WHOREGION,PUBLISHED,Malaria cases,Europe,0.00000000000000,0.00000000000000,0.00000000000000
442CEA8MALARIA_EST_INCIDENCE,MALARIA_EST_INCIDENCE,442CEA8,MALARIA_EST_INCIDENCE,2021,YEAR,957,WHOREGION,PUBLISHED,Malaria cases,Eastern Mediterranean,11.18720319000000,8.36212063000000,15.31705592000000
442CEA8MALARIA_EST_INCIDENCE,MALARIA_EST_INCIDENCE,442CEA8,MALARIA_EST_INCIDENCE,2021,YEAR,958,WHOREGION,PUBLISHED,Malaria cases,Western Pacific,1.76731578400000,1.39893501200000,2.16377023000000
442CEA8MALARIA_EST_INCIDENCE,MALARIA_EST_INCIDENCE,442CEA8,MALARIA_EST_INCIDENCE,2022,YEAR,001,GLOBAL,PUBLISHED,Malaria cases,World,60.27679469000000,54.72758349000000,67.03566542000000
442CEA8MALARIA_EST_INCIDENCE,MALARIA_EST_INCIDENCE,442CEA8,MALARIA_EST_INCIDENCE,2022,YEAR,004,COUNTRY,PUBLISHED,Malaria cases,Afghanistan,9.18718610400000,7.08769615800000,11.67958478000000
442CEA8MALARIA_EST_INCIDENCE,MALARIA_EST_INCIDENCE,442CEA8,MALARIA_EST_INCIDENCE,2003,YEAR,686,COUNTRY,PUBLISHED,Malaria cases,Senegal,168.08557200000000,67.68067468000000,262.73588130000000
442CEA8MALARIA_EST_INCIDENCE,MALARIA_EST_INCIDENCE,442CEA8,MALARIA_EST_INCIDENCE,2003,YEAR,694,COUNTRY,PUBLISHED,Malaria cases,Sierra Leone,414.29870130000000,281.60934120000000,588.18854830000000
442CEA8MALARIA_EST_INCIDENCE,MALARIA_EST_INCIDENCE,442CEA8,MALARIA_EST_INCIDENCE,2003,YEAR,704,COUNTRY,PUBLISHED,Malaria cases,Viet Nam,1.64726990700000,1.33120962900000,2.11922027300000
442CEA8MALARIA_EST_INCIDENCE,MALARIA_EST_INCIDENCE,442CEA8,MALARIA_EST_INCIDENCE,2003,YEAR,706,COUNTRY,PUBLISHED,Malaria cases,Somalia,132.19247610000000,85.85948078000000,193.48333310000000
442CEA8MALARIA_EST_INCIDENCE,MALARIA_EST_INCIDENCE,442CEA8,MALARIA_EST_INCIDENCE,2003,YEAR,710,COUNTRY,PUBLISHED,Malaria cases,South Africa,2.77503209300000,2.77503209300000,2.77503209300000
442CEA8MALARIA_EST_INCIDENCE,MALARIA_EST_INCIDENCE,442CEA8,MALARIA_EST_INCIDENCE,2003,YEAR,716,COUNTRY,PUBLISHED,Malaria cases,Zimbabwe,102.58853220000000,23.63039956000000,256.35881040000000
442CEA8MALARIA_EST_INCIDENCE,MALARIA_EST_INCIDENCE,442CEA8,MALARIA_EST_INCIDENCE,2003,YEAR,728,COUNTRY,PUBLISHED,Malaria cases,South Sudan,329.78160910000000,228.23616790000000,457.25325740000000
442CEA8MALARIA_EST_INCIDENCE,MALARIA_EST_INCIDENCE,442CEA8,MALARIA_EST_INCIDENCE,2003,YEAR,729,COUNTRY,PUBLISHED,Malaria cases,Sudan,60.42416662000000,41.61871716000000,84.79969585000000
442CEA8MALARIA_EST_INCIDENCE,MALARIA_EST_INCIDENCE,442CEA8,MALARIA_EST_INCIDENCE,2003,YEAR,740,COUNTRY,PUBLISHED,Malaria cases,Suriname,146.82407050000000,146.82407050000000,146.82407050000000
442CEA8MALARIA_EST_INCIDENCE,MALARIA_EST_INCIDENCE,442CEA8,MALARIA_EST_INCIDENCE,2003,YEAR,748,COUNTRY,PUBLISHED,Malaria cases,Eswatini,1.14505350300000,1.14505350300000,1.14505350300000
442CEA8MALARIA_EST_INCIDENCE,MALARIA_EST_INCIDENCE,442CEA8,MALARIA_EST_INCIDENCE,2003,YEAR,760,COUNTRY,PUBLISHED,Malaria cases,Syrian Arab Republic,0.00011179900000,0.00011179900000,0.00011179900000
442CEA8MALARIA_EST_INCIDENCE,MALARIA_EST_INCIDENCE,442CEA8,MALARIA_EST_INCIDENCE,2003,YEAR,762,COUNTRY,PUBLISHED,Malaria cases,Tajikistan,2.44068699000000,2.44068699000000,2.44068699000000
442CEA8MALARIA_EST_INCIDENCE,MALARIA_EST_INCIDENCE,442CEA8,MALARIA_EST_INCIDENCE,2003,YEAR,764,COUNTRY,PUBLISHED,Malaria cases,Thailand,3.03467688000000,3.03467688000000,3.03467688000000
442CEA8MALARIA_EST_INCIDENCE,MALARIA_EST_INCIDENCE,442CEA8,MALARIA_EST_INCIDENCE,2003,YEAR,768,COUNTRY,PUBLISHED,Malaria cases,Togo,466.20886340000000,360.63818610000000,590.74848450000000
442CEA8MALARIA_EST_INCIDENCE,MALARIA_EST_INCIDENCE,442CEA8,MALARIA_EST_INCIDENCE,2022,YEAR,012,COUNTRY,PUBLISHED,Malaria cases,Algeria,0.00000000000000,0.00000000000000,0.00000000000000
442CEA8MALARIA_EST_INCIDENCE,MALARIA_EST_INCIDENCE,442CEA8,MALARIA_EST_INCIDENCE,2022,YEAR,024,COUNTRY,PUBLISHED,Malaria cases,Angola,260.09099080000000,161.37921340000000,393.04579420000000
442CEA8MALARIA_EST_INCIDENCE,MALARIA_EST_INCIDENCE,442CEA8,MALARIA_EST_INCIDENCE,2022,YEAR,031,COUNTRY,PUBLISHED,Malaria cases,Azerbaijan,0.00000000000000,0.00000000000000,0.00000000000000
442CEA8MALARIA_EST_INCIDENCE,MALARIA_EST_INCIDENCE,442CEA8,MALARIA_EST_INCIDENCE,2022,YEAR,032,COUNTRY,PUBLISHED,Malaria cases,Argentina,0.00000000000000,0.00000000000000,0.00000000000000
442CEA8MALARIA_EST_INCIDENCE,MALARIA_EST_INCIDENCE,442CEA8,MALARIA_EST_INCIDENCE,2022,YEAR,050,COUNTRY,PUBLISHED,Malaria cases,Bangladesh,1.22987814500000,1.04685084700000,1.42495716400000
442CEA8MALARIA_EST_INCIDENCE,MALARIA_EST_INCIDENCE,442CEA8,MALARIA_EST_INCIDENCE,2022,YEAR,051,COUNTRY,PUBLISHED,Malaria cases,Armenia,0.00000000000000,0.00000000000000,0.00000000000000
442CEA8MALARIA_EST_INCIDENCE,MALARIA_EST_INCIDENCE,442CEA8,MALARIA_EST_INCIDENCE,2022,YEAR,064,COUNTRY,PUBLISHED,Malaria cases,Bhutan,0.00000000000000,0.00000000000000,0.00000000000000
442CEA8MALARIA_EST_INCIDENCE,MALARIA_EST_INCIDENCE,442CEA8,MALARIA_EST_INCIDENCE,2022,YEAR,068,COUNTRY,PUBLISHED,Malaria cases,Bolivia (Plurinational State of),2.55281854000000,1.98884677300000,3.13997410500000
442CEA8MALARIA_EST_INCIDENCE,MALARIA_EST_INCIDENCE,442CEA8,MALARIA_EST_INCIDENCE,2022,YEAR,072,COUNTRY,PUBLISHED,Malaria cases,Botswana,0.33939190100000,0.26026227800000,0.48099065300000
442CEA8MALARIA_EST_INCIDENCE,MALARIA_EST_INCIDENCE,442CEA8,MALARIA_EST_INCIDENCE,2022,YEAR,076,COUNTRY,PUBLISHED,Malaria cases,Brazil,3.21253047600000,3.08402574300000,3.42531523700000
442CEA8MALARIA_EST_INCIDENCE,MALARIA_EST_INCIDENCE,442CEA8,MALARIA_EST_INCIDENCE,2022,YEAR,084,COUNTRY,PUBLISHED,Malaria cases,Belize,0.00000000000000,0.00000000000000,0.00000000000000
442CEA8MALARIA_EST_INCIDENCE,MALARIA_EST_INCIDENCE,442CEA8,MALARIA_EST_INCIDENCE,2022,YEAR,090,COUNTRY,PUBLISHED,Malaria cases,Solomon Islands,210.94852280000000,178.02238590000000,252.61052300000000
442CEA8MALARIA_EST_INCIDENCE,MALARIA_EST_INCIDENCE,442CEA8,MALARIA_EST_INCIDENCE,2022,YEAR,104,COUNTRY,PUBLISHED,Malaria cases,Myanmar,12.50567544000000,7.52092188100000,53.57495436000000
442CEA8MALARIA_EST_INCIDENCE,MALARIA_EST_INCIDENCE,442CEA8,MALARIA_EST_INCIDENCE,2022,YEAR,108,COUNTRY,PUBLISHED,Malaria cases,Burundi,342.30919570000000,224.71555460000000,499.37410940000000
442CEA8MALARIA_EST_INCIDENCE,MALARIA_EST_INCIDENCE,442CEA8,MALARIA_EST_INCIDENCE,2003,YEAR,792,COUNTRY,PUBLISHED,Malaria cases,Türkiye,2.09160134300000,2.09160134300000,2.09160134300000
442CEA8MALARIA_EST_INCIDENCE,MALARIA_EST_INCIDENCE,442CEA8,MALARIA_EST_INCIDENCE,2003,YEAR,795,COUNTRY,PUBLISHED,Malaria cases,Turkmenistan,0.02214131900000,0.02214131900000,0.02214131900000
442CEA8MALARIA_EST_INCIDENCE,MALARIA_EST_INCIDENCE,442CEA8,MALARIA_EST_INCIDENCE,2003,YEAR,800,COUNTRY,PUBLISHED,Malaria cases,Uganda,479.36276410000000,381.43900280000000,594.07604490000000
442CEA8MALARIA_EST_INCIDENCE,MALARIA_EST_INCIDENCE,442CEA8,MALARIA_EST_INCIDENCE,2003,YEAR,818,COUNTRY,PUBLISHED,Malaria cases,Egypt,0.00000000000000,0.00000000000000,0.00000000000000
442CEA8MALARIA_EST_INCIDENCE,MALARIA_EST_INCIDENCE,442CEA8,MALARIA_EST_INCIDENCE,2003,YEAR,834,COUNTRY,PUBLISHED,Malaria cases,United Republic of Tanzania,278.65306010000000,216.14450690000000,352.02492720000000
442CEA8MALARIA_EST_INCIDENCE,MALARIA_EST_INCIDENCE,442CEA8,MALARIA_EST_INCIDENCE,2003,YEAR,854,COUNTRY,PUBLISHED,Malaria cases,Burkina Faso,582.14312030000000,467.05146220000000,716.46868510000000
442CEA8MALARIA_EST_INCIDENCE,MALARIA_EST_INCIDENCE,442CEA8,MALARIA_EST_INCIDENCE,2005,YEAR,174,COUNTRY,PUBLISHED,Malaria cases,Comoros,60.09344044000000,40.28501190000000,80.77755675000000
442CEA8MALARIA_EST_INCIDENCE,MALARIA_EST_INCIDENCE,442CEA8,MALARIA_EST_INCIDENCE,2005,YEAR,175,OVERSEAS DEPARTMENT,PUBLISHED,Malaria cases,Mayotte,12.65438348000000,12.65438348000000,12.65438348000000
442CEA8MALARIA_EST_INCIDENCE,MALARIA_EST_INCIDENCE,442CEA8,MALARIA_EST_INCIDENCE,2005,YEAR,178,COUNTRY,PUBLISHED,Malaria cases,Congo,309.02206560000000,192.67224830000000,468.92153380000000
442CEA8MALARIA_EST_INCIDENCE,MALARIA_EST_INCIDENCE,442CEA8,MALARIA_EST_INCIDENCE,2005,YEAR,180,COUNTRY,PUBLISHED,Malaria cases,Democratic Republic of the Congo,468.33127910000000,377.39334570000000,580.34126090000000
442CEA8MALARIA_EST_INCIDENCE,MALARIA_EST_INCIDENCE,442CEA8,MALARIA_EST_INCIDENCE,2005,YEAR,188,COUNTRY,PUBLISHED,Malaria cases,Costa Rica,2.37422507500000,2.37422507500000,2.37422507500000
442CEA8MALARIA_EST_INCIDENCE,MALARIA_EST_INCIDENCE,442CEA8,MALARIA_EST_INCIDENCE,2005,YEAR,204,COUNTRY,PUBLISHED,Malaria cases,Benin,510.16603920000000,408.52045240000000,627.84463480000000
442CEA8MALARIA_EST_INCIDENCE,MALARIA_EST_INCIDENCE,442CEA8,MALARIA_EST_INCIDENCE,2005,YEAR,214,COUNTRY,PUBLISHED,Malaria cases,Dominican Republic,0.97415382900000,0.79487016500000,1.16012865100000
442CEA8MALARIA_EST_INCIDENCE,MALARIA_EST_INCIDENCE,442CEA8,MALARIA_EST_INCIDENCE,2005,YEAR,218,COUNTRY,PUBLISHED,Malaria cases,Ecuador,2.17291011900000,2.17291011900000,2.17291011900000
442CEA8MALARIA_EST_INCIDENCE,MALARIA_EST_INCIDENCE,442CEA8,MALARIA_EST_INCIDENCE,2022,YEAR,116,COUNTRY,PUBLISHED,Malaria cases,Cambodia,0.33071680000000,0.33071680000000,0.33071680000000
442CEA8MALARIA_EST_INCIDENCE,MALARIA_EST_INCIDENCE,442CEA8,MALARIA_EST_INCIDENCE,2022,YEAR,120,COUNTRY,PUBLISHED,Malaria cases,Cameroon,265.03429570000000,204.60636850000000,336.94455490000000
442CEA8MALARIA_EST_INCIDENCE,MALARIA_EST_INCIDENCE,442CEA8,MALARIA_EST_INCIDENCE,2024,YEAR,548,COUNTRY,PUBLISHED,Malaria cases,Vanuatu,12.24613075000000,7.36781409300000,19.21161338000000
442CEA8MALARIA_EST_INCIDENCE,MALARIA_EST_INCIDENCE,442CEA8,MALARIA_EST_INCIDENCE,2024,YEAR,558,COUNTRY,PUBLISHED,Malaria cases,Nicaragua,1.04367222800000,0.86753610900000,1.23065665600000
442CEA8MALARIA_EST_INCIDENCE,MALARIA_EST_INCIDENCE,442CEA8,MALARIA_EST_INCIDENCE,2024,YEAR,562,COUNTRY,PUBLISHED,Malaria cases,Niger,305.14364400000000,177.23415060000000,499.51782140000000
442CEA8MALARIA_EST_INCIDENCE,MALARIA_EST_INCIDENCE,442CEA8,MALARIA_EST_INCIDENCE,2024,YEAR,566,COUNTRY,PUBLISHED,Malaria cases,Nigeria,294.25179370000000,211.02995420000000,397.35969620000000
442CEA8MALARIA_EST_INCIDENCE,MALARIA_EST_INCIDENCE,442CEA8,MALARIA_EST_INCIDENCE,2024,YEAR,586,COUNTRY,PUBLISHED,Malaria cases,Pakistan,12.77160652000000,10.11061848000000,17.17651291000000
442CEA8MALARIA_EST_INCIDENCE,MALARIA_EST_INCIDENCE,442CEA8,MALARIA_EST_INCIDENCE,2024,YEAR,591,COUNTRY,PUBLISHED,Malaria cases,Panama,3.50362724600000,3.50362724600000,3.50362724600000
442CEA8MALARIA_EST_INCIDENCE,MALARIA_EST_INCIDENCE,442CEA8,MALARIA_EST_INCIDENCE,2024,YEAR,598,COUNTRY,PUBLISHED,Malaria cases,Papua New Guinea,151.76257250000000,105.46627140000000,201.98655250000000
442CEA8MALARIA_EST_INCIDENCE,MALARIA_EST_INCIDENCE,442CEA8,MALARIA_EST_INCIDENCE,2024,YEAR,600,COUNTRY,PUBLISHED,Malaria cases,Paraguay,0.00000000000000,0.00000000000000,0.00000000000000
442CEA8MALARIA_EST_INCIDENCE,MALARIA_EST_INCIDENCE,442CEA8,MALARIA_EST_INCIDENCE,2024,YEAR,604,COUNTRY,PUBLISHED,Malaria cases,Peru,3.24501069700000,2.65807605600000,3.86021854700000
442CEA8MALARIA_EST_INCIDENCE,MALARIA_EST_INCIDENCE,442CEA8,MALARIA_EST_INCIDENCE,2024,YEAR,608,COUNTRY,PUBLISHED,Malaria cases,Philippines,0.35312447100000,0.24753777000000,0.47310900300000
442CEA8MALARIA_EST_INCIDENCE,MALARIA_EST_INCIDENCE,442CEA8,MALARIA_EST_INCIDENCE,2024,YEAR,624,COUNTRY,PUBLISHED,Malaria cases,Guinea-Bissau,110.12777600000000,30.57728841000000,295.86770990000000
442CEA8MALARIA_EST_INCIDENCE,MALARIA_EST_INCIDENCE,442CEA8,MALARIA_EST_INCIDENCE,2024,YEAR,626,COUNTRY,PUBLISHED,Malaria cases,Timor-Leste,0.00000000000000,0.00000000000000,0.00000000000000
442CEA8MALARIA_EST_INCIDENCE,MALARIA_EST_INCIDENCE,442CEA8,MALARIA_EST_INCIDENCE,2005,YEAR,222,COUNTRY,PUBLISHED,Malaria cases,El Salvador,0.05495713300000,0.05495713300000,0.05495713300000
442CEA8MALARIA_EST_INCIDENCE,MALARIA_EST_INCIDENCE,442CEA8,MALARIA_EST_INCIDENCE,2005,YEAR,226,COUNTRY,PUBLISHED,Malaria cases,Equatorial Guinea,357.63542530000000,265.44860650000000,474.19550710000000
442CEA8MALARIA_EST_INCIDENCE,MALARIA_EST_INCIDENCE,442CEA8,MALARIA_EST_INCIDENCE,2005,YEAR,231,COUNTRY,PUBLISHED,Malaria cases,Ethiopia,149.47782110000000,54.05003265000000,439.86512660000000
442CEA8MALARIA_EST_INCIDENCE,MALARIA_EST_INCIDENCE,442CEA8,MALARIA_EST_INCIDENCE,2005,YEAR,232,COUNTRY,PUBLISHED,Malaria cases,Eritrea,10.40126799000000,6.12421624100000,15.85742447000000
442CEA8MALARIA_EST_INCIDENCE,MALARIA_EST_INCIDENCE,442CEA8,MALARIA_EST_INCIDENCE,2005,YEAR,254,OVERSEAS DEPARTMENT,PUBLISHED,Malaria cases,French Guiana,35.84533386000000,31.83650421000000,41.97899276000000
442CEA8MALARIA_EST_INCIDENCE,MALARIA_EST_INCIDENCE,442CEA8,MALARIA_EST_INCIDENCE,2005,YEAR,262,COUNTRY,PUBLISHED,Malaria cases,Djibouti,3.07163276400000,2.36768381700000,3.77717076100000
442CEA8MALARIA_EST_INCIDENCE,MALARIA_EST_INCIDENCE,442CEA8,MALARIA_EST_INCIDENCE,2005,YEAR,266,COUNTRY,PUBLISHED,Malaria cases,Gabon,158.03812110000000,96.49330883000000,242.56364050000000
442CEA8MALARIA_EST_INCIDENCE,MALARIA_EST_INCIDENCE,442CEA8,MALARIA_EST_INCIDENCE,2005,YEAR,268,COUNTRY,PUBLISHED,Malaria cases,Georgia,3.84987953600000,3.84987953600000,3.84987953600000
442CEA8MALARIA_EST_INCIDENCE,MALARIA_EST_INCIDENCE,442CEA8,MALARIA_EST_INCIDENCE,2005,YEAR,270,COUNTRY,PUBLISHED,Malaria cases,Gambia,269.35634900000000,197.94142240000000,347.46671790000000
442CEA8MALARIA_EST_INCIDENCE,MALARIA_EST_INCIDENCE,442CEA8,MALARIA_EST_INCIDENCE,2005,YEAR,288,COUNTRY,PUBLISHED,Malaria cases,Ghana,323.72596590000000,255.85608310000000,405.34396010000000
442CEA8MALARIA_EST_INCIDENCE,MALARIA_EST_INCIDENCE,442CEA8,MALARIA_EST_INCIDENCE,2005,YEAR,320,COUNTRY,PUBLISHED,Malaria cases,Guatemala,4.73152531100000,4.19580010800000,5.52362665500000
442CEA8MALARIA_EST_INCIDENCE,MALARIA_EST_INCIDENCE,442CEA8,MALARIA_EST_INCIDENCE,2005,YEAR,324,COUNTRY,PUBLISHED,Malaria cases,Guinea,420.23767650000000,300.26318850000000,571.13864350000000
442CEA8MALARIA_EST_INCIDENCE,MALARIA_EST_INCIDENCE,442CEA8,MALARIA_EST_INCIDENCE,2005,YEAR,328,COUNTRY,PUBLISHED,Malaria cases,Guyana,71.73346791000000,58.85789984000000,85.72062677000000
442CEA8MALARIA_EST_INCIDENCE,MALARIA_EST_INCIDENCE,442CEA8,MALARIA_EST_INCIDENCE,2005,YEAR,332,COUNTRY,PUBLISHED,Malaria cases,Haiti,9.71376521500000,5.59993228400000,15.68225001000000
442CEA8MALARIA_EST_INCIDENCE,MALARIA_EST_INCIDENCE,442CEA8,MALARIA_EST_INCIDENCE,2024,YEAR,646,COUNTRY,PUBLISHED,Malaria cases,Rwanda,77.13835155000000,59.95770826000000,94.97175547000000
442CEA8MALARIA_EST_INCIDENCE,MALARIA_EST_INCIDENCE,442CEA8,MALARIA_EST_INCIDENCE,2024,YEAR,678,COUNTRY,PUBLISHED,Malaria cases,Sao Tome and Principe,30.08881869000000,30.08881869000000,30.08881869000000
442CEA8MALARIA_EST_INCIDENCE,MALARIA_EST_INCIDENCE,442CEA8,MALARIA_EST_INCIDENCE,2024,YEAR,682,COUNTRY,PUBLISHED,Malaria cases,Saudi Arabia,0.00000000000000,0.00000000000000,0.00000000000000
442CEA8MALARIA_EST_INCIDENCE,MALARIA_EST_INCIDENCE,442CEA8,MALARIA_EST_INCIDENCE,2024,YEAR,686,COUNTRY,PUBLISHED,Malaria cases,Senegal,36.78065012000000,28.91437210000000,45.33848370000000
442CEA8MALARIA_EST_INCIDENCE,MALARIA_EST_INCIDENCE,442CEA8,MALARIA_EST_INCIDENCE,2024,YEAR,694,COUNTRY,PUBLISHED,Malaria cases,Sierra Leone,282.66567710000000,153.57053590000000,474.14384330000000
442CEA8MALARIA_EST_INCIDENCE,MALARIA_EST_INCIDENCE,442CEA8,MALARIA_EST_INCIDENCE,2024,YEAR,704,COUNTRY,PUBLISHED,Malaria cases,Viet Nam,0.00321120800000,0.00321120800000,0.00321120800000
442CEA8MALARIA_EST_INCIDENCE,MALARIA_EST_INCIDENCE,442CEA8,MALARIA_EST_INCIDENCE,2012,YEAR,682,COUNTRY,PUBLISHED,Malaria cases,Saudi Arabia,0.02825683300000,0.02825683300000,0.02825683300000
442CEA8MALARIA_EST_INCIDENCE,MALARIA_EST_INCIDENCE,442CEA8,MALARIA_EST_INCIDENCE,2012,YEAR,686,COUNTRY,PUBLISHED,Malaria cases,Senegal,53.04235891000000,36.79315546000000,71.89512463000000
442CEA8MALARIA_EST_INCIDENCE,MALARIA_EST_INCIDENCE,442CEA8,MALARIA_EST_INCIDENCE,2012,YEAR,694,COUNTRY,PUBLISHED,Malaria cases,Sierra Leone,413.43579990000000,327.22343110000000,513.77240850000000
442CEA8MALARIA_EST_INCIDENCE,MALARIA_EST_INCIDENCE,442CEA8,MALARIA_EST_INCIDENCE,2012,YEAR,704,COUNTRY,PUBLISHED,Malaria cases,Viet Nam,0.36135621600000,0.33231189600000,0.40604786100000
442CEA8MALARIA_EST_INCIDENCE,MALARIA_EST_INCIDENCE,442CEA8,MALARIA_EST_INCIDENCE,2012,YEAR,706,COUNTRY,PUBLISHED,Malaria cases,Somalia,34.12868465000000,24.67299393000000,46.20349751000000
442CEA8MALARIA_EST_INCIDENCE,MALARIA_EST_INCIDENCE,442CEA8,MALARIA_EST_INCIDENCE,2012,YEAR,710,COUNTRY,PUBLISHED,Malaria cases,South Africa,1.23106821200000,1.23106821200000,1.23106821200000
442CEA8MALARIA_EST_INCIDENCE,MALARIA_EST_INCIDENCE,442CEA8,MALARIA_EST_INCIDENCE,2012,YEAR,716,COUNTRY,PUBLISHED,Malaria cases,Zimbabwe,54.46025519000000,37.23099198000000,72.85474842000000
442CEA8MALARIA_EST_INCIDENCE,MALARIA_EST_INCIDENCE,442CEA8,MALARIA_EST_INCIDENCE,2012,YEAR,728,COUNTRY,PUBLISHED,Malaria cases,South Sudan,278.39626110000000,210.43045940000000,359.71762210000000
442CEA8MALARIA_EST_INCIDENCE,MALARIA_EST_INCIDENCE,442CEA8,MALARIA_EST_INCIDENCE,2012,YEAR,729,COUNTRY,PUBLISHED,Malaria cases,Sudan,32.33036983000000,24.60086385000000,41.28053252000000
442CEA8MALARIA_EST_INCIDENCE,MALARIA_EST_INCIDENCE,442CEA8,MALARIA_EST_INCIDENCE,2012,YEAR,740,COUNTRY,PUBLISHED,Malaria cases,Suriname,6.84717208200000,6.84717208200000,6.84717208200000
442CEA8MALARIA_EST_INCIDENCE,MALARIA_EST_INCIDENCE,442CEA8,MALARIA_EST_INCIDENCE,2012,YEAR,748,COUNTRY,PUBLISHED,Malaria cases,Eswatini,1.29972893200000,1.29972893200000,1.29972893200000
442CEA8MALARIA_EST_INCIDENCE,MALARIA_EST_INCIDENCE,442CEA8,MALARIA_EST_INCIDENCE,2012,YEAR,760,COUNTRY,PUBLISHED,Malaria cases,Syrian Arab Republic,0.00000000000000,0.00000000000000,0.00000000000000
442CEA8MALARIA_EST_INCIDENCE,MALARIA_EST_INCIDENCE,442CEA8,MALARIA_EST_INCIDENCE,2012,YEAR,762,COUNTRY,PUBLISHED,Malaria cases,Tajikistan,0.01046062600000,0.01046062600000,0.01046062600000
442CEA8MALARIA_EST_INCIDENCE,MALARIA_EST_INCIDENCE,442CEA8,MALARIA_EST_INCIDENCE,2012,YEAR,764,COUNTRY,PUBLISHED,Malaria cases,Thailand,3.55907051500000,3.55907051500000,3.55907051500000
442CEA8MALARIA_EST_INCIDENCE,MALARIA_EST_INCIDENCE,442CEA8,MALARIA_EST_INCIDENCE,2016,YEAR,626,COUNTRY,PUBLISHED,Malaria cases,Timor-Leste,0.09694971900000,0.08136851500000,0.11339654700000
442CEA8MALARIA_EST_INCIDENCE,MALARIA_EST_INCIDENCE,442CEA8,MALARIA_EST_INCIDENCE,2016,YEAR,646,COUNTRY,PUBLISHED,Malaria cases,Rwanda,410.08146280000000,301.64469750000000,523.28714980000000
442CEA8MALARIA_EST_INCIDENCE,MALARIA_EST_INCIDENCE,442CEA8,MALARIA_EST_INCIDENCE,2016,YEAR,678,COUNTRY,PUBLISHED,Malaria cases,Sao Tome and Principe,10.98739248000000,10.98739248000000,10.98739248000000
442CEA8MALARIA_EST_INCIDENCE,MALARIA_EST_INCIDENCE,442CEA8,MALARIA_EST_INCIDENCE,2016,YEAR,682,COUNTRY,PUBLISHED,Malaria cases,Saudi Arabia,0.08257625800000,0.08257625800000,0.08257625800000
442CEA8MALARIA_EST_INCIDENCE,MALARIA_EST_INCIDENCE,442CEA8,MALARIA_EST_INCIDENCE,2016,YEAR,686,COUNTRY,PUBLISHED,Malaria cases,Senegal,45.50388040000000,31.24255879000000,61.42858402000000
442CEA8MALARIA_EST_INCIDENCE,MALARIA_EST_INCIDENCE,442CEA8,MALARIA_EST_INCIDENCE,2016,YEAR,694,COUNTRY,PUBLISHED,Malaria cases,Sierra Leone,363.56401820000000,291.70372950000000,447.98313480000000
442CEA8MALARIA_EST_INCIDENCE,MALARIA_EST_INCIDENCE,442CEA8,MALARIA_EST_INCIDENCE,2016,YEAR,704,COUNTRY,PUBLISHED,Malaria cases,Viet Nam,0.07252040800000,0.06673169400000,0.08149921100000
442CEA8MALARIA_EST_INCIDENCE,MALARIA_EST_INCIDENCE,442CEA8,MALARIA_EST_INCIDENCE,2016,YEAR,706,COUNTRY,PUBLISHED,Malaria cases,Somalia,55.24840509000000,31.95572747000000,89.01692239000000
442CEA8MALARIA_EST_INCIDENCE,MALARIA_EST_INCIDENCE,442CEA8,MALARIA_EST_INCIDENCE,2016,YEAR,710,COUNTRY,PUBLISHED,Malaria cases,South Africa,0.75498323000000,0.75498323000000,0.75498323000000
442CEA8MALARIA_EST_INCIDENCE,MALARIA_EST_INCIDENCE,442CEA8,MALARIA_EST_INCIDENCE,2016,YEAR,716,COUNTRY,PUBLISHED,Malaria cases,Zimbabwe,66.16057787000000,43.35376824000000,91.47365345000000
442CEA8MALARIA_EST_INCIDENCE,MALARIA_EST_INCIDENCE,442CEA8,MALARIA_EST_INCIDENCE,2016,YEAR,728,COUNTRY,PUBLISHED,Malaria cases,South Sudan,265.70580780000000,187.71836130000000,367.61042280000000
442CEA8MALARIA_EST_INCIDENCE,MALARIA_EST_INCIDENCE,442CEA8,MALARIA_EST_INCIDENCE,2016,YEAR,729,COUNTRY,PUBLISHED,Malaria cases,Sudan,50.43394200000000,39.32593425000000,63.94268373000000
442CEA8MALARIA_EST_INCIDENCE,MALARIA_EST_INCIDENCE,442CEA8,MALARIA_EST_INCIDENCE,2016,YEAR,740,COUNTRY,PUBLISHED,Malaria cases,Suriname,0.89850364600000,0.89850364600000,0.89850364600000
442CEA8MALARIA_EST_INCIDENCE,MALARIA_EST_INCIDENCE,442CEA8,MALARIA_EST_INCIDENCE,2016,YEAR,748,COUNTRY,PUBLISHED,Malaria cases,Eswatini,0.77673040000000,0.77673040000000,0.77673040000000
442CEA8MALARIA_EST_INCIDENCE,MALARIA_EST_INCIDENCE,442CEA8,MALARIA_EST_INCIDENCE,2016,YEAR,760,COUNTRY,PUBLISHED,Malaria cases,Syrian Arab Republic,0.00000000000000,0.00000000000000,0.00000000000000
442CEA8MALARIA_EST_INCIDENCE,MALARIA_EST_INCIDENCE,442CEA8,MALARIA_EST_INCIDENCE,2016,YEAR,762,COUNTRY,PUBLISHED,Malaria cases,Tajikistan,0.00000000000000,0.00000000000000,0.00000000000000
442CEA8MALARIA_EST_INCIDENCE,MALARIA_EST_INCIDENCE,442CEA8,MALARIA_EST_INCIDENCE,2016,YEAR,764,COUNTRY,PUBLISHED,Malaria cases,Thailand,0.89808671700000,0.89808671700000,0.89808671700000
442CEA8MALARIA_EST_INCIDENCE,MALARIA_EST_INCIDENCE,442CEA8,MALARIA_EST_INCIDENCE,2016,YEAR,768,COUNTRY,PUBLISHED,Malaria cases,Togo,368.56801780000000,297.79931740000000,451.40477780000000
442CEA8MALARIA_EST_INCIDENCE,MALARIA_EST_INCIDENCE,442CEA8,MALARIA_EST_INCIDENCE,2016,YEAR,784,COUNTRY,PUBLISHED,Malaria cases,United Arab Emirates,0.00000000000000,0.00000000000000,0.00000000000000
442CEA8MALARIA_EST_INCIDENCE,MALARIA_EST_INCIDENCE,442CEA8,MALARIA_EST_INCIDENCE,2016,YEAR,792,COUNTRY,PUBLISHED,Malaria cases,Türkiye,0.00000000000000,0.00000000000000,0.00000000000000
442CEA8MALARIA_EST_INCIDENCE,MALARIA_EST_INCIDENCE,442CEA8,MALARIA_EST_INCIDENCE,2016,YEAR,795,COUNTRY,PUBLISHED,Malaria cases,Turkmenistan,0.00000000000000,0.00000000000000,0.00000000000000
442CEA8MALARIA_EST_INCIDENCE,MALARIA_EST_INCIDENCE,442CEA8,MALARIA_EST_INCIDENCE,2016,YEAR,800,COUNTRY,PUBLISHED,Malaria cases,Uganda,281.02235330000000,211.07023290000000,365.82514350000000
442CEA8MALARIA_EST_INCIDENCE,MALARIA_EST_INCIDENCE,442CEA8,MALARIA_EST_INCIDENCE,2016,YEAR,818,COUNTRY,PUBLISHED,Malaria cases,Egypt,0.00000000000000,0.00000000000000,0.00000000000000
442CEA8MALARIA_EST_INCIDENCE,MALARIA_EST_INCIDENCE,442CEA8,MALARIA_EST_INCIDENCE,2016,YEAR,834,COUNTRY,PUBLISHED,Malaria cases,United Republic of Tanzania,134.04676830000000,99.57775306000000,177.33459370000000
442CEA8MALARIA_EST_INCIDENCE,MALARIA_EST_INCIDENCE,442CEA8,MALARIA_EST_INCIDENCE,2016,YEAR,854,COUNTRY,PUBLISHED,Malaria cases,Burkina Faso,373.17197360000000,276.76222420000000,494.19370350000000
442CEA8MALARIA_EST_INCIDENCE,MALARIA_EST_INCIDENCE,442CEA8,MALARIA_EST_INCIDENCE,2016,YEAR,860,COUNTRY,PUBLISHED,Malaria cases,Uzbekistan,0.00000000000000,0.00000000000000,0.00000000000000
442CEA8MALARIA_EST_INCIDENCE,MALARIA_EST_INCIDENCE,442CEA8,MALARIA_EST_INCIDENCE,2016,YEAR,862,COUNTRY,PUBLISHED,Malaria cases,Venezuela (Bolivarian Republic of),18.32019533000000,16.31233074000000,21.04834212000000
442CEA8MALARIA_EST_INCIDENCE,MALARIA_EST_INCIDENCE,442CEA8,MALARIA_EST_INCIDENCE,2016,YEAR,887,COUNTRY,PUBLISHED,Malaria cases,Yemen,32.76087837000000,22.43785910000000,48.17302862000000
442CEA8MALARIA_EST_INCIDENCE,MALARIA_EST_INCIDENCE,442CEA8,MALARIA_EST_INCIDENCE,2016,YEAR,894,COUNTRY,PUBLISHED,Malaria cases,Zambia,229.08135860000000,182.76696310000000,283.60364700000000
442CEA8MALARIA_EST_INCIDENCE,MALARIA_EST_INCIDENCE,442CEA8,MALARIA_EST_INCIDENCE,2016,YEAR,953,WHOREGION,PUBLISHED,Malaria cases,Africa,237.98358460000000,219.87691040000000,258.59050000000000
442CEA8MALARIA_EST_INCIDENCE,MALARIA_EST_INCIDENCE,442CEA8,MALARIA_EST_INCIDENCE,2016,YEAR,954,WHOREGION,PUBLISHED,Malaria cases,Americas,4.73918244600000,4.38151351100000,5.15276273500000
442CEA8MALARIA_EST_INCIDENCE,MALARIA_EST_INCIDENCE,442CEA8,MALARIA_EST_INCIDENCE,2016,YEAR,955,WHOREGION,PUBLISHED,Malaria cases,South-East Asia,5.98257056300000,4.68802505100000,7.45176029100000
442CEA8MALARIA_EST_INCIDENCE,MALARIA_EST_INCIDENCE,442CEA8,MALARIA_EST_INCIDENCE,2016,YEAR,956,WHOREGION,PUBLISHED,Malaria cases,Europe,0.00000000000000,0.00000000000000,0.00000000000000
442CEA8MALARIA_EST_INCIDENCE,MALARIA_EST_INCIDENCE,442CEA8,MALARIA_EST_INCIDENCE,2016,YEAR,957,WHOREGION,PUBLISHED,Malaria cases,Eastern Mediterranean,10.65835770000000,9.08476696800000,12.76813477000000
442CEA8MALARIA_EST_INCIDENCE,MALARIA_EST_INCIDENCE,442CEA8,MALARIA_EST_INCIDENCE,2016,YEAR,958,WHOREGION,PUBLISHED,Malaria cases,Western Pacific,2.52729180700000,2.11975142900000,2.98736214800000
442CEA8MALARIA_EST_INCIDENCE,MALARIA_EST_INCIDENCE,442CEA8,MALARIA_EST_INCIDENCE,2017,YEAR,001,GLOBAL,PUBLISHED,Malaria cases,World,59.72964793000000,55.51242976000000,64.52169847000000
442CEA8MALARIA_EST_INCIDENCE,MALARIA_EST_INCIDENCE,442CEA8,MALARIA_EST_INCIDENCE,2017,YEAR,004,COUNTRY,PUBLISHED,Malaria cases,Afghanistan,28.99223169000000,22.05683508000000,37.09223544000000
442CEA8MALARIA_EST_INCIDENCE,MALARIA_EST_INCIDENCE,442CEA8,MALARIA_EST_INCIDENCE,2017,YEAR,012,COUNTRY,PUBLISHED,Malaria cases,Algeria,0.00000000000000,0.00000000000000,0.00000000000000
442CEA8MALARIA_EST_INCIDENCE,MALARIA_EST_INCIDENCE,442CEA8,MALARIA_EST_INCIDENCE,2017,YEAR,024,COUNTRY,PUBLISHED,Malaria cases,Angola,215.31455810000000,167.48185100000000,271.89654790000000
442CEA8MALARIA_EST_INCIDENCE,MALARIA_EST_INCIDENCE,442CEA8,MALARIA_EST_INCIDENCE,2017,YEAR,031,COUNTRY,PUBLISHED,Malaria cases,Azerbaijan,0.00000000000000,0.00000000000000,0.00000000000000
442CEA8MALARIA_EST_INCIDENCE,MALARIA_EST_INCIDENCE,442CEA8,MALARIA_EST_INCIDENCE,2017,YEAR,032,COUNTRY,PUBLISHED,Malaria cases,Argentina,0.00000000000000,0.00000000000000,0.00000000000000
442CEA8MALARIA_EST_INCIDENCE,MALARIA_EST_INCIDENCE,442CEA8,MALARIA_EST_INCIDENCE,2017,YEAR,050,COUNTRY,PUBLISHED,Malaria cases,Bangladesh,1.90693400000000,1.73855901100000,2.10305682100000
442CEA8MALARIA_EST_INCIDENCE,MALARIA_EST_INCIDENCE,442CEA8,MALARIA_EST_INCIDENCE,2017,YEAR,051,COUNTRY,PUBLISHED,Malaria cases,Armenia,0.00000000000000,0.00000000000000,0.00000000000000
442CEA8MALARIA_EST_INCIDENCE,MALARIA_EST_INCIDENCE,442CEA8,MALARIA_EST_INCIDENCE,2020,YEAR,591,COUNTRY,PUBLISHED,Malaria cases,Panama,0.71302326000000,0.68625446900000,0.75856497000000
442CEA8MALARIA_EST_INCIDENCE,MALARIA_EST_INCIDENCE,442CEA8,MALARIA_EST_INCIDENCE,2020,YEAR,598,COUNTRY,PUBLISHED,Malaria cases,Papua New Guinea,149.77161690000000,102.97107350000000,201.17811740000000
442CEA8MALARIA_EST_INCIDENCE,MALARIA_EST_INCIDENCE,442CEA8,MALARIA_EST_INCIDENCE,2020,YEAR,600,COUNTRY,PUBLISHED,Malaria cases,Paraguay,0.00000000000000,0.00000000000000,0.00000000000000
442CEA8MALARIA_EST_INCIDENCE,MALARIA_EST_INCIDENCE,442CEA8,MALARIA_EST_INCIDENCE,2020,YEAR,604,COUNTRY,PUBLISHED,Malaria cases,Peru,2.30622871700000,1.68324846000000,3.22841782400000
442CEA8MALARIA_EST_INCIDENCE,MALARIA_EST_INCIDENCE,442CEA8,MALARIA_EST_INCIDENCE,2020,YEAR,608,COUNTRY,PUBLISHED,Malaria cases,Philippines,0.23194311000000,0.16350236800000,0.31019239600000
442CEA8MALARIA_EST_INCIDENCE,MALARIA_EST_INCIDENCE,442CEA8,MALARIA_EST_INCIDENCE,2020,YEAR,624,COUNTRY,PUBLISHED,Malaria cases,Guinea-Bissau,95.17125252000000,34.27038552000000,208.75480250000000
442CEA8MALARIA_EST_INCIDENCE,MALARIA_EST_INCIDENCE,442CEA8,MALARIA_EST_INCIDENCE,2020,YEAR,626,COUNTRY,PUBLISHED,Malaria cases,Timor-Leste,0.00240545600000,0.00240545600000,0.00240545600000
442CEA8MALARIA_EST_INCIDENCE,MALARIA_EST_INCIDENCE,442CEA8,MALARIA_EST_INCIDENCE,2020,YEAR,646,COUNTRY,PUBLISHED,Malaria cases,Rwanda,213.11646550000000,165.61302960000000,262.52263250000000
442CEA8MALARIA_EST_INCIDENCE,MALARIA_EST_INCIDENCE,442CEA8,MALARIA_EST_INCIDENCE,2020,YEAR,678,COUNTRY,PUBLISHED,Malaria cases,Sao Tome and Principe,8.89005399300000,8.89005399300000,8.89005399300000
442CEA8MALARIA_EST_INCIDENCE,MALARIA_EST_INCIDENCE,442CEA8,MALARIA_EST_INCIDENCE,2020,YEAR,682,COUNTRY,PUBLISHED,Malaria cases,Saudi Arabia,0.02497561100000,0.02497561100000,0.02497561100000
442CEA8MALARIA_EST_INCIDENCE,MALARIA_EST_INCIDENCE,442CEA8,MALARIA_EST_INCIDENCE,2020,YEAR,686,COUNTRY,PUBLISHED,Malaria cases,Senegal,35.58551473000000,28.12338084000000,43.44792483000000
442CEA8MALARIA_EST_INCIDENCE,MALARIA_EST_INCIDENCE,442CEA8,MALARIA_EST_INCIDENCE,2020,YEAR,694,COUNTRY,PUBLISHED,Malaria cases,Sierra Leone,313.11075380000000,178.19764800000000,510.18799170000000
442CEA8MALARIA_EST_INCIDENCE,MALARIA_EST_INCIDENCE,442CEA8,MALARIA_EST_INCIDENCE,2020,YEAR,704,COUNTRY,PUBLISHED,Malaria cases,Viet Nam,0.02292369600000,0.02109720100000,0.02551073900000
442CEA8MALARIA_EST_INCIDENCE,MALARIA_EST_INCIDENCE,442CEA8,MALARIA_EST_INCIDENCE,2020,YEAR,706,COUNTRY,PUBLISHED,Malaria cases,Somalia,56.50004594000000,38.17925175000000,79.93582291000000
442CEA8MALARIA_EST_INCIDENCE,MALARIA_EST_INCIDENCE,442CEA8,MALARIA_EST_INCIDENCE,2020,YEAR,710,COUNTRY,PUBLISHED,Malaria cases,South Africa,0.73692612500000,0.73692612500000,0.73692612500000
442CEA8MALARIA_EST_INCIDENCE,MALARIA_EST_INCIDENCE,442CEA8,MALARIA_EST_INCIDENCE,2020,YEAR,716,COUNTRY,PUBLISHED,Malaria cases,Zimbabwe,94.29687221000000,56.56121918000000,135.91602720000000
442CEA8MALARIA_EST_INCIDENCE,MALARIA_EST_INCIDENCE,442CEA8,MALARIA_EST_INCIDENCE,2020,YEAR,728,COUNTRY,PUBLISHED,Malaria cases,South Sudan,281.60380360000000,183.46691170000000,420.86435840000000
442CEA8MALARIA_EST_INCIDENCE,MALARIA_EST_INCIDENCE,442CEA8,MALARIA_EST_INCIDENCE,2020,YEAR,729,COUNTRY,PUBLISHED,Malaria cases,Sudan,65.75720383000000,36.68652515000000,108.25987390000000
442CEA8MALARIA_EST_INCIDENCE,MALARIA_EST_INCIDENCE,442CEA8,MALARIA_EST_INCIDENCE,2020,YEAR,740,COUNTRY,PUBLISHED,Malaria cases,Suriname,1.62540496900000,1.62540496900000,1.62540496900000
442CEA8MALARIA_EST_INCIDENCE,MALARIA_EST_INCIDENCE,442CEA8,MALARIA_EST_INCIDENCE,2020,YEAR,748,COUNTRY,PUBLISHED,Malaria cases,Eswatini,0.69767998900000,0.69767998900000,0.69767998900000
442CEA8MALARIA_EST_INCIDENCE,MALARIA_EST_INCIDENCE,442CEA8,MALARIA_EST_INCIDENCE,2020,YEAR,760,COUNTRY,PUBLISHED,Malaria cases,Syrian Arab Republic,0.00000000000000,0.00000000000000,0.00000000000000
442CEA8MALARIA_EST_INCIDENCE,MALARIA_EST_INCIDENCE,442CEA8,MALARIA_EST_INCIDENCE,2020,YEAR,762,COUNTRY,PUBLISHED,Malaria cases,Tajikistan,0.00000000000000,0.00000000000000,0.00000000000000
442CEA8MALARIA_EST_INCIDENCE,MALARIA_EST_INCIDENCE,442CEA8,MALARIA_EST_INCIDENCE,2020,YEAR,764,COUNTRY,PUBLISHED,Malaria cases,Thailand,0.22972209700000,0.22972209700000,0.22972209700000
442CEA8MALARIA_EST_INCIDENCE,MALARIA_EST_INCIDENCE,442CEA8,MALARIA_EST_INCIDENCE,2020,YEAR,768,COUNTRY,PUBLISHED,Malaria cases,Togo,283.92243350000000,204.22931190000000,386.21545450000000
442CEA8MALARIA_EST_INCIDENCE,MALARIA_EST_INCIDENCE,442CEA8,MALARIA_EST_INCIDENCE,2020,YEAR,784,COUNTRY,PUBLISHED,Malaria cases,United Arab Emirates,0.00000000000000,0.00000000000000,0.00000000000000
442CEA8MALARIA_EST_INCIDENCE,MALARIA_EST_INCIDENCE,442CEA8,MALARIA_EST_INCIDENCE,2020,YEAR,792,COUNTRY,PUBLISHED,Malaria cases,Türkiye,0.00000000000000,0.00000000000000,0.00000000000000
442CEA8MALARIA_EST_INCIDENCE,MALARIA_EST_INCIDENCE,442CEA8,MALARIA_EST_INCIDENCE,2020,YEAR,795,COUNTRY,PUBLISHED,Malaria cases,Turkmenistan,0.00000000000000,0.00000000000000,0.00000000000000
442CEA8MALARIA_EST_INCIDENCE,MALARIA_EST_INCIDENCE,442CEA8,MALARIA_EST_INCIDENCE,2020,YEAR,800,COUNTRY,PUBLISHED,Malaria cases,Uganda,255.66318330000000,197.22098880000000,326.40554160000000
442CEA8MALARIA_EST_INCIDENCE,MALARIA_EST_INCIDENCE,442CEA8,MALARIA_EST_INCIDENCE,2020,YEAR,818,COUNTRY,PUBLISHED,Malaria cases,Egypt,0.00000000000000,0.00000000000000,0.00000000000000
442CEA8MALARIA_EST_INCIDENCE,MALARIA_EST_INCIDENCE,442CEA8,MALARIA_EST_INCIDENCE,2020,YEAR,834,COUNTRY,PUBLISHED,Malaria cases,United Republic of Tanzania,123.34930280000000,89.28394658000000,165.19954380000000
442CEA8MALARIA_EST_INCIDENCE,MALARIA_EST_INCIDENCE,442CEA8,MALARIA_EST_INCIDENCE,2020,YEAR,854,COUNTRY,PUBLISHED,Malaria cases,Burkina Faso,378.17415210000000,250.23342090000000,545.59515710000000
442CEA8MALARIA_EST_INCIDENCE,MALARIA_EST_INCIDENCE,442CEA8,MALARIA_EST_INCIDENCE,2020,YEAR,860,COUNTRY,PUBLISHED,Malaria cases,Uzbekistan,0.00000000000000,0.00000000000000,0.00000000000000
442CEA8MALARIA_EST_INCIDENCE,MALARIA_EST_INCIDENCE,442CEA8,MALARIA_EST_INCIDENCE,2020,YEAR,862,COUNTRY,PUBLISHED,Malaria cases,Venezuela (Bolivarian Republic of),15.68460160000000,13.95847241000000,18.02944662000000
442CEA8MALARIA_EST_INCIDENCE,MALARIA_EST_INCIDENCE,442CEA8,MALARIA_EST_INCIDENCE,2020,YEAR,887,COUNTRY,PUBLISHED,Malaria cases,Yemen,36.47733788000000,23.51152718000000,55.31172036000000
442CEA8MALARIA_EST_INCIDENCE,MALARIA_EST_INCIDENCE,442CEA8,MALARIA_EST_INCIDENCE,2020,YEAR,894,COUNTRY,PUBLISHED,Malaria cases,Zambia,234.24741450000000,185.89577480000000,291.20294740000000
442CEA8MALARIA_EST_INCIDENCE,MALARIA_EST_INCIDENCE,442CEA8,MALARIA_EST_INCIDENCE,2005,YEAR,340,COUNTRY,PUBLISHED,Malaria cases,Honduras,3.46447751700000,2.52009811800000,4.43556607700000
442CEA8MALARIA_EST_INCIDENCE,MALARIA_EST_INCIDENCE,442CEA8,MALARIA_EST_INCIDENCE,2005,YEAR,356,COUNTRY,PUBLISHED,Malaria cases,India,22.41103869000000,16.88253088000000,30.82314146000000
442CEA8MALARIA_EST_INCIDENCE,MALARIA_EST_INCIDENCE,442CEA8,MALARIA_EST_INCIDENCE,2005,YEAR,360,COUNTRY,PUBLISHED,Malaria cases,Indonesia,5.14251100100000,4.63201469300000,5.76073773000000
442CEA8MALARIA_EST_INCIDENCE,MALARIA_EST_INCIDENCE,442CEA8,MALARIA_EST_INCIDENCE,2005,YEAR,364,COUNTRY,PUBLISHED,Malaria cases,Iran (Islamic Republic of),25.86150473000000,25.86150473000000,25.86150473000000
442CEA8MALARIA_EST_INCIDENCE,MALARIA_EST_INCIDENCE,442CEA8,MALARIA_EST_INCIDENCE,2005,YEAR,368,COUNTRY,PUBLISHED,Malaria cases,Iraq,0.01272689100000,0.01272689100000,0.01272689100000
442CEA8MALARIA_EST_INCIDENCE,MALARIA_EST_INCIDENCE,442CEA8,MALARIA_EST_INCIDENCE,2005,YEAR,384,COUNTRY,PUBLISHED,Malaria cases,Côte d'Ivoire,466.34367560000000,380.82284800000000,565.68564410000000
442CEA8MALARIA_EST_INCIDENCE,MALARIA_EST_INCIDENCE,442CEA8,MALARIA_EST_INCIDENCE,2005,YEAR,404,COUNTRY,PUBLISHED,Malaria cases,Kenya,138.91850380000000,101.95745200000000,186.77322610000000
442CEA8MALARIA_EST_INCIDENCE,MALARIA_EST_INCIDENCE,442CEA8,MALARIA_EST_INCIDENCE,2005,YEAR,408,COUNTRY,PUBLISHED,Malaria cases,Democratic People's Republic of Korea,0.70543430800000,0.70543430800000,0.70543430800000
442CEA8MALARIA_EST_INCIDENCE,MALARIA_EST_INCIDENCE,442CEA8,MALARIA_EST_INCIDENCE,2008,YEAR,356,COUNTRY,PUBLISHED,Malaria cases,India,14.53795722000000,10.95419275000000,19.47467241000000
442CEA8MALARIA_EST_INCIDENCE,MALARIA_EST_INCIDENCE,442CEA8,MALARIA_EST_INCIDENCE,2008,YEAR,360,COUNTRY,PUBLISHED,Malaria cases,Indonesia,5.28387774900000,4.35953288200000,6.50062804700000
442CEA8MALARIA_EST_INCIDENCE,MALARIA_EST_INCIDENCE,442CEA8,MALARIA_EST_INCIDENCE,2008,YEAR,364,COUNTRY,PUBLISHED,Malaria cases,Iran (Islamic Republic of),10.82879377000000,10.82879377000000,10.82879377000000
442CEA8MALARIA_EST_INCIDENCE,MALARIA_EST_INCIDENCE,442CEA8,MALARIA_EST_INCIDENCE,2008,YEAR,368,COUNTRY,PUBLISHED,Malaria cases,Iraq,0.00053103400000,0.00053103400000,0.00053103400000
442CEA8MALARIA_EST_INCIDENCE,MALARIA_EST_INCIDENCE,442CEA8,MALARIA_EST_INCIDENCE,2008,YEAR,384,COUNTRY,PUBLISHED,Malaria cases,Côte d'Ivoire,392.96587710000000,321.49182560000000,479.78274170000000
442CEA8MALARIA_EST_INCIDENCE,MALARIA_EST_INCIDENCE,442CEA8,MALARIA_EST_INCIDENCE,2008,YEAR,404,COUNTRY,PUBLISHED,Malaria cases,Kenya,79.77661578000000,60.17991447000000,103.54129110000000
442CEA8MALARIA_EST_INCIDENCE,MALARIA_EST_INCIDENCE,442CEA8,MALARIA_EST_INCIDENCE,2020,YEAR,953,WHOREGION,PUBLISHED,Malaria cases,Africa,237.77022370000000,215.47182850000000,264.63043670000000
442CEA8MALARIA_EST_INCIDENCE,MALARIA_EST_INCIDENCE,442CEA8,MALARIA_EST_INCIDENCE,2020,YEAR,954,WHOREGION,PUBLISHED,Malaria cases,Americas,4.32454826000000,4.00391186800000,4.69338646800000
442CEA8MALARIA_EST_INCIDENCE,MALARIA_EST_INCIDENCE,442CEA8,MALARIA_EST_INCIDENCE,2020,YEAR,955,WHOREGION,PUBLISHED,Malaria cases,South-East Asia,2.41426481400000,1.54942748200000,3.36536259500000
442CEA8MALARIA_EST_INCIDENCE,MALARIA_EST_INCIDENCE,442CEA8,MALARIA_EST_INCIDENCE,2020,YEAR,956,WHOREGION,PUBLISHED,Malaria cases,Europe,0.00000000000000,0.00000000000000,0.00000000000000
442CEA8MALARIA_EST_INCIDENCE,MALARIA_EST_INCIDENCE,442CEA8,MALARIA_EST_INCIDENCE,2020,YEAR,957,WHOREGION,PUBLISHED,Malaria cases,Eastern Mediterranean,10.63454652000000,7.99009872700000,14.47826974000000
442CEA8MALARIA_EST_INCIDENCE,MALARIA_EST_INCIDENCE,442CEA8,MALARIA_EST_INCIDENCE,2020,YEAR,958,WHOREGION,PUBLISHED,Malaria cases,Western Pacific,2.06652625100000,1.62178804700000,2.55543287200000
442CEA8MALARIA_EST_INCIDENCE,MALARIA_EST_INCIDENCE,442CEA8,MALARIA_EST_INCIDENCE,2021,YEAR,001,GLOBAL,PUBLISHED,Malaria cases,World,59.96845745000000,54.61986913000000,66.66545709000000
442CEA8MALARIA_EST_INCIDENCE,MALARIA_EST_INCIDENCE,442CEA8,MALARIA_EST_INCIDENCE,2021,YEAR,004,COUNTRY,PUBLISHED,Malaria cases,Afghanistan,6.25681270900000,4.81781572600000,7.93026127000000
442CEA8MALARIA_EST_INCIDENCE,MALARIA_EST_INCIDENCE,442CEA8,MALARIA_EST_INCIDENCE,2021,YEAR,012,COUNTRY,PUBLISHED,Malaria cases,Algeria,0.00000000000000,0.00000000000000,0.00000000000000
442CEA8MALARIA_EST_INCIDENCE,MALARIA_EST_INCIDENCE,442CEA8,MALARIA_EST_INCIDENCE,2021,YEAR,024,COUNTRY,PUBLISHED,Malaria cases,Angola,258.60807530000000,169.51377430000000,375.19961820000000
442CEA8MALARIA_EST_INCIDENCE,MALARIA_EST_INCIDENCE,442CEA8,MALARIA_EST_INCIDENCE,2021,YEAR,031,COUNTRY,PUBLISHED,Malaria cases,Azerbaijan,0.00000000000000,0.00000000000000,0.00000000000000
442CEA8MALARIA_EST_INCIDENCE,MALARIA_EST_INCIDENCE,442CEA8,MALARIA_EST_INCIDENCE,2021,YEAR,032,COUNTRY,PUBLISHED,Malaria cases,Argentina,0.00000000000000,0.00000000000000,0.00000000000000
442CEA8MALARIA_EST_INCIDENCE,MALARIA_EST_INCIDENCE,442CEA8,MALARIA_EST_INCIDENCE,2021,YEAR,050,COUNTRY,PUBLISHED,Malaria cases,Bangladesh,0.49666167400000,0.42327346400000,0.57646846400000
442CEA8MALARIA_EST_INCIDENCE,MALARIA_EST_INCIDENCE,442CEA8,MALARIA_EST_INCIDENCE,2021,YEAR,064,COUNTRY,PUBLISHED,Malaria cases,Bhutan,0.01568419700000,0.01568419700000,0.01568419700000
442CEA8MALARIA_EST_INCIDENCE,MALARIA_EST_INCIDENCE,442CEA8,MALARIA_EST_INCIDENCE,2008,YEAR,408,COUNTRY,PUBLISHED,Malaria cases,Democratic People's Republic of Korea,1.71577807200000,1.71577807200000,1.71577807200000
442CEA8MALARIA_EST_INCIDENCE,MALARIA_EST_INCIDENCE,442CEA8,MALARIA_EST_INCIDENCE,2008,YEAR,410,COUNTRY,PUBLISHED,Malaria cases,Republic of Korea,0.31403676400000,0.31403676400000,0.31403676400000
442CEA8MALARIA_EST_INCIDENCE,MALARIA_EST_INCIDENCE,442CEA8,MALARIA_EST_INCIDENCE,2008,YEAR,417,COUNTRY,PUBLISHED,Malaria cases,Kyrgyzstan,0.00431948300000,0.00431948300000,0.00431948300000
442CEA8MALARIA_EST_INCIDENCE,MALARIA_EST_INCIDENCE,442CEA8,MALARIA_EST_INCIDENCE,2008,YEAR,418,COUNTRY,PUBLISHED,Malaria cases,Lao People's Democratic Republic,12.95378163000000,8.67470649600000,18.27894825000000
442CEA8MALARIA_EST_INCIDENCE,MALARIA_EST_INCIDENCE,442CEA8,MALARIA_EST_INCIDENCE,2008,YEAR,430,COUNTRY,PUBLISHED,Malaria cases,Liberia,357.06043670000000,279.06097560000000,453.18206370000000
442CEA8MALARIA_EST_INCIDENCE,MALARIA_EST_INCIDENCE,442CEA8,MALARIA_EST_INCIDENCE,2008,YEAR,450,COUNTRY,PUBLISHED,Malaria cases,Madagascar,29.89838385000000,15.55862714000000,52.06768691000000
442CEA8MALARIA_EST_INCIDENCE,MALARIA_EST_INCIDENCE,442CEA8,MALARIA_EST_INCIDENCE,2008,YEAR,454,COUNTRY,PUBLISHED,Malaria cases,Malawi,359.35783830000000,282.98102620000000,450.15360160000000
442CEA8MALARIA_EST_INCIDENCE,MALARIA_EST_INCIDENCE,442CEA8,MALARIA_EST_INCIDENCE,2008,YEAR,458,COUNTRY,PUBLISHED,Malaria cases,Malaysia,5.50506800000000,5.50506800000000,5.50506800000000
442CEA8MALARIA_EST_INCIDENCE,MALARIA_EST_INCIDENCE,442CEA8,MALARIA_EST_INCIDENCE,2008,YEAR,466,COUNTRY,PUBLISHED,Malaria cases,Mali,369.17264300000000,255.18984810000000,516.06720270000000
442CEA8MALARIA_EST_INCIDENCE,MALARIA_EST_INCIDENCE,442CEA8,MALARIA_EST_INCIDENCE,2008,YEAR,478,COUNTRY,PUBLISHED,Malaria cases,Mauritania,65.48082034000000,15.79969076000000,131.23783480000000
442CEA8MALARIA_EST_INCIDENCE,MALARIA_EST_INCIDENCE,442CEA8,MALARIA_EST_INCIDENCE,2008,YEAR,484,COUNTRY,PUBLISHED,Malaria cases,Mexico,1.00729336800000,1.00729336800000,1.00729336800000
442CEA8MALARIA_EST_INCIDENCE,MALARIA_EST_INCIDENCE,442CEA8,MALARIA_EST_INCIDENCE,2008,YEAR,504,COUNTRY,PUBLISHED,Malaria cases,Morocco,0.00000000000000,0.00000000000000,0.00000000000000
442CEA8MALARIA_EST_INCIDENCE,MALARIA_EST_INCIDENCE,442CEA8,MALARIA_EST_INCIDENCE,2008,YEAR,508,COUNTRY,PUBLISHED,Malaria cases,Mozambique,369.61385460000000,304.52151620000000,443.88910220000000
442CEA8MALARIA_EST_INCIDENCE,MALARIA_EST_INCIDENCE,442CEA8,MALARIA_EST_INCIDENCE,2008,YEAR,512,COUNTRY,PUBLISHED,Malaria cases,Oman,0.00000000000000,0.00000000000000,0.00000000000000
442CEA8MALARIA_EST_INCIDENCE,MALARIA_EST_INCIDENCE,442CEA8,MALARIA_EST_INCIDENCE,2021,YEAR,068,COUNTRY,PUBLISHED,Malaria cases,Bolivia (Plurinational State of),2.48835729100000,1.94861771200000,3.05597917600000
442CEA8MALARIA_EST_INCIDENCE,MALARIA_EST_INCIDENCE,442CEA8,MALARIA_EST_INCIDENCE,2021,YEAR,072,COUNTRY,PUBLISHED,Malaria cases,Botswana,0.67332158000000,0.51441266200000,0.93713864700000
442CEA8MALARIA_EST_INCIDENCE,MALARIA_EST_INCIDENCE,442CEA8,MALARIA_EST_INCIDENCE,2021,YEAR,076,COUNTRY,PUBLISHED,Malaria cases,Brazil,3.47457653200000,3.33686607600000,3.71127330200000
442CEA8MALARIA_EST_INCIDENCE,MALARIA_EST_INCIDENCE,442CEA8,MALARIA_EST_INCIDENCE,2021,YEAR,084,COUNTRY,PUBLISHED,Malaria cases,Belize,0.00000000000000,0.00000000000000,0.00000000000000
442CEA8MALARIA_EST_INCIDENCE,MALARIA_EST_INCIDENCE,442CEA8,MALARIA_EST_INCIDENCE,2021,YEAR,090,COUNTRY,PUBLISHED,Malaria cases,Solomon Islands,204.13264190000000,168.67785260000000,249.05783710000000
442CEA8MALARIA_EST_INCIDENCE,MALARIA_EST_INCIDENCE,442CEA8,MALARIA_EST_INCIDENCE,2021,YEAR,104,COUNTRY,PUBLISHED,Malaria cases,Myanmar,6.29609325700000,3.80143133700000,26.62444099000000
442CEA8MALARIA_EST_INCIDENCE,MALARIA_EST_INCIDENCE,442CEA8,MALARIA_EST_INCIDENCE,2021,YEAR,108,COUNTRY,PUBLISHED,Malaria cases,Burundi,349.96549680000000,247.23586810000000,483.59749630000000
442CEA8MALARIA_EST_INCIDENCE,MALARIA_EST_INCIDENCE,442CEA8,MALARIA_EST_INCIDENCE,2021,YEAR,116,COUNTRY,PUBLISHED,Malaria cases,Cambodia,0.36289031600000,0.36289031600000,0.36289031600000
442CEA8MALARIA_EST_INCIDENCE,MALARIA_EST_INCIDENCE,442CEA8,MALARIA_EST_INCIDENCE,2021,YEAR,120,COUNTRY,PUBLISHED,Malaria cases,Cameroon,270.65249290000000,207.36113490000000,346.12962230000000
442CEA8MALARIA_EST_INCIDENCE,MALARIA_EST_INCIDENCE,442CEA8,MALARIA_EST_INCIDENCE,2021,YEAR,132,COUNTRY,PUBLISHED,Malaria cases,Cabo Verde,0.00000000000000,0.00000000000000,0.00000000000000
442CEA8MALARIA_EST_INCIDENCE,MALARIA_EST_INCIDENCE,442CEA8,MALARIA_EST_INCIDENCE,2021,YEAR,140,COUNTRY,PUBLISHED,Malaria cases,Central African Republic,364.25285110000000,174.27695570000000,691.06257700000000
442CEA8MALARIA_EST_INCIDENCE,MALARIA_EST_INCIDENCE,442CEA8,MALARIA_EST_INCIDENCE,2021,YEAR,144,COUNTRY,PUBLISHED,Malaria cases,Sri Lanka,0.00000000000000,0.00000000000000,0.00000000000000
442CEA8MALARIA_EST_INCIDENCE,MALARIA_EST_INCIDENCE,442CEA8,MALARIA_EST_INCIDENCE,2021,YEAR,148,COUNTRY,PUBLISHED,Malaria cases,Chad,206.65332320000000,125.33336120000000,318.15948720000000
442CEA8MALARIA_EST_INCIDENCE,MALARIA_EST_INCIDENCE,442CEA8,MALARIA_EST_INCIDENCE,2021,YEAR,170,COUNTRY,PUBLISHED,Malaria cases,Colombia,9.13051423800000,6.93215621700000,11.41607241000000
442CEA8MALARIA_EST_INCIDENCE,MALARIA_EST_INCIDENCE,442CEA8,MALARIA_EST_INCIDENCE,2021,YEAR,174,COUNTRY,PUBLISHED,Malaria cases,Comoros,12.87867862000000,12.87867862000000,12.87867862000000
442CEA8MALARIA_EST_INCIDENCE,MALARIA_EST_INCIDENCE,442CEA8,MALARIA_EST_INCIDENCE,2021,YEAR,175,OVERSEAS DEPARTMENT,PUBLISHED,Malaria cases,Mayotte,0.00000000000000,0.00000000000000,0.00000000000000
442CEA8MALARIA_EST_INCIDENCE,MALARIA_EST_INCIDENCE,442CEA8,MALARIA_EST_INCIDENCE,2021,YEAR,178,COUNTRY,PUBLISHED,Malaria cases,Congo,232.01994910000000,135.68627710000000,367.32083850000000
442CEA8MALARIA_EST_INCIDENCE,MALARIA_EST_INCIDENCE,442CEA8,MALARIA_EST_INCIDENCE,2021,YEAR,180,COUNTRY,PUBLISHED,Malaria cases,Democratic Republic of the Congo,338.03676270000000,259.47464850000000,435.74020490000000
442CEA8MALARIA_EST_INCIDENCE,MALARIA_EST_INCIDENCE,442CEA8,MALARIA_EST_INCIDENCE,2021,YEAR,188,COUNTRY,PUBLISHED,Malaria cases,Costa Rica,0.10671966900000,0.10671966900000,0.10671966900000
442CEA8MALARIA_EST_INCIDENCE,MALARIA_EST_INCIDENCE,442CEA8,MALARIA_EST_INCIDENCE,2021,YEAR,204,COUNTRY,PUBLISHED,Malaria cases,Benin,378.20049880000000,277.27831390000000,502.19581820000000
442CEA8MALARIA_EST_INCIDENCE,MALARIA_EST_INCIDENCE,442CEA8,MALARIA_EST_INCIDENCE,2021,YEAR,214,COUNTRY,PUBLISHED,Malaria cases,Dominican Republic,0.04635196900000,0.04635196900000,0.04635196900000
442CEA8MALARIA_EST_INCIDENCE,MALARIA_EST_INCIDENCE,442CEA8,MALARIA_EST_INCIDENCE,2021,YEAR,218,COUNTRY,PUBLISHED,Malaria cases,Ecuador,0.21705187500000,0.21705187500000,0.21705187500000
442CEA8MALARIA_EST_INCIDENCE,MALARIA_EST_INCIDENCE,442CEA8,MALARIA_EST_INCIDENCE,2021,YEAR,222,COUNTRY,PUBLISHED,Malaria cases,El Salvador,0.00000000000000,0.00000000000000,0.00000000000000
442CEA8MALARIA_EST_INCIDENCE,MALARIA_EST_INCIDENCE,442CEA8,MALARIA_EST_INCIDENCE,2021,YEAR,226,COUNTRY,PUBLISHED,Malaria cases,Equatorial Guinea,239.57547990000000,158.33533760000000,344.52655130000000
442CEA8MALARIA_EST_INCIDENCE,MALARIA_EST_INCIDENCE,442CEA8,MALARIA_EST_INCIDENCE,2021,YEAR,231,COUNTRY,PUBLISHED,Malaria cases,Ethiopia,45.55933568000000,25.25301448000000,67.99392993000000
442CEA8MALARIA_EST_INCIDENCE,MALARIA_EST_INCIDENCE,442CEA8,MALARIA_EST_INCIDENCE,2021,YEAR,232,COUNTRY,PUBLISHED,Malaria cases,Eritrea,27.74117115000000,17.83931654000000,38.42317718000000
442CEA8MALARIA_EST_INCIDENCE,MALARIA_EST_INCIDENCE,442CEA8,MALARIA_EST_INCIDENCE,2021,YEAR,254,OVERSEAS DEPARTMENT,PUBLISHED,Malaria cases,French Guiana,0.45645482600000,0.45645482600000,0.45645482600000
442CEA8MALARIA_EST_INCIDENCE,MALARIA_EST_INCIDENCE,442CEA8,MALARIA_EST_INCIDENCE,2021,YEAR,262,COUNTRY,PUBLISHED,Malaria cases,Djibouti,70.06761056000000,70.06761056000000,70.06761056000000
442CEA8MALARIA_EST_INCIDENCE,MALARIA_EST_INCIDENCE,442CEA8,MALARIA_EST_INCIDENCE,2008,YEAR,516,COUNTRY,PUBLISHED,Malaria cases,Namibia,7.44314859800000,0.98778348800000,20.25625442000000
442CEA8MALARIA_EST_INCIDENCE,MALARIA_EST_INCIDENCE,442CEA8,MALARIA_EST_INCIDENCE,2008,YEAR,524,COUNTRY,PUBLISHED,Malaria cases,Nepal,3.95532345900000,1.64052535900000,9.38435670400000
442CEA8MALARIA_EST_INCIDENCE,MALARIA_EST_INCIDENCE,442CEA8,MALARIA_EST_INCIDENCE,2008,YEAR,548,COUNTRY,PUBLISHED,Malaria cases,Vanuatu,117.98797690000000,56.23435407000000,539.04828640000000
442CEA8MALARIA_EST_INCIDENCE,MALARIA_EST_INCIDENCE,442CEA8,MALARIA_EST_INCIDENCE,2008,YEAR,558,COUNTRY,PUBLISHED,Malaria cases,Nicaragua,0.19664176600000,0.16321776000000,0.23169086900000
442CEA8MALARIA_EST_INCIDENCE,MALARIA_EST_INCIDENCE,442CEA8,MALARIA_EST_INCIDENCE,2008,YEAR,562,COUNTRY,PUBLISHED,Malaria cases,Niger,351.76144070000000,244.47177120000000,490.27164520000000
442CEA8MALARIA_EST_INCIDENCE,MALARIA_EST_INCIDENCE,442CEA8,MALARIA_EST_INCIDENCE,2008,YEAR,566,COUNTRY,PUBLISHED,Malaria cases,Nigeria,402.01486320000000,328.55853030000000,486.98599500000000
442CEA8MALARIA_EST_INCIDENCE,MALARIA_EST_INCIDENCE,442CEA8,MALARIA_EST_INCIDENCE,2008,YEAR,586,COUNTRY,PUBLISHED,Malaria cases,Pakistan,4.09987259600000,1.49868526600000,10.54224293000000
442CEA8MALARIA_EST_INCIDENCE,MALARIA_EST_INCIDENCE,442CEA8,MALARIA_EST_INCIDENCE,2008,YEAR,591,COUNTRY,PUBLISHED,Malaria cases,Panama,0.33384013400000,0.32147568400000,0.35601087000000
442CEA8MALARIA_EST_INCIDENCE,MALARIA_EST_INCIDENCE,442CEA8,MALARIA_EST_INCIDENCE,2008,YEAR,598,COUNTRY,PUBLISHED,Malaria cases,Papua New Guinea,164.32073450000000,52.21803533000000,300.43671510000000
442CEA8MALARIA_EST_INCIDENCE,MALARIA_EST_INCIDENCE,442CEA8,MALARIA_EST_INCIDENCE,2008,YEAR,600,COUNTRY,PUBLISHED,Malaria cases,Paraguay,1.63790032100000,1.63790032100000,1.63790032100000
442CEA8MALARIA_EST_INCIDENCE,MALARIA_EST_INCIDENCE,442CEA8,MALARIA_EST_INCIDENCE,2008,YEAR,604,COUNTRY,PUBLISHED,Malaria cases,Peru,4.84126780100000,4.13991873900000,5.59422954000000
442CEA8MALARIA_EST_INCIDENCE,MALARIA_EST_INCIDENCE,442CEA8,MALARIA_EST_INCIDENCE,2008,YEAR,608,COUNTRY,PUBLISHED,Malaria cases,Philippines,1.38697425600000,0.92402343500000,1.91116524800000
442CEA8MALARIA_EST_INCIDENCE,MALARIA_EST_INCIDENCE,442CEA8,MALARIA_EST_INCIDENCE,2008,YEAR,624,COUNTRY,PUBLISHED,Malaria cases,Guinea-Bissau,87.50085682000000,64.49893619000000,115.34263880000000
442CEA8MALARIA_EST_INCIDENCE,MALARIA_EST_INCIDENCE,442CEA8,MALARIA_EST_INCIDENCE,2008,YEAR,626,COUNTRY,PUBLISHED,Malaria cases,Timor-Leste,138.17173680000000,91.74013835000000,190.64112690000000
442CEA8MALARIA_EST_INCIDENCE,MALARIA_EST_INCIDENCE,442CEA8,MALARIA_EST_INCIDENCE,2021,YEAR,266,COUNTRY,PUBLISHED,Malaria cases,Gabon,189.19208890000000,136.74477920000000,253.27797070000000
442CEA8MALARIA_EST_INCIDENCE,MALARIA_EST_INCIDENCE,442CEA8,MALARIA_EST_INCIDENCE,2021,YEAR,270,COUNTRY,PUBLISHED,Malaria cases,Gambia,62.48347735000000,48.66946311000000,77.91792459000000
442CEA8MALARIA_EST_INCIDENCE,MALARIA_EST_INCIDENCE,442CEA8,MALARIA_EST_INCIDENCE,2021,YEAR,288,COUNTRY,PUBLISHED,Malaria cases,Ghana,212.46521040000000,160.90651860000000,276.53651990000000
442CEA8MALARIA_EST_INCIDENCE,MALARIA_EST_INCIDENCE,442CEA8,MALARIA_EST_INCIDENCE,2021,YEAR,320,COUNTRY,PUBLISHED,Malaria cases,Guatemala,0.09581822300000,0.09581822300000,0.09581822300000
442CEA8MALARIA_EST_INCIDENCE,MALARIA_EST_INCIDENCE,442CEA8,MALARIA_EST_INCIDENCE,2024,YEAR,398,COUNTRY,PUBLISHED,Malaria cases,Kazakhstan,0.00000000000000,0.00000000000000,0.00000000000000
442CEA8MALARIA_EST_INCIDENCE,MALARIA_EST_INCIDENCE,442CEA8,MALARIA_EST_INCIDENCE,2024,YEAR,404,COUNTRY,PUBLISHED,Malaria cases,Kenya,74.16830850000000,37.30673390000000,131.01898160000000
442CEA8MALARIA_EST_INCIDENCE,MALARIA_EST_INCIDENCE,442CEA8,MALARIA_EST_INCIDENCE,2024,YEAR,408,COUNTRY,PUBLISHED,Malaria cases,Democratic People's Republic of Korea,0.50515084000000,0.50515084000000,0.50515084000000
442CEA8MALARIA_EST_INCIDENCE,MALARIA_EST_INCIDENCE,442CEA8,MALARIA_EST_INCIDENCE,2024,YEAR,410,COUNTRY,PUBLISHED,Malaria cases,Republic of Korea,0.17678429900000,0.17678429900000,0.17678429900000
442CEA8MALARIA_EST_INCIDENCE,MALARIA_EST_INCIDENCE,442CEA8,MALARIA_EST_INCIDENCE,2024,YEAR,417,COUNTRY,PUBLISHED,Malaria cases,Kyrgyzstan,0.00000000000000,0.00000000000000,0.00000000000000
442CEA8MALARIA_EST_INCIDENCE,MALARIA_EST_INCIDENCE,442CEA8,MALARIA_EST_INCIDENCE,2024,YEAR,418,COUNTRY,PUBLISHED,Malaria cases,Lao People's Democratic Republic,0.13307226800000,0.09645884300000,0.17660520300000
442CEA8MALARIA_EST_INCIDENCE,MALARIA_EST_INCIDENCE,442CEA8,MALARIA_EST_INCIDENCE,2024,YEAR,430,COUNTRY,PUBLISHED,Malaria cases,Liberia,172.34109000000000,103.42567730000000,268.04356890000000
442CEA8MALARIA_EST_INCIDENCE,MALARIA_EST_INCIDENCE,442CEA8,MALARIA_EST_INCIDENCE,2024,YEAR,450,COUNTRY,PUBLISHED,Malaria cases,Madagascar,255.44571370000000,163.16856030000000,354.72272740000000
442CEA8MALARIA_EST_INCIDENCE,MALARIA_EST_INCIDENCE,442CEA8,MALARIA_EST_INCIDENCE,2024,YEAR,454,COUNTRY,PUBLISHED,Malaria cases,Malawi,294.52799650000000,191.29816850000000,431.33562520000000
442CEA8MALARIA_EST_INCIDENCE,MALARIA_EST_INCIDENCE,442CEA8,MALARIA_EST_INCIDENCE,2024,YEAR,458,COUNTRY,PUBLISHED,Malaria cases,Malaysia,0.00000000000000,0.00000000000000,0.00000000000000
442CEA8MALARIA_EST_INCIDENCE,MALARIA_EST_INCIDENCE,442CEA8,MALARIA_EST_INCIDENCE,2024,YEAR,466,COUNTRY,PUBLISHED,Malaria cases,Mali,346.21959130000000,243.95779870000000,492.39687150000000
442CEA8MALARIA_EST_INCIDENCE,MALARIA_EST_INCIDENCE,442CEA8,MALARIA_EST_INCIDENCE,2024,YEAR,478,COUNTRY,PUBLISHED,Malaria cases,Mauritania,69.55359380000000,32.86813060000000,120.37168280000000
442CEA8MALARIA_EST_INCIDENCE,MALARIA_EST_INCIDENCE,442CEA8,MALARIA_EST_INCIDENCE,2024,YEAR,484,COUNTRY,PUBLISHED,Malaria cases,Mexico,0.09588166600000,0.09588166600000,0.09588166600000
442CEA8MALARIA_EST_INCIDENCE,MALARIA_EST_INCIDENCE,442CEA8,MALARIA_EST_INCIDENCE,2024,YEAR,504,COUNTRY,PUBLISHED,Malaria cases,Morocco,0.00000000000000,0.00000000000000,0.00000000000000
442CEA8MALARIA_EST_INCIDENCE,MALARIA_EST_INCIDENCE,442CEA8,MALARIA_EST_INCIDENCE,2024,YEAR,508,COUNTRY,PUBLISHED,Malaria cases,Mozambique,295.09667510000000,223.27217080000000,377.46539840000000
442CEA8MALARIA_EST_INCIDENCE,MALARIA_EST_INCIDENCE,442CEA8,MALARIA_EST_INCIDENCE,2024,YEAR,512,COUNTRY,PUBLISHED,Malaria cases,Oman,0.00000000000000,0.00000000000000,0.00000000000000
442CEA8MALARIA_EST_INCIDENCE,MALARIA_EST_INCIDENCE,442CEA8,MALARIA_EST_INCIDENCE,2024,YEAR,516,COUNTRY,PUBLISHED,Malaria cases,Namibia,7.19908729800000,5.70146717500000,8.83769561000000
442CEA8MALARIA_EST_INCIDENCE,MALARIA_EST_INCIDENCE,442CEA8,MALARIA_EST_INCIDENCE,2024,YEAR,524,COUNTRY,PUBLISHED,Malaria cases,Nepal,0.00429678200000,0.00429678200000,0.00429678200000
442CEA8MALARIA_EST_INCIDENCE,MALARIA_EST_INCIDENCE,442CEA8,MALARIA_EST_INCIDENCE,2016,YEAR,012,COUNTRY,PUBLISHED,Malaria cases,Algeria,0.00000000000000,0.00000000000000,0.00000000000000
442CEA8MALARIA_EST_INCIDENCE,MALARIA_EST_INCIDENCE,442CEA8,MALARIA_EST_INCIDENCE,2016,YEAR,024,COUNTRY,PUBLISHED,Malaria cases,Angola,189.77962220000000,146.78690080000000,240.66990900000000
442CEA8MALARIA_EST_INCIDENCE,MALARIA_EST_INCIDENCE,442CEA8,MALARIA_EST_INCIDENCE,2016,YEAR,031,COUNTRY,PUBLISHED,Malaria cases,Azerbaijan,0.00000000000000,0.00000000000000,0.00000000000000
442CEA8MALARIA_EST_INCIDENCE,MALARIA_EST_INCIDENCE,442CEA8,MALARIA_EST_INCIDENCE,2016,YEAR,032,COUNTRY,PUBLISHED,Malaria cases,Argentina,0.00000000000000,0.00000000000000,0.00000000000000
442CEA8MALARIA_EST_INCIDENCE,MALARIA_EST_INCIDENCE,442CEA8,MALARIA_EST_INCIDENCE,2016,YEAR,050,COUNTRY,PUBLISHED,Malaria cases,Bangladesh,1.82456102300000,1.65855257000000,2.01837988000000
442CEA8MALARIA_EST_INCIDENCE,MALARIA_EST_INCIDENCE,442CEA8,MALARIA_EST_INCIDENCE,2016,YEAR,051,COUNTRY,PUBLISHED,Malaria cases,Armenia,0.00000000000000,0.00000000000000,0.00000000000000
442CEA8MALARIA_EST_INCIDENCE,MALARIA_EST_INCIDENCE,442CEA8,MALARIA_EST_INCIDENCE,2016,YEAR,064,COUNTRY,PUBLISHED,Malaria cases,Bhutan,0.02710418900000,0.02710418900000,0.02710418900000
442CEA8MALARIA_EST_INCIDENCE,MALARIA_EST_INCIDENCE,442CEA8,MALARIA_EST_INCIDENCE,2016,YEAR,068,COUNTRY,PUBLISHED,Malaria cases,Bolivia (Plurinational State of),1.48066684800000,1.15732548600000,1.82155539400000
442CEA8MALARIA_EST_INCIDENCE,MALARIA_EST_INCIDENCE,442CEA8,MALARIA_EST_INCIDENCE,2016,YEAR,072,COUNTRY,PUBLISHED,Malaria cases,Botswana,0.66549181900000,0.51565491900000,0.96990708100000
442CEA8MALARIA_EST_INCIDENCE,MALARIA_EST_INCIDENCE,442CEA8,MALARIA_EST_INCIDENCE,2016,YEAR,076,COUNTRY,PUBLISHED,Malaria cases,Brazil,3.20027909500000,3.07493087200000,3.41902656600000
442CEA8MALARIA_EST_INCIDENCE,MALARIA_EST_INCIDENCE,442CEA8,MALARIA_EST_INCIDENCE,2016,YEAR,084,COUNTRY,PUBLISHED,Malaria cases,Belize,0.01589534500000,0.01589534500000,0.01589534500000
442CEA8MALARIA_EST_INCIDENCE,MALARIA_EST_INCIDENCE,442CEA8,MALARIA_EST_INCIDENCE,2016,YEAR,090,COUNTRY,PUBLISHED,Malaria cases,Solomon Islands,128.36978500000000,109.38351120000000,153.55377170000000
442CEA8MALARIA_EST_INCIDENCE,MALARIA_EST_INCIDENCE,442CEA8,MALARIA_EST_INCIDENCE,2016,YEAR,104,COUNTRY,PUBLISHED,Malaria cases,Myanmar,3.61150050900000,2.92220902100000,4.35426898300000
442CEA8MALARIA_EST_INCIDENCE,MALARIA_EST_INCIDENCE,442CEA8,MALARIA_EST_INCIDENCE,2016,YEAR,108,COUNTRY,PUBLISHED,Malaria cases,Burundi,321.30457260000000,256.78991130000000,397.60153770000000
442CEA8MALARIA_EST_INCIDENCE,MALARIA_EST_INCIDENCE,442CEA8,MALARIA_EST_INCIDENCE,2016,YEAR,116,COUNTRY,PUBLISHED,Malaria cases,Cambodia,11.00753769000000,9.49584675800000,12.91119653000000
442CEA8MALARIA_EST_INCIDENCE,MALARIA_EST_INCIDENCE,442CEA8,MALARIA_EST_INCIDENCE,2016,YEAR,120,COUNTRY,PUBLISHED,Malaria cases,Cameroon,268.53422730000000,197.45903940000000,356.07711570000000
442CEA8MALARIA_EST_INCIDENCE,MALARIA_EST_INCIDENCE,442CEA8,MALARIA_EST_INCIDENCE,2016,YEAR,132,COUNTRY,PUBLISHED,Malaria cases,Cabo Verde,0.36769119900000,0.36769119900000,0.36769119900000
442CEA8MALARIA_EST_INCIDENCE,MALARIA_EST_INCIDENCE,442CEA8,MALARIA_EST_INCIDENCE,2016,YEAR,140,COUNTRY,PUBLISHED,Malaria cases,Central African Republic,395.97463800000000,221.74593830000000,656.32280030000000
442CEA8MALARIA_EST_INCIDENCE,MALARIA_EST_INCIDENCE,442CEA8,MALARIA_EST_INCIDENCE,2016,YEAR,144,COUNTRY,PUBLISHED,Malaria cases,Sri Lanka,0.00000000000000,0.00000000000000,0.00000000000000
442CEA8MALARIA_EST_INCIDENCE,MALARIA_EST_INCIDENCE,442CEA8,MALARIA_EST_INCIDENCE,2016,YEAR,148,COUNTRY,PUBLISHED,Malaria cases,Chad,214.29962330000000,130.65765320000000,329.44897230000000
442CEA8MALARIA_EST_INCIDENCE,MALARIA_EST_INCIDENCE,442CEA8,MALARIA_EST_INCIDENCE,2016,YEAR,156,COUNTRY,PUBLISHED,Malaria cases,China,0.00000200000000,0.00000200000000,0.00000200000000
442CEA8MALARIA_EST_INCIDENCE,MALARIA_EST_INCIDENCE,442CEA8,MALARIA_EST_INCIDENCE,2016,YEAR,170,COUNTRY,PUBLISHED,Malaria cases,Colombia,11.00246710000000,8.36583845800000,13.74661618000000
442CEA8MALARIA_EST_INCIDENCE,MALARIA_EST_INCIDENCE,442CEA8,MALARIA_EST_INCIDENCE,2016,YEAR,174,COUNTRY,PUBLISHED,Malaria cases,Comoros,1.97777930600000,1.97777930600000,1.97777930600000
442CEA8MALARIA_EST_INCIDENCE,MALARIA_EST_INCIDENCE,442CEA8,MALARIA_EST_INCIDENCE,2016,YEAR,175,OVERSEAS DEPARTMENT,PUBLISHED,Malaria cases,Mayotte,0.31976692500000,0.31976692500000,0.31976692500000
442CEA8MALARIA_EST_INCIDENCE,MALARIA_EST_INCIDENCE,442CEA8,MALARIA_EST_INCIDENCE,2016,YEAR,178,COUNTRY,PUBLISHED,Malaria cases,Congo,215.74710060000000,132.90609200000000,332.07155010000000
442CEA8MALARIA_EST_INCIDENCE,MALARIA_EST_INCIDENCE,442CEA8,MALARIA_EST_INCIDENCE,2016,YEAR,180,COUNTRY,PUBLISHED,Malaria cases,Democratic Republic of the Congo,310.27638570000000,237.68462960000000,399.35480540000000
442CEA8MALARIA_EST_INCIDENCE,MALARIA_EST_INCIDENCE,442CEA8,MALARIA_EST_INCIDENCE,2016,YEAR,188,COUNTRY,PUBLISHED,Malaria cases,Costa Rica,0.00234817700000,0.00234817700000,0.00234817700000
442CEA8MALARIA_EST_INCIDENCE,MALARIA_EST_INCIDENCE,442CEA8,MALARIA_EST_INCIDENCE,2016,YEAR,204,COUNTRY,PUBLISHED,Malaria cases,Benin,415.91837330000000,335.96612190000000,510.79360070000000
442CEA8MALARIA_EST_INCIDENCE,MALARIA_EST_INCIDENCE,442CEA8,MALARIA_EST_INCIDENCE,2016,YEAR,214,COUNTRY,PUBLISHED,Malaria cases,Dominican Republic,0.14384186500000,0.12439912500000,0.16534932100000
442CEA8MALARIA_EST_INCIDENCE,MALARIA_EST_INCIDENCE,442CEA8,MALARIA_EST_INCIDENCE,2016,YEAR,218,COUNTRY,PUBLISHED,Malaria cases,Ecuador,0.12733254600000,0.12733254600000,0.12733254600000
442CEA8MALARIA_EST_INCIDENCE,MALARIA_EST_INCIDENCE,442CEA8,MALARIA_EST_INCIDENCE,2016,YEAR,222,COUNTRY,PUBLISHED,Malaria cases,El Salvador,0.00953317600000,0.00953317600000,0.00953317600000
442CEA8MALARIA_EST_INCIDENCE,MALARIA_EST_INCIDENCE,442CEA8,MALARIA_EST_INCIDENCE,2016,YEAR,226,COUNTRY,PUBLISHED,Malaria cases,Equatorial Guinea,315.21377340000000,205.91008010000000,465.60251850000000
442CEA8MALARIA_EST_INCIDENCE,MALARIA_EST_INCIDENCE,442CEA8,MALARIA_EST_INCIDENCE,2016,YEAR,231,COUNTRY,PUBLISHED,Malaria cases,Ethiopia,92.88594821000000,38.87483249000000,171.82970500000000
442CEA8MALARIA_EST_INCIDENCE,MALARIA_EST_INCIDENCE,442CEA8,MALARIA_EST_INCIDENCE,2016,YEAR,232,COUNTRY,PUBLISHED,Malaria cases,Eritrea,27.70219714000000,15.06511189000000,44.00503665000000
442CEA8MALARIA_EST_INCIDENCE,MALARIA_EST_INCIDENCE,442CEA8,MALARIA_EST_INCIDENCE,2016,YEAR,254,OVERSEAS DEPARTMENT,PUBLISHED,Malaria cases,French Guiana,1.78564289800000,1.58575749900000,2.05215676300000
442CEA8MALARIA_EST_INCIDENCE,MALARIA_EST_INCIDENCE,442CEA8,MALARIA_EST_INCIDENCE,2016,YEAR,262,COUNTRY,PUBLISHED,Malaria cases,Djibouti,17.76250520000000,17.76250520000000,17.76250520000000
442CEA8MALARIA_EST_INCIDENCE,MALARIA_EST_INCIDENCE,442CEA8,MALARIA_EST_INCIDENCE,2016,YEAR,266,COUNTRY,PUBLISHED,Malaria cases,Gabon,182.54816200000000,107.74512140000000,291.14081470000000
442CEA8MALARIA_EST_INCIDENCE,MALARIA_EST_INCIDENCE,442CEA8,MALARIA_EST_INCIDENCE,2016,YEAR,268,COUNTRY,PUBLISHED,Malaria cases,Georgia,0.00000000000000,0.00000000000000,0.00000000000000
442CEA8MALARIA_EST_INCIDENCE,MALARIA_EST_INCIDENCE,442CEA8,MALARIA_EST_INCIDENCE,2016,YEAR,270,COUNTRY,PUBLISHED,Malaria cases,Gambia,130.07357570000000,98.32339654000000,164.44685300000000
442CEA8MALARIA_EST_INCIDENCE,MALARIA_EST_INCIDENCE,442CEA8,MALARIA_EST_INCIDENCE,2018,YEAR,418,COUNTRY,PUBLISHED,Malaria cases,Lao People's Democratic Republic,4.22056965600000,3.05528908500000,5.61317025900000
442CEA8MALARIA_EST_INCIDENCE,MALARIA_EST_INCIDENCE,442CEA8,MALARIA_EST_INCIDENCE,2018,YEAR,430,COUNTRY,PUBLISHED,Malaria cases,Liberia,331.58480370000000,243.17430330000000,446.17162810000000
442CEA8MALARIA_EST_INCIDENCE,MALARIA_EST_INCIDENCE,442CEA8,MALARIA_EST_INCIDENCE,2018,YEAR,450,COUNTRY,PUBLISHED,Malaria cases,Madagascar,71.86049528000000,50.79441840000000,95.65172225000000
442CEA8MALARIA_EST_INCIDENCE,MALARIA_EST_INCIDENCE,442CEA8,MALARIA_EST_INCIDENCE,2018,YEAR,454,COUNTRY,PUBLISHED,Malaria cases,Malawi,270.95310090000000,195.97337680000000,363.16915790000000
442CEA8MALARIA_EST_INCIDENCE,MALARIA_EST_INCIDENCE,442CEA8,MALARIA_EST_INCIDENCE,2018,YEAR,458,COUNTRY,PUBLISHED,Malaria cases,Malaysia,0.00000000000000,0.00000000000000,0.00000000000000
442CEA8MALARIA_EST_INCIDENCE,MALARIA_EST_INCIDENCE,442CEA8,MALARIA_EST_INCIDENCE,2018,YEAR,466,COUNTRY,PUBLISHED,Malaria cases,Mali,377.17090550000000,266.18714000000000,535.85848580000000
442CEA8MALARIA_EST_INCIDENCE,MALARIA_EST_INCIDENCE,442CEA8,MALARIA_EST_INCIDENCE,2022,YEAR,760,COUNTRY,PUBLISHED,Malaria cases,Syrian Arab Republic,0.00000000000000,0.00000000000000,0.00000000000000
442CEA8MALARIA_EST_INCIDENCE,MALARIA_EST_INCIDENCE,442CEA8,MALARIA_EST_INCIDENCE,2022,YEAR,762,COUNTRY,PUBLISHED,Malaria cases,Tajikistan,0.00000000000000,0.00000000000000,0.00000000000000
442CEA8MALARIA_EST_INCIDENCE,MALARIA_EST_INCIDENCE,442CEA8,MALARIA_EST_INCIDENCE,2022,YEAR,764,COUNTRY,PUBLISHED,Malaria cases,Thailand,0.46001850100000,0.46001850100000,0.46001850100000
442CEA8MALARIA_EST_INCIDENCE,MALARIA_EST_INCIDENCE,442CEA8,MALARIA_EST_INCIDENCE,2022,YEAR,768,COUNTRY,PUBLISHED,Malaria cases,Togo,278.59020800000000,201.67131330000000,371.42597510000000
442CEA8MALARIA_EST_INCIDENCE,MALARIA_EST_INCIDENCE,442CEA8,MALARIA_EST_INCIDENCE,2022,YEAR,784,COUNTRY,PUBLISHED,Malaria cases,United Arab Emirates,0.00000000000000,0.00000000000000,0.00000000000000
442CEA8MALARIA_EST_INCIDENCE,MALARIA_EST_INCIDENCE,442CEA8,MALARIA_EST_INCIDENCE,2022,YEAR,800,COUNTRY,PUBLISHED,Malaria cases,Uganda,266.58343180000000,160.02566190000000,417.75859520000000
442CEA8MALARIA_EST_INCIDENCE,MALARIA_EST_INCIDENCE,442CEA8,MALARIA_EST_INCIDENCE,2022,YEAR,818,COUNTRY,PUBLISHED,Malaria cases,Egypt,0.00000000000000,0.00000000000000,0.00000000000000
442CEA8MALARIA_EST_INCIDENCE,MALARIA_EST_INCIDENCE,442CEA8,MALARIA_EST_INCIDENCE,2022,YEAR,834,COUNTRY,PUBLISHED,Malaria cases,United Republic of Tanzania,132.39304450000000,97.69358523000000,176.79667330000000
442CEA8MALARIA_EST_INCIDENCE,MALARIA_EST_INCIDENCE,442CEA8,MALARIA_EST_INCIDENCE,2022,YEAR,854,COUNTRY,PUBLISHED,Malaria cases,Burkina Faso,356.26638490000000,237.60153990000000,514.81158460000000
442CEA8MALARIA_EST_INCIDENCE,MALARIA_EST_INCIDENCE,442CEA8,MALARIA_EST_INCIDENCE,2022,YEAR,862,COUNTRY,PUBLISHED,Malaria cases,Venezuela (Bolivarian Republic of),10.92325613000000,9.68931148700000,12.59690385000000
442CEA8MALARIA_EST_INCIDENCE,MALARIA_EST_INCIDENCE,442CEA8,MALARIA_EST_INCIDENCE,2022,YEAR,887,COUNTRY,PUBLISHED,Malaria cases,Yemen,39.04032364000000,24.33133230000000,60.58810792000000
442CEA8MALARIA_EST_INCIDENCE,MALARIA_EST_INCIDENCE,442CEA8,MALARIA_EST_INCIDENCE,2022,YEAR,894,COUNTRY,PUBLISHED,Malaria cases,Zambia,246.10104000000000,199.21348690000000,300.74173550000000
442CEA8MALARIA_EST_INCIDENCE,MALARIA_EST_INCIDENCE,442CEA8,MALARIA_EST_INCIDENCE,2022,YEAR,953,WHOREGION,PUBLISHED,Malaria cases,Africa,231.41673310000000,208.81323290000000,258.28053900000000
442CEA8MALARIA_EST_INCIDENCE,MALARIA_EST_INCIDENCE,442CEA8,MALARIA_EST_INCIDENCE,2022,YEAR,954,WHOREGION,PUBLISHED,Malaria cases,Americas,3.45479388400000,3.21377561400000,3.71506761300000
442CEA8MALARIA_EST_INCIDENCE,MALARIA_EST_INCIDENCE,442CEA8,MALARIA_EST_INCIDENCE,2022,YEAR,955,WHOREGION,PUBLISHED,Malaria cases,South-East Asia,1.72513160400000,1.39692852300000,3.03000081100000
442CEA8MALARIA_EST_INCIDENCE,MALARIA_EST_INCIDENCE,442CEA8,MALARIA_EST_INCIDENCE,2022,YEAR,956,WHOREGION,PUBLISHED,Malaria cases,Europe,0.00000000000000,0.00000000000000,0.00000000000000
442CEA8MALARIA_EST_INCIDENCE,MALARIA_EST_INCIDENCE,442CEA8,MALARIA_EST_INCIDENCE,2022,YEAR,957,WHOREGION,PUBLISHED,Malaria cases,Eastern Mediterranean,15.10786040000000,12.02102541000000,19.44584131000000
442CEA8MALARIA_EST_INCIDENCE,MALARIA_EST_INCIDENCE,442CEA8,MALARIA_EST_INCIDENCE,2022,YEAR,958,WHOREGION,PUBLISHED,Malaria cases,Western Pacific,2.29008429800000,1.79921975800000,2.82404528100000
442CEA8MALARIA_EST_INCIDENCE,MALARIA_EST_INCIDENCE,442CEA8,MALARIA_EST_INCIDENCE,2023,YEAR,001,GLOBAL,PUBLISHED,Malaria cases,World,62.73475419000000,57.00884827000000,69.80252005000000
442CEA8MALARIA_EST_INCIDENCE,MALARIA_EST_INCIDENCE,442CEA8,MALARIA_EST_INCIDENCE,2023,YEAR,004,COUNTRY,PUBLISHED,Malaria cases,Afghanistan,13.25697218000000,10.18462583000000,16.83479358000000
442CEA8MALARIA_EST_INCIDENCE,MALARIA_EST_INCIDENCE,442CEA8,MALARIA_EST_INCIDENCE,2023,YEAR,012,COUNTRY,PUBLISHED,Malaria cases,Algeria,0.00000000000000,0.00000000000000,0.00000000000000
442CEA8MALARIA_EST_INCIDENCE,MALARIA_EST_INCIDENCE,442CEA8,MALARIA_EST_INCIDENCE,2023,YEAR,024,COUNTRY,PUBLISHED,Malaria cases,Angola,255.47189150000000,157.54639480000000,395.44052510000000
442CEA8MALARIA_EST_INCIDENCE,MALARIA_EST_INCIDENCE,442CEA8,MALARIA_EST_INCIDENCE,2023,YEAR,031,COUNTRY,PUBLISHED,Malaria cases,Azerbaijan,0.00000000000000,0.00000000000000,0.00000000000000
442CEA8MALARIA_EST_INCIDENCE,MALARIA_EST_INCIDENCE,442CEA8,MALARIA_EST_INCIDENCE,2023,YEAR,032,COUNTRY,PUBLISHED,Malaria cases,Argentina,0.00000000000000,0.00000000000000,0.00000000000000
442CEA8MALARIA_EST_INCIDENCE,MALARIA_EST_INCIDENCE,442CEA8,MALARIA_EST_INCIDENCE,2023,YEAR,050,COUNTRY,PUBLISHED,Malaria cases,Bangladesh,1.10265456400000,0.93900836400000,1.27967131600000
442CEA8MALARIA_EST_INCIDENCE,MALARIA_EST_INCIDENCE,442CEA8,MALARIA_EST_INCIDENCE,2023,YEAR,051,COUNTRY,PUBLISHED,Malaria cases,Armenia,0.00000000000000,0.00000000000000,0.00000000000000
442CEA8MALARIA_EST_INCIDENCE,MALARIA_EST_INCIDENCE,442CEA8,MALARIA_EST_INCIDENCE,2008,YEAR,646,COUNTRY,PUBLISHED,Malaria cases,Rwanda,69.73095799000000,42.93131063000000,102.10954050000000
442CEA8MALARIA_EST_INCIDENCE,MALARIA_EST_INCIDENCE,442CEA8,MALARIA_EST_INCIDENCE,2008,YEAR,678,COUNTRY,PUBLISHED,Malaria cases,Sao Tome and Principe,36.00835477000000,36.00835477000000,36.00835477000000
442CEA8MALARIA_EST_INCIDENCE,MALARIA_EST_INCIDENCE,442CEA8,MALARIA_EST_INCIDENCE,2008,YEAR,682,COUNTRY,PUBLISHED,Malaria cases,Saudi Arabia,0.02442735900000,0.02442735900000,0.02442735900000
442CEA8MALARIA_EST_INCIDENCE,MALARIA_EST_INCIDENCE,442CEA8,MALARIA_EST_INCIDENCE,2008,YEAR,686,COUNTRY,PUBLISHED,Malaria cases,Senegal,52.18425924000000,32.92770770000000,75.69852715000000
442CEA8MALARIA_EST_INCIDENCE,MALARIA_EST_INCIDENCE,442CEA8,MALARIA_EST_INCIDENCE,2008,YEAR,694,COUNTRY,PUBLISHED,Malaria cases,Sierra Leone,427.09817360000000,320.18035370000000,558.36115770000000
442CEA8MALARIA_EST_INCIDENCE,MALARIA_EST_INCIDENCE,442CEA8,MALARIA_EST_INCIDENCE,2008,YEAR,704,COUNTRY,PUBLISHED,Malaria cases,Viet Nam,0.28532687100000,0.24965782600000,0.34243804500000
442CEA8MALARIA_EST_INCIDENCE,MALARIA_EST_INCIDENCE,442CEA8,MALARIA_EST_INCIDENCE,2008,YEAR,706,COUNTRY,PUBLISHED,Malaria cases,Somalia,60.03172060000000,43.08291658000000,81.74214042000000
442CEA8MALARIA_EST_INCIDENCE,MALARIA_EST_INCIDENCE,442CEA8,MALARIA_EST_INCIDENCE,2008,YEAR,710,COUNTRY,PUBLISHED,Malaria cases,South Africa,1.52520053500000,1.52520053500000,1.52520053500000
442CEA8MALARIA_EST_INCIDENCE,MALARIA_EST_INCIDENCE,442CEA8,MALARIA_EST_INCIDENCE,2008,YEAR,716,COUNTRY,PUBLISHED,Malaria cases,Zimbabwe,67.50863158000000,13.86529309000000,134.15384020000000
442CEA8MALARIA_EST_INCIDENCE,MALARIA_EST_INCIDENCE,442CEA8,MALARIA_EST_INCIDENCE,2008,YEAR,728,COUNTRY,PUBLISHED,Malaria cases,South Sudan,268.09907450000000,212.43973310000000,333.71063450000000
442CEA8MALARIA_EST_INCIDENCE,MALARIA_EST_INCIDENCE,442CEA8,MALARIA_EST_INCIDENCE,2008,YEAR,729,COUNTRY,PUBLISHED,Malaria cases,Sudan,37.18066800000000,27.81010168000000,48.50970122000000
442CEA8MALARIA_EST_INCIDENCE,MALARIA_EST_INCIDENCE,442CEA8,MALARIA_EST_INCIDENCE,2008,YEAR,740,COUNTRY,PUBLISHED,Malaria cases,Suriname,26.28826354000000,26.28826354000000,26.28826354000000
442CEA8MALARIA_EST_INCIDENCE,MALARIA_EST_INCIDENCE,442CEA8,MALARIA_EST_INCIDENCE,2008,YEAR,748,COUNTRY,PUBLISHED,Malaria cases,Eswatini,0.18863935700000,0.18863935700000,0.18863935700000
442CEA8MALARIA_EST_INCIDENCE,MALARIA_EST_INCIDENCE,442CEA8,MALARIA_EST_INCIDENCE,2008,YEAR,760,COUNTRY,PUBLISHED,Malaria cases,Syrian Arab Republic,0.00000000000000,0.00000000000000,0.00000000000000
442CEA8MALARIA_EST_INCIDENCE,MALARIA_EST_INCIDENCE,442CEA8,MALARIA_EST_INCIDENCE,2008,YEAR,762,COUNTRY,PUBLISHED,Malaria cases,Tajikistan,0.12974158600000,0.12974158600000,0.12974158600000
442CEA8MALARIA_EST_INCIDENCE,MALARIA_EST_INCIDENCE,442CEA8,MALARIA_EST_INCIDENCE,2008,YEAR,764,COUNTRY,PUBLISHED,Malaria cases,Thailand,2.22646714500000,2.22646714500000,2.22646714500000
442CEA8MALARIA_EST_INCIDENCE,MALARIA_EST_INCIDENCE,442CEA8,MALARIA_EST_INCIDENCE,2008,YEAR,768,COUNTRY,PUBLISHED,Malaria cases,Togo,396.32948810000000,291.87270330000000,524.05427020000000
442CEA8MALARIA_EST_INCIDENCE,MALARIA_EST_INCIDENCE,442CEA8,MALARIA_EST_INCIDENCE,2008,YEAR,792,COUNTRY,PUBLISHED,Malaria cases,Türkiye,0.03568701400000,0.03568701400000,0.03568701400000
442CEA8MALARIA_EST_INCIDENCE,MALARIA_EST_INCIDENCE,442CEA8,MALARIA_EST_INCIDENCE,2008,YEAR,795,COUNTRY,PUBLISHED,Malaria cases,Turkmenistan,0.00000000000000,0.00000000000000,0.00000000000000
442CEA8MALARIA_EST_INCIDENCE,MALARIA_EST_INCIDENCE,442CEA8,MALARIA_EST_INCIDENCE,2008,YEAR,800,COUNTRY,PUBLISHED,Malaria cases,Uganda,417.70223090000000,335.28517540000000,512.76527320000000
442CEA8MALARIA_EST_INCIDENCE,MALARIA_EST_INCIDENCE,442CEA8,MALARIA_EST_INCIDENCE,2008,YEAR,818,COUNTRY,PUBLISHED,Malaria cases,Egypt,0.00000000000000,0.00000000000000,0.00000000000000
442CEA8MALARIA_EST_INCIDENCE,MALARIA_EST_INCIDENCE,442CEA8,MALARIA_EST_INCIDENCE,2008,YEAR,834,COUNTRY,PUBLISHED,Malaria cases,United Republic of Tanzania,174.55926520000000,129.91983660000000,229.07250020000000
442CEA8MALARIA_EST_INCIDENCE,MALARIA_EST_INCIDENCE,442CEA8,MALARIA_EST_INCIDENCE,2008,YEAR,854,COUNTRY,PUBLISHED,Malaria cases,Burkina Faso,549.64758700000000,443.00917880000000,674.69981670000000
442CEA8MALARIA_EST_INCIDENCE,MALARIA_EST_INCIDENCE,442CEA8,MALARIA_EST_INCIDENCE,2008,YEAR,860,COUNTRY,PUBLISHED,Malaria cases,Uzbekistan,0.25460100400000,0.25460100400000,0.25460100400000
442CEA8MALARIA_EST_INCIDENCE,MALARIA_EST_INCIDENCE,442CEA8,MALARIA_EST_INCIDENCE,2008,YEAR,862,COUNTRY,PUBLISHED,Malaria cases,Venezuela (Bolivarian Republic of),2.67216127200000,2.38128694300000,3.09807841400000
442CEA8MALARIA_EST_INCIDENCE,MALARIA_EST_INCIDENCE,442CEA8,MALARIA_EST_INCIDENCE,2008,YEAR,887,COUNTRY,PUBLISHED,Malaria cases,Yemen,33.40362941000000,17.19598617000000,74.15127014000000
442CEA8MALARIA_EST_INCIDENCE,MALARIA_EST_INCIDENCE,442CEA8,MALARIA_EST_INCIDENCE,2008,YEAR,894,COUNTRY,PUBLISHED,Malaria cases,Zambia,171.61534420000000,133.13914740000000,216.07492260000000
442CEA8MALARIA_EST_INCIDENCE,MALARIA_EST_INCIDENCE,442CEA8,MALARIA_EST_INCIDENCE,2008,YEAR,953,WHOREGION,PUBLISHED,Malaria cases,Africa,293.78903400000000,271.90880920000000,319.39378240000000
442CEA8MALARIA_EST_INCIDENCE,MALARIA_EST_INCIDENCE,442CEA8,MALARIA_EST_INCIDENCE,2008,YEAR,954,WHOREGION,PUBLISHED,Malaria cases,Americas,5.28025762000000,4.87460075300000,5.77055157600000
442CEA8MALARIA_EST_INCIDENCE,MALARIA_EST_INCIDENCE,442CEA8,MALARIA_EST_INCIDENCE,2008,YEAR,955,WHOREGION,PUBLISHED,Malaria cases,South-East Asia,14.96895453000000,11.55742036000000,19.52188481000000
442CEA8MALARIA_EST_INCIDENCE,MALARIA_EST_INCIDENCE,442CEA8,MALARIA_EST_INCIDENCE,2008,YEAR,956,WHOREGION,PUBLISHED,Malaria cases,Europe,0.01876822300000,0.01876822300000,0.01876822300000
442CEA8MALARIA_EST_INCIDENCE,MALARIA_EST_INCIDENCE,442CEA8,MALARIA_EST_INCIDENCE,2004,YEAR,384,COUNTRY,PUBLISHED,Malaria cases,Côte d'Ivoire,500.35728500000000,407.34634730000000,606.13680280000000
442CEA8MALARIA_EST_INCIDENCE,MALARIA_EST_INCIDENCE,442CEA8,MALARIA_EST_INCIDENCE,2004,YEAR,404,COUNTRY,PUBLISHED,Malaria cases,Kenya,184.42059430000000,139.17037360000000,240.19308000000000
442CEA8MALARIA_EST_INCIDENCE,MALARIA_EST_INCIDENCE,442CEA8,MALARIA_EST_INCIDENCE,2004,YEAR,408,COUNTRY,PUBLISHED,Malaria cases,Democratic People's Republic of Korea,1.66914977300000,1.66914977300000,1.66914977300000
442CEA8MALARIA_EST_INCIDENCE,MALARIA_EST_INCIDENCE,442CEA8,MALARIA_EST_INCIDENCE,2004,YEAR,410,COUNTRY,PUBLISHED,Malaria cases,Republic of Korea,0.25877599600000,0.25877599600000,0.25877599600000
442CEA8MALARIA_EST_INCIDENCE,MALARIA_EST_INCIDENCE,442CEA8,MALARIA_EST_INCIDENCE,2004,YEAR,417,COUNTRY,PUBLISHED,Malaria cases,Kyrgyzstan,0.02242279000000,0.02242279000000,0.02242279000000
442CEA8MALARIA_EST_INCIDENCE,MALARIA_EST_INCIDENCE,442CEA8,MALARIA_EST_INCIDENCE,2004,YEAR,418,COUNTRY,PUBLISHED,Malaria cases,Lao People's Democratic Republic,13.40685224000000,9.16902479600000,18.77971484000000
442CEA8MALARIA_EST_INCIDENCE,MALARIA_EST_INCIDENCE,442CEA8,MALARIA_EST_INCIDENCE,2004,YEAR,430,COUNTRY,PUBLISHED,Malaria cases,Liberia,406.12678740000000,276.93271640000000,575.98939910000000
442CEA8MALARIA_EST_INCIDENCE,MALARIA_EST_INCIDENCE,442CEA8,MALARIA_EST_INCIDENCE,2004,YEAR,450,COUNTRY,PUBLISHED,Malaria cases,Madagascar,44.82998728000000,1.58943935400000,101.47323740000000
442CEA8MALARIA_EST_INCIDENCE,MALARIA_EST_INCIDENCE,442CEA8,MALARIA_EST_INCIDENCE,2004,YEAR,454,COUNTRY,PUBLISHED,Malaria cases,Malawi,376.52244020000000,300.00605560000000,465.22358240000000
442CEA8MALARIA_EST_INCIDENCE,MALARIA_EST_INCIDENCE,442CEA8,MALARIA_EST_INCIDENCE,2004,YEAR,458,COUNTRY,PUBLISHED,Malaria cases,Malaysia,6.09144090200000,6.09144090200000,6.09144090200000
442CEA8MALARIA_EST_INCIDENCE,MALARIA_EST_INCIDENCE,442CEA8,MALARIA_EST_INCIDENCE,2004,YEAR,466,COUNTRY,PUBLISHED,Malaria cases,Mali,417.88934100000000,285.54850760000000,592.32219160000000
442CEA8MALARIA_EST_INCIDENCE,MALARIA_EST_INCIDENCE,442CEA8,MALARIA_EST_INCIDENCE,2004,YEAR,478,COUNTRY,PUBLISHED,Malaria cases,Mauritania,86.37194400000000,30.95404549000000,166.75021600000000
442CEA8MALARIA_EST_INCIDENCE,MALARIA_EST_INCIDENCE,442CEA8,MALARIA_EST_INCIDENCE,2004,YEAR,484,COUNTRY,PUBLISHED,Malaria cases,Mexico,1.53897942100000,1.53897942100000,1.53897942100000
442CEA8MALARIA_EST_INCIDENCE,MALARIA_EST_INCIDENCE,442CEA8,MALARIA_EST_INCIDENCE,2004,YEAR,504,COUNTRY,PUBLISHED,Malaria cases,Morocco,0.00003300000000,0.00003300000000,0.00003300000000
442CEA8MALARIA_EST_INCIDENCE,MALARIA_EST_INCIDENCE,442CEA8,MALARIA_EST_INCIDENCE,2004,YEAR,508,COUNTRY,PUBLISHED,Malaria cases,Mozambique,459.30480030000000,371.93899990000000,555.47093690000000
442CEA8MALARIA_EST_INCIDENCE,MALARIA_EST_INCIDENCE,442CEA8,MALARIA_EST_INCIDENCE,2004,YEAR,512,COUNTRY,PUBLISHED,Malaria cases,Oman,0.00000000000000,0.00000000000000,0.00000000000000
442CEA8MALARIA_EST_INCIDENCE,MALARIA_EST_INCIDENCE,442CEA8,MALARIA_EST_INCIDENCE,2004,YEAR,516,COUNTRY,PUBLISHED,Malaria cases,Namibia,68.43409165000000,33.48514168000000,130.27382910000000
442CEA8MALARIA_EST_INCIDENCE,MALARIA_EST_INCIDENCE,442CEA8,MALARIA_EST_INCIDENCE,2004,YEAR,524,COUNTRY,PUBLISHED,Malaria cases,Nepal,4.60227383300000,1.96899311800000,10.12697117000000
442CEA8MALARIA_EST_INCIDENCE,MALARIA_EST_INCIDENCE,442CEA8,MALARIA_EST_INCIDENCE,2004,YEAR,548,COUNTRY,PUBLISHED,Malaria cases,Vanuatu,148.55792840000000,103.82332500000000,201.61841130000000
442CEA8MALARIA_EST_INCIDENCE,MALARIA_EST_INCIDENCE,442CEA8,MALARIA_EST_INCIDENCE,2004,YEAR,558,COUNTRY,PUBLISHED,Malaria cases,Nicaragua,1.88247737900000,1.56437964900000,2.21716397000000
442CEA8MALARIA_EST_INCIDENCE,MALARIA_EST_INCIDENCE,442CEA8,MALARIA_EST_INCIDENCE,2006,YEAR,364,COUNTRY,PUBLISHED,Malaria cases,Iran (Islamic Republic of),21.23071133000000,21.23071133000000,21.23071133000000
442CEA8MALARIA_EST_INCIDENCE,MALARIA_EST_INCIDENCE,442CEA8,MALARIA_EST_INCIDENCE,2006,YEAR,368,COUNTRY,PUBLISHED,Malaria cases,Iraq,0.00645136000000,0.00645136000000,0.00645136000000
442CEA8MALARIA_EST_INCIDENCE,MALARIA_EST_INCIDENCE,442CEA8,MALARIA_EST_INCIDENCE,2006,YEAR,384,COUNTRY,PUBLISHED,Malaria cases,Côte d'Ivoire,425.61007790000000,348.36383780000000,514.70280390000000
442CEA8MALARIA_EST_INCIDENCE,MALARIA_EST_INCIDENCE,442CEA8,MALARIA_EST_INCIDENCE,2006,YEAR,404,COUNTRY,PUBLISHED,Malaria cases,Kenya,125.52528170000000,92.76339714000000,166.54039990000000
442CEA8MALARIA_EST_INCIDENCE,MALARIA_EST_INCIDENCE,442CEA8,MALARIA_EST_INCIDENCE,2006,YEAR,408,COUNTRY,PUBLISHED,Malaria cases,Democratic People's Republic of Korea,0.72104640900000,0.72104640900000,0.72104640900000
442CEA8MALARIA_EST_INCIDENCE,MALARIA_EST_INCIDENCE,442CEA8,MALARIA_EST_INCIDENCE,2006,YEAR,410,COUNTRY,PUBLISHED,Malaria cases,Republic of Korea,0.61033383600000,0.61033383600000,0.61033383600000
442CEA8MALARIA_EST_INCIDENCE,MALARIA_EST_INCIDENCE,442CEA8,MALARIA_EST_INCIDENCE,2006,YEAR,417,COUNTRY,PUBLISHED,Malaria cases,Kyrgyzstan,0.07717862100000,0.07717862100000,0.07717862100000
442CEA8MALARIA_EST_INCIDENCE,MALARIA_EST_INCIDENCE,442CEA8,MALARIA_EST_INCIDENCE,2006,YEAR,418,COUNTRY,PUBLISHED,Malaria cases,Lao People's Democratic Republic,15.78056681000000,9.83472704400000,23.88165526000000
442CEA8MALARIA_EST_INCIDENCE,MALARIA_EST_INCIDENCE,442CEA8,MALARIA_EST_INCIDENCE,2006,YEAR,430,COUNTRY,PUBLISHED,Malaria cases,Liberia,390.79422230000000,282.99561330000000,523.76148240000000
442CEA8MALARIA_EST_INCIDENCE,MALARIA_EST_INCIDENCE,442CEA8,MALARIA_EST_INCIDENCE,2006,YEAR,450,COUNTRY,PUBLISHED,Malaria cases,Madagascar,33.78065349000000,1.18390136000000,74.22317061000000
442CEA8MALARIA_EST_INCIDENCE,MALARIA_EST_INCIDENCE,442CEA8,MALARIA_EST_INCIDENCE,2006,YEAR,454,COUNTRY,PUBLISHED,Malaria cases,Malawi,359.15158310000000,285.09954770000000,446.44482600000000
442CEA8MALARIA_EST_INCIDENCE,MALARIA_EST_INCIDENCE,442CEA8,MALARIA_EST_INCIDENCE,2006,YEAR,458,COUNTRY,PUBLISHED,Malaria cases,Malaysia,5.00986073800000,5.00986073800000,5.00986073800000
442CEA8MALARIA_EST_INCIDENCE,MALARIA_EST_INCIDENCE,442CEA8,MALARIA_EST_INCIDENCE,2006,YEAR,466,COUNTRY,PUBLISHED,Malaria cases,Mali,395.07909640000000,274.75017750000000,561.08215480000000
442CEA8MALARIA_EST_INCIDENCE,MALARIA_EST_INCIDENCE,442CEA8,MALARIA_EST_INCIDENCE,2006,YEAR,478,COUNTRY,PUBLISHED,Malaria cases,Mauritania,76.41339766000000,20.36789983000000,147.48891710000000
442CEA8MALARIA_EST_INCIDENCE,MALARIA_EST_INCIDENCE,442CEA8,MALARIA_EST_INCIDENCE,2006,YEAR,484,COUNTRY,PUBLISHED,Malaria cases,Mexico,1.10564932300000,1.10564932300000,1.10564932300000
442CEA8MALARIA_EST_INCIDENCE,MALARIA_EST_INCIDENCE,442CEA8,MALARIA_EST_INCIDENCE,2006,YEAR,504,COUNTRY,PUBLISHED,Malaria cases,Morocco,0.00000000000000,0.00000000000000,0.00000000000000
442CEA8MALARIA_EST_INCIDENCE,MALARIA_EST_INCIDENCE,442CEA8,MALARIA_EST_INCIDENCE,2006,YEAR,508,COUNTRY,PUBLISHED,Malaria cases,Mozambique,417.42012320000000,341.03047680000000,508.21587860000000
442CEA8MALARIA_EST_INCIDENCE,MALARIA_EST_INCIDENCE,442CEA8,MALARIA_EST_INCIDENCE,2006,YEAR,512,COUNTRY,PUBLISHED,Malaria cases,Oman,0.00000000000000,0.00000000000000,0.00000000000000
442CEA8MALARIA_EST_INCIDENCE,MALARIA_EST_INCIDENCE,442CEA8,MALARIA_EST_INCIDENCE,2006,YEAR,516,COUNTRY,PUBLISHED,Malaria cases,Namibia,43.12043819000000,25.86481538000000,71.66472177000000
442CEA8MALARIA_EST_INCIDENCE,MALARIA_EST_INCIDENCE,442CEA8,MALARIA_EST_INCIDENCE,2006,YEAR,524,COUNTRY,PUBLISHED,Malaria cases,Nepal,4.61011973600000,1.88100519700000,10.49720259000000
442CEA8MALARIA_EST_INCIDENCE,MALARIA_EST_INCIDENCE,442CEA8,MALARIA_EST_INCIDENCE,2006,YEAR,548,COUNTRY,PUBLISHED,Malaria cases,Vanuatu,106.25547070000000,65.69008397000000,163.98310970000000
442CEA8MALARIA_EST_INCIDENCE,MALARIA_EST_INCIDENCE,442CEA8,MALARIA_EST_INCIDENCE,2006,YEAR,558,COUNTRY,PUBLISHED,Malaria cases,Nicaragua,0.82686881200000,0.68741465000000,0.97575972100000
442CEA8MALARIA_EST_INCIDENCE,MALARIA_EST_INCIDENCE,442CEA8,MALARIA_EST_INCIDENCE,2006,YEAR,562,COUNTRY,PUBLISHED,Malaria cases,Niger,307.39216460000000,190.10167860000000,473.26744680000000
442CEA8MALARIA_EST_INCIDENCE,MALARIA_EST_INCIDENCE,442CEA8,MALARIA_EST_INCIDENCE,2006,YEAR,566,COUNTRY,PUBLISHED,Malaria cases,Nigeria,398.57422190000000,321.33792130000000,488.26784280000000
442CEA8MALARIA_EST_INCIDENCE,MALARIA_EST_INCIDENCE,442CEA8,MALARIA_EST_INCIDENCE,2006,YEAR,586,COUNTRY,PUBLISHED,Malaria cases,Pakistan,4.81808301000000,2.01474233600000,11.62741812000000
442CEA8MALARIA_EST_INCIDENCE,MALARIA_EST_INCIDENCE,442CEA8,MALARIA_EST_INCIDENCE,2006,YEAR,591,COUNTRY,PUBLISHED,Malaria cases,Panama,0.77434499100000,0.74560003100000,0.82520145800000
442CEA8MALARIA_EST_INCIDENCE,MALARIA_EST_INCIDENCE,442CEA8,MALARIA_EST_INCIDENCE,2006,YEAR,598,COUNTRY,PUBLISHED,Malaria cases,Papua New Guinea,219.58246640000000,77.73678739000000,388.29676170000000
442CEA8MALARIA_EST_INCIDENCE,MALARIA_EST_INCIDENCE,442CEA8,MALARIA_EST_INCIDENCE,2006,YEAR,600,COUNTRY,PUBLISHED,Malaria cases,Paraguay,4.13754825000000,4.13754825000000,4.13754825000000
442CEA8MALARIA_EST_INCIDENCE,MALARIA_EST_INCIDENCE,442CEA8,MALARIA_EST_INCIDENCE,2007,YEAR,012,COUNTRY,PUBLISHED,Malaria cases,Algeria,0.01294636300000,0.01294636300000,0.01294636300000
442CEA8MALARIA_EST_INCIDENCE,MALARIA_EST_INCIDENCE,442CEA8,MALARIA_EST_INCIDENCE,2007,YEAR,024,COUNTRY,PUBLISHED,Malaria cases,Angola,269.53382380000000,207.02785910000000,343.10960100000000
442CEA8MALARIA_EST_INCIDENCE,MALARIA_EST_INCIDENCE,442CEA8,MALARIA_EST_INCIDENCE,2007,YEAR,031,COUNTRY,PUBLISHED,Malaria cases,Azerbaijan,0.53188607800000,0.53188607800000,0.53188607800000
442CEA8MALARIA_EST_INCIDENCE,MALARIA_EST_INCIDENCE,442CEA8,MALARIA_EST_INCIDENCE,2007,YEAR,032,COUNTRY,PUBLISHED,Malaria cases,Argentina,1.63931968200000,1.63931968200000,1.63931968200000
442CEA8MALARIA_EST_INCIDENCE,MALARIA_EST_INCIDENCE,442CEA8,MALARIA_EST_INCIDENCE,2007,YEAR,050,COUNTRY,PUBLISHED,Malaria cases,Bangladesh,7.95900994200000,4.85285829200000,11.57867690000000
442CEA8MALARIA_EST_INCIDENCE,MALARIA_EST_INCIDENCE,442CEA8,MALARIA_EST_INCIDENCE,2007,YEAR,051,COUNTRY,PUBLISHED,Malaria cases,Armenia,0.00000000000000,0.00000000000000,0.00000000000000
442CEA8MALARIA_EST_INCIDENCE,MALARIA_EST_INCIDENCE,442CEA8,MALARIA_EST_INCIDENCE,2007,YEAR,064,COUNTRY,PUBLISHED,Malaria cases,Bhutan,1.57907103600000,1.57907103600000,1.57907103600000
442CEA8MALARIA_EST_INCIDENCE,MALARIA_EST_INCIDENCE,442CEA8,MALARIA_EST_INCIDENCE,2007,YEAR,068,COUNTRY,PUBLISHED,Malaria cases,Bolivia (Plurinational State of),4.50568233900000,3.52392308200000,5.53386043400000
442CEA8MALARIA_EST_INCIDENCE,MALARIA_EST_INCIDENCE,442CEA8,MALARIA_EST_INCIDENCE,2007,YEAR,072,COUNTRY,PUBLISHED,Malaria cases,Botswana,1.01966082900000,0.38750268300000,2.53101994500000
442CEA8MALARIA_EST_INCIDENCE,MALARIA_EST_INCIDENCE,442CEA8,MALARIA_EST_INCIDENCE,2007,YEAR,076,COUNTRY,PUBLISHED,Malaria cases,Brazil,13.96473833000000,12.49760882000000,15.11214237000000
442CEA8MALARIA_EST_INCIDENCE,MALARIA_EST_INCIDENCE,442CEA8,MALARIA_EST_INCIDENCE,2007,YEAR,084,COUNTRY,PUBLISHED,Malaria cases,Belize,4.13591244600000,4.13591244600000,4.13591244600000
442CEA8MALARIA_EST_INCIDENCE,MALARIA_EST_INCIDENCE,442CEA8,MALARIA_EST_INCIDENCE,2007,YEAR,090,COUNTRY,PUBLISHED,Malaria cases,Solomon Islands,314.02616970000000,223.02545880000000,451.46570860000000
442CEA8MALARIA_EST_INCIDENCE,MALARIA_EST_INCIDENCE,442CEA8,MALARIA_EST_INCIDENCE,2007,YEAR,104,COUNTRY,PUBLISHED,Malaria cases,Myanmar,30.65204333000000,22.50820884000000,43.83543409000000
442CEA8MALARIA_EST_INCIDENCE,MALARIA_EST_INCIDENCE,442CEA8,MALARIA_EST_INCIDENCE,2007,YEAR,108,COUNTRY,PUBLISHED,Malaria cases,Burundi,287.94134780000000,205.31111180000000,392.89548580000000
442CEA8MALARIA_EST_INCIDENCE,MALARIA_EST_INCIDENCE,442CEA8,MALARIA_EST_INCIDENCE,2007,YEAR,116,COUNTRY,PUBLISHED,Malaria cases,Cambodia,19.41385424000000,14.27756881000000,27.93492812000000
442CEA8MALARIA_EST_INCIDENCE,MALARIA_EST_INCIDENCE,442CEA8,MALARIA_EST_INCIDENCE,2007,YEAR,120,COUNTRY,PUBLISHED,Malaria cases,Cameroon,409.94773600000000,321.29062820000000,515.00035240000000
442CEA8MALARIA_EST_INCIDENCE,MALARIA_EST_INCIDENCE,442CEA8,MALARIA_EST_INCIDENCE,2007,YEAR,132,COUNTRY,PUBLISHED,Malaria cases,Cabo Verde,0.13952514900000,0.13952514900000,0.13952514900000
442CEA8MALARIA_EST_INCIDENCE,MALARIA_EST_INCIDENCE,442CEA8,MALARIA_EST_INCIDENCE,2007,YEAR,140,COUNTRY,PUBLISHED,Malaria cases,Central African Republic,467.59299720000000,313.59158100000000,672.26121330000000
442CEA8MALARIA_EST_INCIDENCE,MALARIA_EST_INCIDENCE,442CEA8,MALARIA_EST_INCIDENCE,2007,YEAR,144,COUNTRY,PUBLISHED,Malaria cases,Sri Lanka,0.04200891700000,0.04200891700000,0.04200891700000
442CEA8MALARIA_EST_INCIDENCE,MALARIA_EST_INCIDENCE,442CEA8,MALARIA_EST_INCIDENCE,2007,YEAR,148,COUNTRY,PUBLISHED,Malaria cases,Chad,236.14328270000000,151.79979300000000,349.01317630000000
442CEA8MALARIA_EST_INCIDENCE,MALARIA_EST_INCIDENCE,442CEA8,MALARIA_EST_INCIDENCE,2007,YEAR,156,COUNTRY,PUBLISHED,Malaria cases,China,0.05284934900000,0.05284934900000,0.05284934900000
442CEA8MALARIA_EST_INCIDENCE,MALARIA_EST_INCIDENCE,442CEA8,MALARIA_EST_INCIDENCE,2007,YEAR,170,COUNTRY,PUBLISHED,Malaria cases,Colombia,18.09373060000000,13.91722566000000,22.48325538000000
442CEA8MALARIA_EST_INCIDENCE,MALARIA_EST_INCIDENCE,442CEA8,MALARIA_EST_INCIDENCE,2007,YEAR,174,COUNTRY,PUBLISHED,Malaria cases,Comoros,57.75084856000000,38.71452978000000,77.62843518000000
442CEA8MALARIA_EST_INCIDENCE,MALARIA_EST_INCIDENCE,442CEA8,MALARIA_EST_INCIDENCE,2007,YEAR,175,OVERSEAS DEPARTMENT,PUBLISHED,Malaria cases,Mayotte,6.95784783300000,6.95784783300000,6.95784783300000
442CEA8MALARIA_EST_INCIDENCE,MALARIA_EST_INCIDENCE,442CEA8,MALARIA_EST_INCIDENCE,2009,YEAR,288,COUNTRY,PUBLISHED,Malaria cases,Ghana,340.41826730000000,273.83849330000000,417.09704060000000
442CEA8MALARIA_EST_INCIDENCE,MALARIA_EST_INCIDENCE,442CEA8,MALARIA_EST_INCIDENCE,2009,YEAR,320,COUNTRY,PUBLISHED,Malaria cases,Guatemala,0.77201555900000,0.68805828400000,0.89399355100000
442CEA8MALARIA_EST_INCIDENCE,MALARIA_EST_INCIDENCE,442CEA8,MALARIA_EST_INCIDENCE,2009,YEAR,324,COUNTRY,PUBLISHED,Malaria cases,Guinea,393.80279100000000,302.52940690000000,504.27885390000000
442CEA8MALARIA_EST_INCIDENCE,MALARIA_EST_INCIDENCE,442CEA8,MALARIA_EST_INCIDENCE,2009,YEAR,328,COUNTRY,PUBLISHED,Malaria cases,Guyana,23.76963518000000,19.21036466000000,28.66134419000000
442CEA8MALARIA_EST_INCIDENCE,MALARIA_EST_INCIDENCE,442CEA8,MALARIA_EST_INCIDENCE,2009,YEAR,332,COUNTRY,PUBLISHED,Malaria cases,Haiti,9.71379361900000,5.54184453600000,15.81563303000000
442CEA8MALARIA_EST_INCIDENCE,MALARIA_EST_INCIDENCE,442CEA8,MALARIA_EST_INCIDENCE,2009,YEAR,340,COUNTRY,PUBLISHED,Malaria cases,Honduras,1.73891709900000,1.33464920400000,2.16058427600000
442CEA8MALARIA_EST_INCIDENCE,MALARIA_EST_INCIDENCE,442CEA8,MALARIA_EST_INCIDENCE,2009,YEAR,356,COUNTRY,PUBLISHED,Malaria cases,India,13.84419275000000,10.40601515000000,18.54598157000000
442CEA8MALARIA_EST_INCIDENCE,MALARIA_EST_INCIDENCE,442CEA8,MALARIA_EST_INCIDENCE,2009,YEAR,360,COUNTRY,PUBLISHED,Malaria cases,Indonesia,5.28387818500000,4.36408530500000,6.50273360700000
442CEA8MALARIA_EST_INCIDENCE,MALARIA_EST_INCIDENCE,442CEA8,MALARIA_EST_INCIDENCE,2009,YEAR,364,COUNTRY,PUBLISHED,Malaria cases,Iran (Islamic Republic of),5.56598867100000,5.56598867100000,5.56598867100000
442CEA8MALARIA_EST_INCIDENCE,MALARIA_EST_INCIDENCE,442CEA8,MALARIA_EST_INCIDENCE,2009,YEAR,368,COUNTRY,PUBLISHED,Malaria cases,Iraq,0.00000000000000,0.00000000000000,0.00000000000000
442CEA8MALARIA_EST_INCIDENCE,MALARIA_EST_INCIDENCE,442CEA8,MALARIA_EST_INCIDENCE,2009,YEAR,384,COUNTRY,PUBLISHED,Malaria cases,Côte d'Ivoire,426.16424200000000,349.51499090000000,514.35951450000000
442CEA8MALARIA_EST_INCIDENCE,MALARIA_EST_INCIDENCE,442CEA8,MALARIA_EST_INCIDENCE,2009,YEAR,404,COUNTRY,PUBLISHED,Malaria cases,Kenya,77.59614091000000,58.26758831000000,100.70475700000000
442CEA8MALARIA_EST_INCIDENCE,MALARIA_EST_INCIDENCE,442CEA8,MALARIA_EST_INCIDENCE,2009,YEAR,408,COUNTRY,PUBLISHED,Malaria cases,Democratic People's Republic of Korea,1.50445563400000,1.50445563400000,1.50445563400000
442CEA8MALARIA_EST_INCIDENCE,MALARIA_EST_INCIDENCE,442CEA8,MALARIA_EST_INCIDENCE,2009,YEAR,410,COUNTRY,PUBLISHED,Malaria cases,Republic of Korea,0.26425226000000,0.26425226000000,0.26425226000000
442CEA8MALARIA_EST_INCIDENCE,MALARIA_EST_INCIDENCE,442CEA8,MALARIA_EST_INCIDENCE,2009,YEAR,417,COUNTRY,PUBLISHED,Malaria cases,Kyrgyzstan,0.00023750500000,0.00023750500000,0.00023750500000
442CEA8MALARIA_EST_INCIDENCE,MALARIA_EST_INCIDENCE,442CEA8,MALARIA_EST_INCIDENCE,2009,YEAR,418,COUNTRY,PUBLISHED,Malaria cases,Lao People's Democratic Republic,14.61503668000000,10.08728040000000,20.29324292000000
442CEA8MALARIA_EST_INCIDENCE,MALARIA_EST_INCIDENCE,442CEA8,MALARIA_EST_INCIDENCE,2009,YEAR,430,COUNTRY,PUBLISHED,Malaria cases,Liberia,342.41764010000000,267.28079720000000,431.50275790000000
442CEA8MALARIA_EST_INCIDENCE,MALARIA_EST_INCIDENCE,442CEA8,MALARIA_EST_INCIDENCE,2009,YEAR,450,COUNTRY,PUBLISHED,Malaria cases,Madagascar,44.56571988000000,26.50821015000000,71.79525545000000
442CEA8MALARIA_EST_INCIDENCE,MALARIA_EST_INCIDENCE,442CEA8,MALARIA_EST_INCIDENCE,2010,YEAR,646,COUNTRY,PUBLISHED,Malaria cases,Rwanda,104.65320600000000,72.45948240000000,138.21023990000000
442CEA8MALARIA_EST_INCIDENCE,MALARIA_EST_INCIDENCE,442CEA8,MALARIA_EST_INCIDENCE,2010,YEAR,678,COUNTRY,PUBLISHED,Malaria cases,Sao Tome and Principe,17.30454010000000,17.30454010000000,17.30454010000000
442CEA8MALARIA_EST_INCIDENCE,MALARIA_EST_INCIDENCE,442CEA8,MALARIA_EST_INCIDENCE,2010,YEAR,682,COUNTRY,PUBLISHED,Malaria cases,Saudi Arabia,0.01075012500000,0.01075012500000,0.01075012500000
442CEA8MALARIA_EST_INCIDENCE,MALARIA_EST_INCIDENCE,442CEA8,MALARIA_EST_INCIDENCE,2010,YEAR,686,COUNTRY,PUBLISHED,Malaria cases,Senegal,60.39644770000000,42.41050074000000,80.33369232000000
442CEA8MALARIA_EST_INCIDENCE,MALARIA_EST_INCIDENCE,442CEA8,MALARIA_EST_INCIDENCE,2010,YEAR,694,COUNTRY,PUBLISHED,Malaria cases,Sierra Leone,438.88631230000000,338.10778540000000,558.82440120000000
442CEA8MALARIA_EST_INCIDENCE,MALARIA_EST_INCIDENCE,442CEA8,MALARIA_EST_INCIDENCE,2010,YEAR,704,COUNTRY,PUBLISHED,Malaria cases,Viet Nam,0.35621038000000,0.32445065300000,0.40528569400000
442CEA8MALARIA_EST_INCIDENCE,MALARIA_EST_INCIDENCE,442CEA8,MALARIA_EST_INCIDENCE,2010,YEAR,706,COUNTRY,PUBLISHED,Malaria cases,Somalia,41.11531823000000,28.71296126000000,57.17277566000000
442CEA8MALARIA_EST_INCIDENCE,MALARIA_EST_INCIDENCE,442CEA8,MALARIA_EST_INCIDENCE,2010,YEAR,710,COUNTRY,PUBLISHED,Malaria cases,South Africa,1.53981207000000,1.53981207000000,1.53981207000000
442CEA8MALARIA_EST_INCIDENCE,MALARIA_EST_INCIDENCE,442CEA8,MALARIA_EST_INCIDENCE,2010,YEAR,716,COUNTRY,PUBLISHED,Malaria cases,Zimbabwe,104.37806030000000,56.77171274000000,166.05820920000000
442CEA8MALARIA_EST_INCIDENCE,MALARIA_EST_INCIDENCE,442CEA8,MALARIA_EST_INCIDENCE,2010,YEAR,728,COUNTRY,PUBLISHED,Malaria cases,South Sudan,275.61552990000000,215.63838600000000,346.78744600000000
442CEA8MALARIA_EST_INCIDENCE,MALARIA_EST_INCIDENCE,442CEA8,MALARIA_EST_INCIDENCE,2010,YEAR,729,COUNTRY,PUBLISHED,Malaria cases,Sudan,32.38993269000000,24.46335529000000,41.96968442000000
442CEA8MALARIA_EST_INCIDENCE,MALARIA_EST_INCIDENCE,442CEA8,MALARIA_EST_INCIDENCE,2010,YEAR,740,COUNTRY,PUBLISHED,Malaria cases,Suriname,21.80416877000000,21.80416877000000,21.80416877000000
442CEA8MALARIA_EST_INCIDENCE,MALARIA_EST_INCIDENCE,442CEA8,MALARIA_EST_INCIDENCE,2010,YEAR,748,COUNTRY,PUBLISHED,Malaria cases,Eswatini,0.86101098100000,0.86101098100000,0.86101098100000
442CEA8MALARIA_EST_INCIDENCE,MALARIA_EST_INCIDENCE,442CEA8,MALARIA_EST_INCIDENCE,2010,YEAR,760,COUNTRY,PUBLISHED,Malaria cases,Syrian Arab Republic,0.00000000000000,0.00000000000000,0.00000000000000
442CEA8MALARIA_EST_INCIDENCE,MALARIA_EST_INCIDENCE,442CEA8,MALARIA_EST_INCIDENCE,2010,YEAR,762,COUNTRY,PUBLISHED,Malaria cases,Tajikistan,0.04343039000000,0.04343039000000,0.04343039000000
442CEA8MALARIA_EST_INCIDENCE,MALARIA_EST_INCIDENCE,442CEA8,MALARIA_EST_INCIDENCE,2010,YEAR,764,COUNTRY,PUBLISHED,Malaria cases,Thailand,2.49584378200000,2.49584378200000,2.49584378200000
442CEA8MALARIA_EST_INCIDENCE,MALARIA_EST_INCIDENCE,442CEA8,MALARIA_EST_INCIDENCE,2010,YEAR,768,COUNTRY,PUBLISHED,Malaria cases,Togo,318.52585710000000,243.53947370000000,413.44892530000000
442CEA8MALARIA_EST_INCIDENCE,MALARIA_EST_INCIDENCE,442CEA8,MALARIA_EST_INCIDENCE,2010,YEAR,792,COUNTRY,PUBLISHED,Malaria cases,Türkiye,0.00000000000000,0.00000000000000,0.00000000000000
442CEA8MALARIA_EST_INCIDENCE,MALARIA_EST_INCIDENCE,442CEA8,MALARIA_EST_INCIDENCE,2010,YEAR,795,COUNTRY,PUBLISHED,Malaria cases,Turkmenistan,0.00000000000000,0.00000000000000,0.00000000000000
442CEA8MALARIA_EST_INCIDENCE,MALARIA_EST_INCIDENCE,442CEA8,MALARIA_EST_INCIDENCE,2010,YEAR,800,COUNTRY,PUBLISHED,Malaria cases,Uganda,405.97436910000000,322.43313230000000,503.83044480000000
442CEA8MALARIA_EST_INCIDENCE,MALARIA_EST_INCIDENCE,442CEA8,MALARIA_EST_INCIDENCE,2010,YEAR,818,COUNTRY,PUBLISHED,Malaria cases,Egypt,0.00000000000000,0.00000000000000,0.00000000000000
442CEA8MALARIA_EST_INCIDENCE,MALARIA_EST_INCIDENCE,442CEA8,MALARIA_EST_INCIDENCE,2010,YEAR,834,COUNTRY,PUBLISHED,Malaria cases,United Republic of Tanzania,145.56405810000000,107.53831000000000,192.99146550000000
442CEA8MALARIA_EST_INCIDENCE,MALARIA_EST_INCIDENCE,442CEA8,MALARIA_EST_INCIDENCE,2010,YEAR,854,COUNTRY,PUBLISHED,Malaria cases,Burkina Faso,568.36918600000000,457.42006400000000,696.09146710000000
442CEA8MALARIA_EST_INCIDENCE,MALARIA_EST_INCIDENCE,442CEA8,MALARIA_EST_INCIDENCE,2010,YEAR,860,COUNTRY,PUBLISHED,Malaria cases,Uzbekistan,0.10568962500000,0.10568962500000,0.10568962500000
442CEA8MALARIA_EST_INCIDENCE,MALARIA_EST_INCIDENCE,442CEA8,MALARIA_EST_INCIDENCE,2010,YEAR,862,COUNTRY,PUBLISHED,Malaria cases,Venezuela (Bolivarian Republic of),4.01935230800000,3.30619926400000,5.13385057500000
442CEA8MALARIA_EST_INCIDENCE,MALARIA_EST_INCIDENCE,442CEA8,MALARIA_EST_INCIDENCE,2010,YEAR,887,COUNTRY,PUBLISHED,Malaria cases,Yemen,65.73160639000000,37.18001768000000,123.67228820000000
442CEA8MALARIA_EST_INCIDENCE,MALARIA_EST_INCIDENCE,442CEA8,MALARIA_EST_INCIDENCE,2010,YEAR,894,COUNTRY,PUBLISHED,Malaria cases,Zambia,169.92245370000000,133.94804400000000,212.55265080000000
442CEA8MALARIA_EST_INCIDENCE,MALARIA_EST_INCIDENCE,442CEA8,MALARIA_EST_INCIDENCE,2010,YEAR,953,WHOREGION,PUBLISHED,Malaria cases,Africa,285.86454760000000,262.16517570000000,315.84719690000000
442CEA8MALARIA_EST_INCIDENCE,MALARIA_EST_INCIDENCE,442CEA8,MALARIA_EST_INCIDENCE,2000,YEAR,144,COUNTRY,PUBLISHED,Malaria cases,Sri Lanka,47.33377774000000,47.33377774000000,47.33377774000000
442CEA8MALARIA_EST_INCIDENCE,MALARIA_EST_INCIDENCE,442CEA8,MALARIA_EST_INCIDENCE,2000,YEAR,148,COUNTRY,PUBLISHED,Malaria cases,Chad,272.12891020000000,159.60905750000000,435.96096160000000
442CEA8MALARIA_EST_INCIDENCE,MALARIA_EST_INCIDENCE,442CEA8,MALARIA_EST_INCIDENCE,2000,YEAR,156,COUNTRY,PUBLISHED,Malaria cases,China,0.01511401200000,0.01511401200000,0.01511401200000
442CEA8MALARIA_EST_INCIDENCE,MALARIA_EST_INCIDENCE,442CEA8,MALARIA_EST_INCIDENCE,2000,YEAR,170,COUNTRY,PUBLISHED,Malaria cases,Colombia,24.34909615000000,17.80939599000000,31.19676813000000
442CEA8MALARIA_EST_INCIDENCE,MALARIA_EST_INCIDENCE,442CEA8,MALARIA_EST_INCIDENCE,2000,YEAR,174,COUNTRY,PUBLISHED,Malaria cases,Comoros,66.37081475000000,44.49157680000000,89.21446279000000
442CEA8MALARIA_EST_INCIDENCE,MALARIA_EST_INCIDENCE,442CEA8,MALARIA_EST_INCIDENCE,2000,YEAR,178,COUNTRY,PUBLISHED,Malaria cases,Congo,349.60056740000000,247.75602160000000,480.69523490000000
442CEA8MALARIA_EST_INCIDENCE,MALARIA_EST_INCIDENCE,442CEA8,MALARIA_EST_INCIDENCE,2000,YEAR,180,COUNTRY,PUBLISHED,Malaria cases,Democratic Republic of the Congo,458.24418230000000,368.48132540000000,562.70046970000000
442CEA8MALARIA_EST_INCIDENCE,MALARIA_EST_INCIDENCE,442CEA8,MALARIA_EST_INCIDENCE,2000,YEAR,188,COUNTRY,PUBLISHED,Malaria cases,Costa Rica,1.36336460100000,1.36336460100000,1.36336460100000
442CEA8MALARIA_EST_INCIDENCE,MALARIA_EST_INCIDENCE,442CEA8,MALARIA_EST_INCIDENCE,2000,YEAR,204,COUNTRY,PUBLISHED,Malaria cases,Benin,416.00366900000000,311.36514540000000,540.52721770000000
442CEA8MALARIA_EST_INCIDENCE,MALARIA_EST_INCIDENCE,442CEA8,MALARIA_EST_INCIDENCE,2000,YEAR,214,COUNTRY,PUBLISHED,Malaria cases,Dominican Republic,0.32231164300000,0.27345731900000,0.37687621200000
442CEA8MALARIA_EST_INCIDENCE,MALARIA_EST_INCIDENCE,442CEA8,MALARIA_EST_INCIDENCE,2000,YEAR,218,COUNTRY,PUBLISHED,Malaria cases,Ecuador,14.53600431000000,14.53600431000000,14.53600431000000
442CEA8MALARIA_EST_INCIDENCE,MALARIA_EST_INCIDENCE,442CEA8,MALARIA_EST_INCIDENCE,2000,YEAR,222,COUNTRY,PUBLISHED,Malaria cases,El Salvador,0.62411780200000,0.62411780200000,0.62411780200000
442CEA8MALARIA_EST_INCIDENCE,MALARIA_EST_INCIDENCE,442CEA8,MALARIA_EST_INCIDENCE,2000,YEAR,226,COUNTRY,PUBLISHED,Malaria cases,Equatorial Guinea,334.30118060000000,225.83899850000000,486.95798540000000
442CEA8MALARIA_EST_INCIDENCE,MALARIA_EST_INCIDENCE,442CEA8,MALARIA_EST_INCIDENCE,2000,YEAR,231,COUNTRY,PUBLISHED,Malaria cases,Ethiopia,189.18435860000000,123.44992010000000,282.57554490000000
442CEA8MALARIA_EST_INCIDENCE,MALARIA_EST_INCIDENCE,442CEA8,MALARIA_EST_INCIDENCE,2000,YEAR,232,COUNTRY,PUBLISHED,Malaria cases,Eritrea,18.99884781000000,6.20506570700000,39.21352220000000
442CEA8MALARIA_EST_INCIDENCE,MALARIA_EST_INCIDENCE,442CEA8,MALARIA_EST_INCIDENCE,2000,YEAR,254,OVERSEAS DEPARTMENT,PUBLISHED,Malaria cases,French Guiana,49.82670928000000,43.61524958000000,59.40411622000000
442CEA8MALARIA_EST_INCIDENCE,MALARIA_EST_INCIDENCE,442CEA8,MALARIA_EST_INCIDENCE,2000,YEAR,262,COUNTRY,PUBLISHED,Malaria cases,Djibouti,3.07265161600000,2.36783315600000,3.77747007600000
442CEA8MALARIA_EST_INCIDENCE,MALARIA_EST_INCIDENCE,442CEA8,MALARIA_EST_INCIDENCE,2000,YEAR,266,COUNTRY,PUBLISHED,Malaria cases,Gabon,364.65914900000000,256.19065410000000,509.22068690000000
442CEA8MALARIA_EST_INCIDENCE,MALARIA_EST_INCIDENCE,442CEA8,MALARIA_EST_INCIDENCE,2000,YEAR,268,COUNTRY,PUBLISHED,Malaria cases,Georgia,5.66042095000000,5.66042095000000,5.66042095000000
442CEA8MALARIA_EST_INCIDENCE,MALARIA_EST_INCIDENCE,442CEA8,MALARIA_EST_INCIDENCE,2000,YEAR,270,COUNTRY,PUBLISHED,Malaria cases,Gambia,309.72163810000000,229.16711340000000,403.55603180000000
442CEA8MALARIA_EST_INCIDENCE,MALARIA_EST_INCIDENCE,442CEA8,MALARIA_EST_INCIDENCE,2000,YEAR,288,COUNTRY,PUBLISHED,Malaria cases,Ghana,430.35741500000000,327.33168110000000,557.11064860000000
442CEA8MALARIA_EST_INCIDENCE,MALARIA_EST_INCIDENCE,442CEA8,MALARIA_EST_INCIDENCE,2000,YEAR,320,COUNTRY,PUBLISHED,Malaria cases,Guatemala,7.21071583300000,6.30455229900000,8.60732490800000
442CEA8MALARIA_EST_INCIDENCE,MALARIA_EST_INCIDENCE,442CEA8,MALARIA_EST_INCIDENCE,2000,YEAR,324,COUNTRY,PUBLISHED,Malaria cases,Guinea,415.77497520000000,300.45507500000000,558.72144670000000
442CEA8MALARIA_EST_INCIDENCE,MALARIA_EST_INCIDENCE,442CEA8,MALARIA_EST_INCIDENCE,2000,YEAR,328,COUNTRY,PUBLISHED,Malaria cases,Guyana,43.96782561000000,36.09550856000000,52.68000031000000
442CEA8MALARIA_EST_INCIDENCE,MALARIA_EST_INCIDENCE,442CEA8,MALARIA_EST_INCIDENCE,2000,YEAR,332,COUNTRY,PUBLISHED,Malaria cases,Haiti,9.71367586300000,5.60862397800000,15.62090324000000
442CEA8MALARIA_EST_INCIDENCE,MALARIA_EST_INCIDENCE,442CEA8,MALARIA_EST_INCIDENCE,2000,YEAR,340,COUNTRY,PUBLISHED,Malaria cases,Honduras,8.64329272900000,6.28567175100000,11.12428262000000
442CEA8MALARIA_EST_INCIDENCE,MALARIA_EST_INCIDENCE,442CEA8,MALARIA_EST_INCIDENCE,2000,YEAR,356,COUNTRY,PUBLISHED,Malaria cases,India,21.80338442000000,17.12628802000000,28.01080435000000
442CEA8MALARIA_EST_INCIDENCE,MALARIA_EST_INCIDENCE,442CEA8,MALARIA_EST_INCIDENCE,2000,YEAR,360,COUNTRY,PUBLISHED,Malaria cases,Indonesia,5.28387947700000,4.37490590800000,6.48568751600000
442CEA8MALARIA_EST_INCIDENCE,MALARIA_EST_INCIDENCE,442CEA8,MALARIA_EST_INCIDENCE,2000,YEAR,364,COUNTRY,PUBLISHED,Malaria cases,Iran (Islamic Republic of),29.07389985000000,29.07389985000000,29.07389985000000
442CEA8MALARIA_EST_INCIDENCE,MALARIA_EST_INCIDENCE,442CEA8,MALARIA_EST_INCIDENCE,2000,YEAR,368,COUNTRY,PUBLISHED,Malaria cases,Iraq,0.58580334000000,0.58580334000000,0.58580334000000
442CEA8MALARIA_EST_INCIDENCE,MALARIA_EST_INCIDENCE,442CEA8,MALARIA_EST_INCIDENCE,2000,YEAR,384,COUNTRY,PUBLISHED,Malaria cases,Côte d'Ivoire,490.51692400000000,388.38229680000000,610.03911580000000
442CEA8MALARIA_EST_INCIDENCE,MALARIA_EST_INCIDENCE,442CEA8,MALARIA_EST_INCIDENCE,2002,YEAR,266,COUNTRY,PUBLISHED,Malaria cases,Gabon,323.31253000000000,211.77775840000000,474.67821070000000
442CEA8MALARIA_EST_INCIDENCE,MALARIA_EST_INCIDENCE,442CEA8,MALARIA_EST_INCIDENCE,2002,YEAR,268,COUNTRY,PUBLISHED,Malaria cases,Georgia,11.48311449000000,11.48311449000000,11.48311449000000
442CEA8MALARIA_EST_INCIDENCE,MALARIA_EST_INCIDENCE,442CEA8,MALARIA_EST_INCIDENCE,2002,YEAR,270,COUNTRY,PUBLISHED,Malaria cases,Gambia,293.32202900000000,217.50259330000000,379.81078220000000
442CEA8MALARIA_EST_INCIDENCE,MALARIA_EST_INCIDENCE,442CEA8,MALARIA_EST_INCIDENCE,2002,YEAR,288,COUNTRY,PUBLISHED,Malaria cases,Ghana,392.09638030000000,307.42413140000000,490.45992100000000
442CEA8MALARIA_EST_INCIDENCE,MALARIA_EST_INCIDENCE,442CEA8,MALARIA_EST_INCIDENCE,2002,YEAR,320,COUNTRY,PUBLISHED,Malaria cases,Guatemala,4.56581789900000,4.01776129400000,5.40029945600000
442CEA8MALARIA_EST_INCIDENCE,MALARIA_EST_INCIDENCE,442CEA8,MALARIA_EST_INCIDENCE,2002,YEAR,324,COUNTRY,PUBLISHED,Malaria cases,Guinea,418.96607880000000,292.41187380000000,583.51637320000000
442CEA8MALARIA_EST_INCIDENCE,MALARIA_EST_INCIDENCE,442CEA8,MALARIA_EST_INCIDENCE,2002,YEAR,328,COUNTRY,PUBLISHED,Malaria cases,Guyana,40.14393991000000,32.92334074000000,48.00881161000000
442CEA8MALARIA_EST_INCIDENCE,MALARIA_EST_INCIDENCE,442CEA8,MALARIA_EST_INCIDENCE,2002,YEAR,332,COUNTRY,PUBLISHED,Malaria cases,Haiti,9.71374358000000,5.56744797800000,15.67110147000000
442CEA8MALARIA_EST_INCIDENCE,MALARIA_EST_INCIDENCE,442CEA8,MALARIA_EST_INCIDENCE,2002,YEAR,340,COUNTRY,PUBLISHED,Malaria cases,Honduras,4.01752174700000,2.92606398100000,5.14573639300000
442CEA8MALARIA_EST_INCIDENCE,MALARIA_EST_INCIDENCE,442CEA8,MALARIA_EST_INCIDENCE,2002,YEAR,356,COUNTRY,PUBLISHED,Malaria cases,India,19.51208076000000,15.13254455000000,25.20066260000000
442CEA8MALARIA_EST_INCIDENCE,MALARIA_EST_INCIDENCE,442CEA8,MALARIA_EST_INCIDENCE,2002,YEAR,360,COUNTRY,PUBLISHED,Malaria cases,Indonesia,5.28388019400000,4.36654159000000,6.48446467300000
442CEA8MALARIA_EST_INCIDENCE,MALARIA_EST_INCIDENCE,442CEA8,MALARIA_EST_INCIDENCE,2002,YEAR,364,COUNTRY,PUBLISHED,Malaria cases,Iran (Islamic Republic of),22.40511524000000,22.40511524000000,22.40511524000000
442CEA8MALARIA_EST_INCIDENCE,MALARIA_EST_INCIDENCE,442CEA8,MALARIA_EST_INCIDENCE,2002,YEAR,368,COUNTRY,PUBLISHED,Malaria cases,Iraq,0.28158582500000,0.28158582500000,0.28158582500000
442CEA8MALARIA_EST_INCIDENCE,MALARIA_EST_INCIDENCE,442CEA8,MALARIA_EST_INCIDENCE,2002,YEAR,384,COUNTRY,PUBLISHED,Malaria cases,Côte d'Ivoire,506.32076910000000,408.63746870000000,621.67662230000000
442CEA8MALARIA_EST_INCIDENCE,MALARIA_EST_INCIDENCE,442CEA8,MALARIA_EST_INCIDENCE,2002,YEAR,404,COUNTRY,PUBLISHED,Malaria cases,Kenya,227.55448020000000,180.61569880000000,284.75604500000000
442CEA8MALARIA_EST_INCIDENCE,MALARIA_EST_INCIDENCE,442CEA8,MALARIA_EST_INCIDENCE,2002,YEAR,408,COUNTRY,PUBLISHED,Malaria cases,Democratic People's Republic of Korea,10.56054134000000,10.56054134000000,10.56054134000000
442CEA8MALARIA_EST_INCIDENCE,MALARIA_EST_INCIDENCE,442CEA8,MALARIA_EST_INCIDENCE,2002,YEAR,410,COUNTRY,PUBLISHED,Malaria cases,Republic of Korea,0.54335055500000,0.54335055500000,0.54335055500000
442CEA8MALARIA_EST_INCIDENCE,MALARIA_EST_INCIDENCE,442CEA8,MALARIA_EST_INCIDENCE,2002,YEAR,417,COUNTRY,PUBLISHED,Malaria cases,Kyrgyzstan,0.68284136200000,0.68284136200000,0.68284136200000
442CEA8MALARIA_EST_INCIDENCE,MALARIA_EST_INCIDENCE,442CEA8,MALARIA_EST_INCIDENCE,2002,YEAR,418,COUNTRY,PUBLISHED,Malaria cases,Lao People's Democratic Republic,17.26432217000000,12.71460949000000,22.61621409000000
442CEA8MALARIA_EST_INCIDENCE,MALARIA_EST_INCIDENCE,442CEA8,MALARIA_EST_INCIDENCE,2002,YEAR,430,COUNTRY,PUBLISHED,Malaria cases,Liberia,415.53182600000000,279.06624090000000,590.70229040000000
442CEA8MALARIA_EST_INCIDENCE,MALARIA_EST_INCIDENCE,442CEA8,MALARIA_EST_INCIDENCE,2002,YEAR,450,COUNTRY,PUBLISHED,Malaria cases,Madagascar,51.19768970000000,1.26703904500000,116.86577450000000
442CEA8MALARIA_EST_INCIDENCE,MALARIA_EST_INCIDENCE,442CEA8,MALARIA_EST_INCIDENCE,2002,YEAR,454,COUNTRY,PUBLISHED,Malaria cases,Malawi,439.55425890000000,351.92371450000000,541.59381720000000
442CEA8MALARIA_EST_INCIDENCE,MALARIA_EST_INCIDENCE,442CEA8,MALARIA_EST_INCIDENCE,2002,YEAR,458,COUNTRY,PUBLISHED,Malaria cases,Malaysia,11.42932417000000,11.42932417000000,11.42932417000000
442CEA8MALARIA_EST_INCIDENCE,MALARIA_EST_INCIDENCE,442CEA8,MALARIA_EST_INCIDENCE,2002,YEAR,466,COUNTRY,PUBLISHED,Malaria cases,Mali,405.09146660000000,270.82750280000000,588.69749810000000
442CEA8MALARIA_EST_INCIDENCE,MALARIA_EST_INCIDENCE,442CEA8,MALARIA_EST_INCIDENCE,2002,YEAR,478,COUNTRY,PUBLISHED,Malaria cases,Mauritania,92.58635812000000,40.99860735000000,174.75594760000000
442CEA8MALARIA_EST_INCIDENCE,MALARIA_EST_INCIDENCE,442CEA8,MALARIA_EST_INCIDENCE,2002,YEAR,484,COUNTRY,PUBLISHED,Malaria cases,Mexico,2.14787047700000,2.14787047700000,2.14787047700000
442CEA8MALARIA_EST_INCIDENCE,MALARIA_EST_INCIDENCE,442CEA8,MALARIA_EST_INCIDENCE,2002,YEAR,504,COUNTRY,PUBLISHED,Malaria cases,Morocco,0.00065072600000,0.00065072600000,0.00065072600000
442CEA8MALARIA_EST_INCIDENCE,MALARIA_EST_INCIDENCE,442CEA8,MALARIA_EST_INCIDENCE,2004,YEAR,232,COUNTRY,PUBLISHED,Malaria cases,Eritrea,5.80883606600000,2.90498571600000,10.05641033000000
442CEA8MALARIA_EST_INCIDENCE,MALARIA_EST_INCIDENCE,442CEA8,MALARIA_EST_INCIDENCE,2004,YEAR,254,OVERSEAS DEPARTMENT,PUBLISHED,Malaria cases,French Guiana,33.41391251000000,29.61518000000000,39.30358126000000
442CEA8MALARIA_EST_INCIDENCE,MALARIA_EST_INCIDENCE,442CEA8,MALARIA_EST_INCIDENCE,2004,YEAR,262,COUNTRY,PUBLISHED,Malaria cases,Djibouti,3.07170320500000,2.36793936000000,3.77708118800000
442CEA8MALARIA_EST_INCIDENCE,MALARIA_EST_INCIDENCE,442CEA8,MALARIA_EST_INCIDENCE,2004,YEAR,266,COUNTRY,PUBLISHED,Malaria cases,Gabon,196.65829120000000,124.60715260000000,296.82706130000000
442CEA8MALARIA_EST_INCIDENCE,MALARIA_EST_INCIDENCE,442CEA8,MALARIA_EST_INCIDENCE,2004,YEAR,268,COUNTRY,PUBLISHED,Malaria cases,Georgia,6.33629191300000,6.33629191300000,6.33629191300000
442CEA8MALARIA_EST_INCIDENCE,MALARIA_EST_INCIDENCE,442CEA8,MALARIA_EST_INCIDENCE,2004,YEAR,270,COUNTRY,PUBLISHED,Malaria cases,Gambia,277.24724000000000,204.40236330000000,360.18689500000000
442CEA8MALARIA_EST_INCIDENCE,MALARIA_EST_INCIDENCE,442CEA8,MALARIA_EST_INCIDENCE,2004,YEAR,288,COUNTRY,PUBLISHED,Malaria cases,Ghana,340.21083850000000,270.23067820000000,421.70740950000000
442CEA8MALARIA_EST_INCIDENCE,MALARIA_EST_INCIDENCE,442CEA8,MALARIA_EST_INCIDENCE,2004,YEAR,320,COUNTRY,PUBLISHED,Malaria cases,Guatemala,3.52937659900000,3.12755887300000,4.15402475000000
442CEA8MALARIA_EST_INCIDENCE,MALARIA_EST_INCIDENCE,442CEA8,MALARIA_EST_INCIDENCE,2004,YEAR,324,COUNTRY,PUBLISHED,Malaria cases,Guinea,425.35661180000000,304.53781010000000,577.16987160000000
442CEA8MALARIA_EST_INCIDENCE,MALARIA_EST_INCIDENCE,442CEA8,MALARIA_EST_INCIDENCE,2006,YEAR,032,COUNTRY,PUBLISHED,Malaria cases,Argentina,0.86820453300000,0.86820453300000,0.86820453300000
442CEA8MALARIA_EST_INCIDENCE,MALARIA_EST_INCIDENCE,442CEA8,MALARIA_EST_INCIDENCE,2006,YEAR,050,COUNTRY,PUBLISHED,Malaria cases,Bangladesh,4.34390212800000,2.56827612300000,6.55902348900000
442CEA8MALARIA_EST_INCIDENCE,MALARIA_EST_INCIDENCE,442CEA8,MALARIA_EST_INCIDENCE,2006,YEAR,051,COUNTRY,PUBLISHED,Malaria cases,Armenia,0.00000000000000,0.00000000000000,0.00000000000000
442CEA8MALARIA_EST_INCIDENCE,MALARIA_EST_INCIDENCE,442CEA8,MALARIA_EST_INCIDENCE,2006,YEAR,064,COUNTRY,PUBLISHED,Malaria cases,Bhutan,3.76316250700000,3.76316250700000,3.76316250700000
442CEA8MALARIA_EST_INCIDENCE,MALARIA_EST_INCIDENCE,442CEA8,MALARIA_EST_INCIDENCE,2006,YEAR,068,COUNTRY,PUBLISHED,Malaria cases,Bolivia (Plurinational State of),5.95920461200000,4.66164464000000,7.32782269300000
442CEA8MALARIA_EST_INCIDENCE,MALARIA_EST_INCIDENCE,442CEA8,MALARIA_EST_INCIDENCE,2006,YEAR,072,COUNTRY,PUBLISHED,Malaria cases,Botswana,3.86476617500000,2.57246738300000,6.27797187900000
442CEA8MALARIA_EST_INCIDENCE,MALARIA_EST_INCIDENCE,442CEA8,MALARIA_EST_INCIDENCE,2006,YEAR,076,COUNTRY,PUBLISHED,Malaria cases,Brazil,15.41763151000000,14.81156134000000,16.43356541000000
442CEA8MALARIA_EST_INCIDENCE,MALARIA_EST_INCIDENCE,442CEA8,MALARIA_EST_INCIDENCE,2006,YEAR,084,COUNTRY,PUBLISHED,Malaria cases,Belize,4.24897803000000,4.24897803000000,4.24897803000000
442CEA8MALARIA_EST_INCIDENCE,MALARIA_EST_INCIDENCE,442CEA8,MALARIA_EST_INCIDENCE,2006,YEAR,090,COUNTRY,PUBLISHED,Malaria cases,Solomon Islands,579.20961950000000,301.03395060000000,961.46150320000000
442CEA8MALARIA_EST_INCIDENCE,MALARIA_EST_INCIDENCE,442CEA8,MALARIA_EST_INCIDENCE,2006,YEAR,104,COUNTRY,PUBLISHED,Malaria cases,Myanmar,24.44981943000000,15.75690392000000,37.72566464000000
442CEA8MALARIA_EST_INCIDENCE,MALARIA_EST_INCIDENCE,442CEA8,MALARIA_EST_INCIDENCE,2006,YEAR,108,COUNTRY,PUBLISHED,Malaria cases,Burundi,287.78281890000000,211.22576230000000,381.67779130000000
442CEA8MALARIA_EST_INCIDENCE,MALARIA_EST_INCIDENCE,442CEA8,MALARIA_EST_INCIDENCE,2006,YEAR,116,COUNTRY,PUBLISHED,Malaria cases,Cambodia,45.13993457000000,34.98672934000000,59.49714180000000
442CEA8MALARIA_EST_INCIDENCE,MALARIA_EST_INCIDENCE,442CEA8,MALARIA_EST_INCIDENCE,2006,YEAR,120,COUNTRY,PUBLISHED,Malaria cases,Cameroon,425.94826580000000,339.39231090000000,527.12839240000000
442CEA8MALARIA_EST_INCIDENCE,MALARIA_EST_INCIDENCE,442CEA8,MALARIA_EST_INCIDENCE,2006,YEAR,132,COUNTRY,PUBLISHED,Malaria cases,Cabo Verde,0.62701330100000,0.62701330100000,0.62701330100000
442CEA8MALARIA_EST_INCIDENCE,MALARIA_EST_INCIDENCE,442CEA8,MALARIA_EST_INCIDENCE,2006,YEAR,140,COUNTRY,PUBLISHED,Malaria cases,Central African Republic,467.92873410000000,303.02260680000000,684.82464850000000
442CEA8MALARIA_EST_INCIDENCE,MALARIA_EST_INCIDENCE,442CEA8,MALARIA_EST_INCIDENCE,2006,YEAR,144,COUNTRY,PUBLISHED,Malaria cases,Sri Lanka,0.12625361700000,0.12625361700000,0.12625361700000
442CEA8MALARIA_EST_INCIDENCE,MALARIA_EST_INCIDENCE,442CEA8,MALARIA_EST_INCIDENCE,2006,YEAR,148,COUNTRY,PUBLISHED,Malaria cases,Chad,242.19883530000000,149.03588220000000,370.03530630000000
442CEA8MALARIA_EST_INCIDENCE,MALARIA_EST_INCIDENCE,442CEA8,MALARIA_EST_INCIDENCE,2006,YEAR,156,COUNTRY,PUBLISHED,Malaria cases,China,0.06418841300000,0.06418841300000,0.06418841300000
442CEA8MALARIA_EST_INCIDENCE,MALARIA_EST_INCIDENCE,442CEA8,MALARIA_EST_INCIDENCE,2006,YEAR,170,COUNTRY,PUBLISHED,Malaria cases,Colombia,17.50199812000000,13.49453752000000,21.68854372000000
442CEA8MALARIA_EST_INCIDENCE,MALARIA_EST_INCIDENCE,442CEA8,MALARIA_EST_INCIDENCE,2006,YEAR,174,COUNTRY,PUBLISHED,Malaria cases,Comoros,58.91000127000000,39.49050273000000,79.18604786000000
442CEA8MALARIA_EST_INCIDENCE,MALARIA_EST_INCIDENCE,442CEA8,MALARIA_EST_INCIDENCE,2006,YEAR,175,OVERSEAS DEPARTMENT,PUBLISHED,Malaria cases,Mayotte,7.81365177700000,7.81365177700000,7.81365177700000
442CEA8MALARIA_EST_INCIDENCE,MALARIA_EST_INCIDENCE,442CEA8,MALARIA_EST_INCIDENCE,2006,YEAR,178,COUNTRY,PUBLISHED,Malaria cases,Congo,286.84458710000000,184.47426380000000,426.94379200000000
442CEA8MALARIA_EST_INCIDENCE,MALARIA_EST_INCIDENCE,442CEA8,MALARIA_EST_INCIDENCE,2006,YEAR,180,COUNTRY,PUBLISHED,Malaria cases,Democratic Republic of the Congo,464.80201970000000,376.06530700000000,568.57219260000000
442CEA8MALARIA_EST_INCIDENCE,MALARIA_EST_INCIDENCE,442CEA8,MALARIA_EST_INCIDENCE,2006,YEAR,188,COUNTRY,PUBLISHED,Malaria cases,Costa Rica,1.91937945100000,1.91937945100000,1.91937945100000
442CEA8MALARIA_EST_INCIDENCE,MALARIA_EST_INCIDENCE,442CEA8,MALARIA_EST_INCIDENCE,2006,YEAR,204,COUNTRY,PUBLISHED,Malaria cases,Benin,508.92750940000000,409.82863180000000,624.80133130000000
442CEA8MALARIA_EST_INCIDENCE,MALARIA_EST_INCIDENCE,442CEA8,MALARIA_EST_INCIDENCE,2006,YEAR,214,COUNTRY,PUBLISHED,Malaria cases,Dominican Republic,0.88138518400000,0.72337235300000,1.05319213000000
442CEA8MALARIA_EST_INCIDENCE,MALARIA_EST_INCIDENCE,442CEA8,MALARIA_EST_INCIDENCE,2006,YEAR,218,COUNTRY,PUBLISHED,Malaria cases,Ecuador,1.23556080000000,1.23556080000000,1.23556080000000
442CEA8MALARIA_EST_INCIDENCE,MALARIA_EST_INCIDENCE,442CEA8,MALARIA_EST_INCIDENCE,2006,YEAR,222,COUNTRY,PUBLISHED,Malaria cases,El Salvador,0.04021436700000,0.04021436700000,0.04021436700000
442CEA8MALARIA_EST_INCIDENCE,MALARIA_EST_INCIDENCE,442CEA8,MALARIA_EST_INCIDENCE,2006,YEAR,226,COUNTRY,PUBLISHED,Malaria cases,Equatorial Guinea,356.68652170000000,264.13012970000000,474.24197980000000
442CEA8MALARIA_EST_INCIDENCE,MALARIA_EST_INCIDENCE,442CEA8,MALARIA_EST_INCIDENCE,2006,YEAR,231,COUNTRY,PUBLISHED,Malaria cases,Ethiopia,138.01261930000000,42.82932960000000,429.14197820000000
442CEA8MALARIA_EST_INCIDENCE,MALARIA_EST_INCIDENCE,442CEA8,MALARIA_EST_INCIDENCE,2006,YEAR,232,COUNTRY,PUBLISHED,Malaria cases,Eritrea,6.08026182300000,3.84426384700000,8.55384053700000
442CEA8MALARIA_EST_INCIDENCE,MALARIA_EST_INCIDENCE,442CEA8,MALARIA_EST_INCIDENCE,2006,YEAR,254,OVERSEAS DEPARTMENT,PUBLISHED,Malaria cases,French Guiana,41.08767541000000,36.39292017000000,48.30971677000000
442CEA8MALARIA_EST_INCIDENCE,MALARIA_EST_INCIDENCE,442CEA8,MALARIA_EST_INCIDENCE,2006,YEAR,262,COUNTRY,PUBLISHED,Malaria cases,Djibouti,3.07282852900000,2.36695057600000,3.77714825300000
442CEA8MALARIA_EST_INCIDENCE,MALARIA_EST_INCIDENCE,442CEA8,MALARIA_EST_INCIDENCE,2006,YEAR,266,COUNTRY,PUBLISHED,Malaria cases,Gabon,131.78951390000000,76.86901203000000,210.11498090000000
442CEA8MALARIA_EST_INCIDENCE,MALARIA_EST_INCIDENCE,442CEA8,MALARIA_EST_INCIDENCE,2006,YEAR,268,COUNTRY,PUBLISHED,Malaria cases,Georgia,1.47629175500000,1.47629175500000,1.47629175500000
442CEA8MALARIA_EST_INCIDENCE,MALARIA_EST_INCIDENCE,442CEA8,MALARIA_EST_INCIDENCE,2006,YEAR,270,COUNTRY,PUBLISHED,Malaria cases,Gambia,261.64609170000000,194.16924400000000,341.42979990000000
442CEA8MALARIA_EST_INCIDENCE,MALARIA_EST_INCIDENCE,442CEA8,MALARIA_EST_INCIDENCE,2006,YEAR,288,COUNTRY,PUBLISHED,Malaria cases,Ghana,311.34051380000000,248.80236070000000,383.10049320000000
442CEA8MALARIA_EST_INCIDENCE,MALARIA_EST_INCIDENCE,442CEA8,MALARIA_EST_INCIDENCE,2006,YEAR,320,COUNTRY,PUBLISHED,Malaria cases,Guatemala,3.62785554900000,3.21710570100000,4.25544681200000
442CEA8MALARIA_EST_INCIDENCE,MALARIA_EST_INCIDENCE,442CEA8,MALARIA_EST_INCIDENCE,2006,YEAR,324,COUNTRY,PUBLISHED,Malaria cases,Guinea,404.99355480000000,289.64504930000000,551.38836870000000
442CEA8MALARIA_EST_INCIDENCE,MALARIA_EST_INCIDENCE,442CEA8,MALARIA_EST_INCIDENCE,2006,YEAR,328,COUNTRY,PUBLISHED,Malaria cases,Guyana,36.40347525000000,31.61403146000000,41.73978149000000
442CEA8MALARIA_EST_INCIDENCE,MALARIA_EST_INCIDENCE,442CEA8,MALARIA_EST_INCIDENCE,2006,YEAR,332,COUNTRY,PUBLISHED,Malaria cases,Haiti,9.86111684600000,5.73420380200000,15.62324969000000
442CEA8MALARIA_EST_INCIDENCE,MALARIA_EST_INCIDENCE,442CEA8,MALARIA_EST_INCIDENCE,2006,YEAR,340,COUNTRY,PUBLISHED,Malaria cases,Honduras,2.48256881400000,1.83257785500000,3.15691974600000
442CEA8MALARIA_EST_INCIDENCE,MALARIA_EST_INCIDENCE,442CEA8,MALARIA_EST_INCIDENCE,2006,YEAR,356,COUNTRY,PUBLISHED,Malaria cases,India,16.50202880000000,12.48367725000000,22.10195303000000
442CEA8MALARIA_EST_INCIDENCE,MALARIA_EST_INCIDENCE,442CEA8,MALARIA_EST_INCIDENCE,2006,YEAR,360,COUNTRY,PUBLISHED,Malaria cases,Indonesia,5.92414282200000,5.33608756100000,6.62131999000000
442CEA8MALARIA_EST_INCIDENCE,MALARIA_EST_INCIDENCE,442CEA8,MALARIA_EST_INCIDENCE,2006,YEAR,762,COUNTRY,PUBLISHED,Malaria cases,Tajikistan,0.57016146500000,0.57016146500000,0.57016146500000
442CEA8MALARIA_EST_INCIDENCE,MALARIA_EST_INCIDENCE,442CEA8,MALARIA_EST_INCIDENCE,2006,YEAR,764,COUNTRY,PUBLISHED,Malaria cases,Thailand,2.39821708300000,2.39821708300000,2.39821708300000
442CEA8MALARIA_EST_INCIDENCE,MALARIA_EST_INCIDENCE,442CEA8,MALARIA_EST_INCIDENCE,2006,YEAR,768,COUNTRY,PUBLISHED,Malaria cases,Togo,474.94055570000000,372.28769750000000,592.87075500000000
442CEA8MALARIA_EST_INCIDENCE,MALARIA_EST_INCIDENCE,442CEA8,MALARIA_EST_INCIDENCE,2006,YEAR,792,COUNTRY,PUBLISHED,Malaria cases,Türkiye,0.17483181800000,0.17483181800000,0.17483181800000
442CEA8MALARIA_EST_INCIDENCE,MALARIA_EST_INCIDENCE,442CEA8,MALARIA_EST_INCIDENCE,2006,YEAR,795,COUNTRY,PUBLISHED,Malaria cases,Turkmenistan,0.00298899200000,0.00298899200000,0.00298899200000
442CEA8MALARIA_EST_INCIDENCE,MALARIA_EST_INCIDENCE,442CEA8,MALARIA_EST_INCIDENCE,2006,YEAR,800,COUNTRY,PUBLISHED,Malaria cases,Uganda,425.62227280000000,332.55066080000000,534.86488580000000
442CEA8MALARIA_EST_INCIDENCE,MALARIA_EST_INCIDENCE,442CEA8,MALARIA_EST_INCIDENCE,2006,YEAR,818,COUNTRY,PUBLISHED,Malaria cases,Egypt,0.00000000000000,0.00000000000000,0.00000000000000
442CEA8MALARIA_EST_INCIDENCE,MALARIA_EST_INCIDENCE,442CEA8,MALARIA_EST_INCIDENCE,2006,YEAR,834,COUNTRY,PUBLISHED,Malaria cases,United Republic of Tanzania,225.71733760000000,172.54889900000000,291.00565750000000
442CEA8MALARIA_EST_INCIDENCE,MALARIA_EST_INCIDENCE,442CEA8,MALARIA_EST_INCIDENCE,2006,YEAR,854,COUNTRY,PUBLISHED,Malaria cases,Burkina Faso,511.16034300000000,401.58468510000000,640.88835960000000
442CEA8MALARIA_EST_INCIDENCE,MALARIA_EST_INCIDENCE,442CEA8,MALARIA_EST_INCIDENCE,2006,YEAR,860,COUNTRY,PUBLISHED,Malaria cases,Uzbekistan,2.73418480100000,2.73418480100000,2.73418480100000
442CEA8MALARIA_EST_INCIDENCE,MALARIA_EST_INCIDENCE,442CEA8,MALARIA_EST_INCIDENCE,2006,YEAR,862,COUNTRY,PUBLISHED,Malaria cases,Venezuela (Bolivarian Republic of),3.20576700100000,2.83800151100000,3.76284046000000
442CEA8MALARIA_EST_INCIDENCE,MALARIA_EST_INCIDENCE,442CEA8,MALARIA_EST_INCIDENCE,2006,YEAR,887,COUNTRY,PUBLISHED,Malaria cases,Yemen,79.31251597000000,35.46947714000000,374.58646910000000
442CEA8MALARIA_EST_INCIDENCE,MALARIA_EST_INCIDENCE,442CEA8,MALARIA_EST_INCIDENCE,2006,YEAR,894,COUNTRY,PUBLISHED,Malaria cases,Zambia,225.93314030000000,176.77068150000000,284.82324950000000
442CEA8MALARIA_EST_INCIDENCE,MALARIA_EST_INCIDENCE,442CEA8,MALARIA_EST_INCIDENCE,2006,YEAR,953,WHOREGION,PUBLISHED,Malaria cases,Africa,315.52108540000000,289.87897200000000,347.90033860000000
442CEA8MALARIA_EST_INCIDENCE,MALARIA_EST_INCIDENCE,442CEA8,MALARIA_EST_INCIDENCE,2006,YEAR,954,WHOREGION,PUBLISHED,Malaria cases,Americas,8.54689675800000,8.03274600300000,9.13479728400000
442CEA8MALARIA_EST_INCIDENCE,MALARIA_EST_INCIDENCE,442CEA8,MALARIA_EST_INCIDENCE,2006,YEAR,955,WHOREGION,PUBLISHED,Malaria cases,South-East Asia,16.32042175000000,12.63179531000000,21.68291454000000
442CEA8MALARIA_EST_INCIDENCE,MALARIA_EST_INCIDENCE,442CEA8,MALARIA_EST_INCIDENCE,2006,YEAR,956,WHOREGION,PUBLISHED,Malaria cases,Europe,0.08891445100000,0.08891445100000,0.08891445100000
442CEA8MALARIA_EST_INCIDENCE,MALARIA_EST_INCIDENCE,442CEA8,MALARIA_EST_INCIDENCE,2006,YEAR,957,WHOREGION,PUBLISHED,Malaria cases,Eastern Mediterranean,13.58326499000000,10.68563470000000,25.20214462000000
442CEA8MALARIA_EST_INCIDENCE,MALARIA_EST_INCIDENCE,442CEA8,MALARIA_EST_INCIDENCE,2006,YEAR,958,WHOREGION,PUBLISHED,Malaria cases,Western Pacific,4.17269118900000,3.10480398300000,5.48582925800000
442CEA8MALARIA_EST_INCIDENCE,MALARIA_EST_INCIDENCE,442CEA8,MALARIA_EST_INCIDENCE,2007,YEAR,001,GLOBAL,PUBLISHED,Malaria cases,World,70.21448854000000,65.03032242000000,76.74579006000000
442CEA8MALARIA_EST_INCIDENCE,MALARIA_EST_INCIDENCE,442CEA8,MALARIA_EST_INCIDENCE,2007,YEAR,004,COUNTRY,PUBLISHED,Malaria cases,Afghanistan,22.62627923000000,11.90648670000000,38.77185278000000
442CEA8MALARIA_EST_INCIDENCE,MALARIA_EST_INCIDENCE,442CEA8,MALARIA_EST_INCIDENCE,2009,YEAR,170,COUNTRY,PUBLISHED,Malaria cases,Colombia,11.27965379000000,8.61326117100000,14.05858533000000
442CEA8MALARIA_EST_INCIDENCE,MALARIA_EST_INCIDENCE,442CEA8,MALARIA_EST_INCIDENCE,2009,YEAR,174,COUNTRY,PUBLISHED,Malaria cases,Comoros,55.49056230000000,37.19933266000000,74.59026991000000
442CEA8MALARIA_EST_INCIDENCE,MALARIA_EST_INCIDENCE,442CEA8,MALARIA_EST_INCIDENCE,2009,YEAR,175,OVERSEAS DEPARTMENT,PUBLISHED,Malaria cases,Mayotte,2.29641803800000,2.29641803800000,2.29641803800000
442CEA8MALARIA_EST_INCIDENCE,MALARIA_EST_INCIDENCE,442CEA8,MALARIA_EST_INCIDENCE,2009,YEAR,178,COUNTRY,PUBLISHED,Malaria cases,Congo,214.44686670000000,143.93810500000000,307.81753980000000
442CEA8MALARIA_EST_INCIDENCE,MALARIA_EST_INCIDENCE,442CEA8,MALARIA_EST_INCIDENCE,2009,YEAR,180,COUNTRY,PUBLISHED,Malaria cases,Democratic Republic of the Congo,405.22700970000000,327.36010200000000,494.64092500000000
442CEA8MALARIA_EST_INCIDENCE,MALARIA_EST_INCIDENCE,442CEA8,MALARIA_EST_INCIDENCE,2009,YEAR,188,COUNTRY,PUBLISHED,Malaria cases,Costa Rica,0.16635702200000,0.16635702200000,0.16635702200000
442CEA8MALARIA_EST_INCIDENCE,MALARIA_EST_INCIDENCE,442CEA8,MALARIA_EST_INCIDENCE,2009,YEAR,204,COUNTRY,PUBLISHED,Malaria cases,Benin,448.56086430000000,354.61535360000000,556.86597910000000
442CEA8MALARIA_EST_INCIDENCE,MALARIA_EST_INCIDENCE,442CEA8,MALARIA_EST_INCIDENCE,2009,YEAR,214,COUNTRY,PUBLISHED,Malaria cases,Dominican Republic,0.39604182900000,0.32394910800000,0.47207156100000
442CEA8MALARIA_EST_INCIDENCE,MALARIA_EST_INCIDENCE,442CEA8,MALARIA_EST_INCIDENCE,2009,YEAR,218,COUNTRY,PUBLISHED,Malaria cases,Ecuador,0.49108126900000,0.49108126900000,0.49108126900000
442CEA8MALARIA_EST_INCIDENCE,MALARIA_EST_INCIDENCE,442CEA8,MALARIA_EST_INCIDENCE,2009,YEAR,222,COUNTRY,PUBLISHED,Malaria cases,El Salvador,0.01710376300000,0.01710376300000,0.01710376300000
442CEA8MALARIA_EST_INCIDENCE,MALARIA_EST_INCIDENCE,442CEA8,MALARIA_EST_INCIDENCE,2009,YEAR,226,COUNTRY,PUBLISHED,Malaria cases,Equatorial Guinea,303.15680660000000,212.38512320000000,423.14786030000000
442CEA8MALARIA_EST_INCIDENCE,MALARIA_EST_INCIDENCE,442CEA8,MALARIA_EST_INCIDENCE,2009,YEAR,231,COUNTRY,PUBLISHED,Malaria cases,Ethiopia,133.79455780000000,44.23220582000000,382.42977980000000
442CEA8MALARIA_EST_INCIDENCE,MALARIA_EST_INCIDENCE,442CEA8,MALARIA_EST_INCIDENCE,2009,YEAR,232,COUNTRY,PUBLISHED,Malaria cases,Eritrea,9.57655862300000,6.09719569900000,13.51058820000000
442CEA8MALARIA_EST_INCIDENCE,MALARIA_EST_INCIDENCE,442CEA8,MALARIA_EST_INCIDENCE,2009,YEAR,254,OVERSEAS DEPARTMENT,PUBLISHED,Malaria cases,French Guiana,31.73695385000000,28.28983963000000,37.03336650000000
442CEA8MALARIA_EST_INCIDENCE,MALARIA_EST_INCIDENCE,442CEA8,MALARIA_EST_INCIDENCE,2009,YEAR,262,COUNTRY,PUBLISHED,Malaria cases,Djibouti,3.92935930700000,3.92935930700000,3.92935930700000
442CEA8MALARIA_EST_INCIDENCE,MALARIA_EST_INCIDENCE,442CEA8,MALARIA_EST_INCIDENCE,2009,YEAR,266,COUNTRY,PUBLISHED,Malaria cases,Gabon,147.03326280000000,70.20527746000000,274.66757060000000
442CEA8MALARIA_EST_INCIDENCE,MALARIA_EST_INCIDENCE,442CEA8,MALARIA_EST_INCIDENCE,2009,YEAR,268,COUNTRY,PUBLISHED,Malaria cases,Georgia,0.02551736500000,0.02551736500000,0.02551736500000
442CEA8MALARIA_EST_INCIDENCE,MALARIA_EST_INCIDENCE,442CEA8,MALARIA_EST_INCIDENCE,2009,YEAR,270,COUNTRY,PUBLISHED,Malaria cases,Gambia,239.73962050000000,178.52405820000000,311.92742740000000
442CEA8MALARIA_EST_INCIDENCE,MALARIA_EST_INCIDENCE,442CEA8,MALARIA_EST_INCIDENCE,2010,YEAR,466,COUNTRY,PUBLISHED,Malaria cases,Mali,373.59505030000000,267.65325160000000,514.53949170000000
442CEA8MALARIA_EST_INCIDENCE,MALARIA_EST_INCIDENCE,442CEA8,MALARIA_EST_INCIDENCE,2010,YEAR,478,COUNTRY,PUBLISHED,Malaria cases,Mauritania,36.27552519000000,2.03069097800000,80.91135736000000
442CEA8MALARIA_EST_INCIDENCE,MALARIA_EST_INCIDENCE,442CEA8,MALARIA_EST_INCIDENCE,2010,YEAR,484,COUNTRY,PUBLISHED,Malaria cases,Mexico,0.50896162700000,0.50896162700000,0.50896162700000
442CEA8MALARIA_EST_INCIDENCE,MALARIA_EST_INCIDENCE,442CEA8,MALARIA_EST_INCIDENCE,2010,YEAR,504,COUNTRY,PUBLISHED,Malaria cases,Morocco,0.00000000000000,0.00000000000000,0.00000000000000
442CEA8MALARIA_EST_INCIDENCE,MALARIA_EST_INCIDENCE,442CEA8,MALARIA_EST_INCIDENCE,2010,YEAR,508,COUNTRY,PUBLISHED,Malaria cases,Mozambique,377.94039670000000,310.93157660000000,455.24807130000000
442CEA8MALARIA_EST_INCIDENCE,MALARIA_EST_INCIDENCE,442CEA8,MALARIA_EST_INCIDENCE,2010,YEAR,512,COUNTRY,PUBLISHED,Malaria cases,Oman,0.00000000000000,0.00000000000000,0.00000000000000
442CEA8MALARIA_EST_INCIDENCE,MALARIA_EST_INCIDENCE,442CEA8,MALARIA_EST_INCIDENCE,2010,YEAR,516,COUNTRY,PUBLISHED,Malaria cases,Namibia,1.54658074300000,0.47530486700000,3.71843691400000
442CEA8MALARIA_EST_INCIDENCE,MALARIA_EST_INCIDENCE,442CEA8,MALARIA_EST_INCIDENCE,2010,YEAR,524,COUNTRY,PUBLISHED,Malaria cases,Nepal,3.80278367900000,1.87313794800000,7.95908103500000
442CEA8MALARIA_EST_INCIDENCE,MALARIA_EST_INCIDENCE,442CEA8,MALARIA_EST_INCIDENCE,2010,YEAR,548,COUNTRY,PUBLISHED,Malaria cases,Vanuatu,88.02629204000000,64.62494806000000,123.77553550000000
442CEA8MALARIA_EST_INCIDENCE,MALARIA_EST_INCIDENCE,442CEA8,MALARIA_EST_INCIDENCE,2010,YEAR,558,COUNTRY,PUBLISHED,Malaria cases,Nicaragua,0.17350121500000,0.14438628500000,0.20479481300000
442CEA8MALARIA_EST_INCIDENCE,MALARIA_EST_INCIDENCE,442CEA8,MALARIA_EST_INCIDENCE,2010,YEAR,562,COUNTRY,PUBLISHED,Malaria cases,Niger,410.05215230000000,291.33355110000000,566.76099050000000
442CEA8MALARIA_EST_INCIDENCE,MALARIA_EST_INCIDENCE,442CEA8,MALARIA_EST_INCIDENCE,2010,YEAR,566,COUNTRY,PUBLISHED,Malaria cases,Nigeria,363.35818360000000,294.23855600000000,443.45003250000000
442CEA8MALARIA_EST_INCIDENCE,MALARIA_EST_INCIDENCE,442CEA8,MALARIA_EST_INCIDENCE,2010,YEAR,586,COUNTRY,PUBLISHED,Malaria cases,Pakistan,7.38078941300000,3.27371068000000,15.41830721000000
442CEA8MALARIA_EST_INCIDENCE,MALARIA_EST_INCIDENCE,442CEA8,MALARIA_EST_INCIDENCE,2010,YEAR,591,COUNTRY,PUBLISHED,Malaria cases,Panama,0.18098669000000,0.17399402300000,0.19291535800000
442CEA8MALARIA_EST_INCIDENCE,MALARIA_EST_INCIDENCE,442CEA8,MALARIA_EST_INCIDENCE,2010,YEAR,598,COUNTRY,PUBLISHED,Malaria cases,Papua New Guinea,141.38740400000000,50.67197675000000,252.07065600000000
442CEA8MALARIA_EST_INCIDENCE,MALARIA_EST_INCIDENCE,442CEA8,MALARIA_EST_INCIDENCE,2010,YEAR,600,COUNTRY,PUBLISHED,Malaria cases,Paraguay,0.09682135500000,0.09682135500000,0.09682135500000
442CEA8MALARIA_EST_INCIDENCE,MALARIA_EST_INCIDENCE,442CEA8,MALARIA_EST_INCIDENCE,2010,YEAR,604,COUNTRY,PUBLISHED,Malaria cases,Peru,3.31298842600000,2.88860998800000,3.77229605700000
442CEA8MALARIA_EST_INCIDENCE,MALARIA_EST_INCIDENCE,442CEA8,MALARIA_EST_INCIDENCE,2010,YEAR,608,COUNTRY,PUBLISHED,Malaria cases,Philippines,0.95706254900000,0.66194024300000,1.27337769500000
442CEA8MALARIA_EST_INCIDENCE,MALARIA_EST_INCIDENCE,442CEA8,MALARIA_EST_INCIDENCE,2010,YEAR,624,COUNTRY,PUBLISHED,Malaria cases,Guinea-Bissau,124.53953340000000,70.81744710000000,204.30192310000000
442CEA8MALARIA_EST_INCIDENCE,MALARIA_EST_INCIDENCE,442CEA8,MALARIA_EST_INCIDENCE,2010,YEAR,626,COUNTRY,PUBLISHED,Malaria cases,Timor-Leste,93.52733076000000,66.79567535000000,123.57584810000000
442CEA8MALARIA_EST_INCIDENCE,MALARIA_EST_INCIDENCE,442CEA8,MALARIA_EST_INCIDENCE,2000,YEAR,001,GLOBAL,PUBLISHED,Malaria cases,World,79.37730841000000,74.33483882000000,85.66776114000000
442CEA8MALARIA_EST_INCIDENCE,MALARIA_EST_INCIDENCE,442CEA8,MALARIA_EST_INCIDENCE,2000,YEAR,004,COUNTRY,PUBLISHED,Malaria cases,Afghanistan,84.47579881000000,54.25512883000000,130.12204170000000
442CEA8MALARIA_EST_INCIDENCE,MALARIA_EST_INCIDENCE,442CEA8,MALARIA_EST_INCIDENCE,2000,YEAR,012,COUNTRY,PUBLISHED,Malaria cases,Algeria,0.01872974800000,0.01872974800000,0.01872974800000
442CEA8MALARIA_EST_INCIDENCE,MALARIA_EST_INCIDENCE,442CEA8,MALARIA_EST_INCIDENCE,2000,YEAR,024,COUNTRY,PUBLISHED,Malaria cases,Angola,326.53943210000000,224.19224410000000,457.13836780000000
442CEA8MALARIA_EST_INCIDENCE,MALARIA_EST_INCIDENCE,442CEA8,MALARIA_EST_INCIDENCE,2000,YEAR,031,COUNTRY,PUBLISHED,Malaria cases,Azerbaijan,8.11615785600000,8.11615785600000,8.11615785600000
442CEA8MALARIA_EST_INCIDENCE,MALARIA_EST_INCIDENCE,442CEA8,MALARIA_EST_INCIDENCE,2000,YEAR,032,COUNTRY,PUBLISHED,Malaria cases,Argentina,2.36471416500000,2.36471416500000,2.36471416500000
442CEA8MALARIA_EST_INCIDENCE,MALARIA_EST_INCIDENCE,442CEA8,MALARIA_EST_INCIDENCE,2000,YEAR,050,COUNTRY,PUBLISHED,Malaria cases,Bangladesh,6.61674715200000,2.92082710500000,10.53252946000000
442CEA8MALARIA_EST_INCIDENCE,MALARIA_EST_INCIDENCE,442CEA8,MALARIA_EST_INCIDENCE,2000,YEAR,051,COUNTRY,PUBLISHED,Malaria cases,Armenia,0.04511093500000,0.04511093500000,0.04511093500000
442CEA8MALARIA_EST_INCIDENCE,MALARIA_EST_INCIDENCE,442CEA8,MALARIA_EST_INCIDENCE,2000,YEAR,064,COUNTRY,PUBLISHED,Malaria cases,Bhutan,13.43739104000000,13.43739104000000,13.43739104000000
442CEA8MALARIA_EST_INCIDENCE,MALARIA_EST_INCIDENCE,442CEA8,MALARIA_EST_INCIDENCE,2000,YEAR,068,COUNTRY,PUBLISHED,Malaria cases,Bolivia (Plurinational State of),11.69107611000000,8.56026780900000,14.91896002000000
442CEA8MALARIA_EST_INCIDENCE,MALARIA_EST_INCIDENCE,442CEA8,MALARIA_EST_INCIDENCE,2019,YEAR,360,COUNTRY,PUBLISHED,Malaria cases,Indonesia,1.95874055000000,1.79975288700000,2.14090076800000
442CEA8MALARIA_EST_INCIDENCE,MALARIA_EST_INCIDENCE,442CEA8,MALARIA_EST_INCIDENCE,2019,YEAR,364,COUNTRY,PUBLISHED,Malaria cases,Iran (Islamic Republic of),0.00000000000000,0.00000000000000,0.00000000000000
442CEA8MALARIA_EST_INCIDENCE,MALARIA_EST_INCIDENCE,442CEA8,MALARIA_EST_INCIDENCE,2019,YEAR,368,COUNTRY,PUBLISHED,Malaria cases,Iraq,0.00000000000000,0.00000000000000,0.00000000000000
442CEA8MALARIA_EST_INCIDENCE,MALARIA_EST_INCIDENCE,442CEA8,MALARIA_EST_INCIDENCE,2019,YEAR,384,COUNTRY,PUBLISHED,Malaria cases,Côte d'Ivoire,292.76417430000000,211.03938920000000,395.01406180000000
442CEA8MALARIA_EST_INCIDENCE,MALARIA_EST_INCIDENCE,442CEA8,MALARIA_EST_INCIDENCE,2019,YEAR,398,COUNTRY,PUBLISHED,Malaria cases,Kazakhstan,0.00000000000000,0.00000000000000,0.00000000000000
442CEA8MALARIA_EST_INCIDENCE,MALARIA_EST_INCIDENCE,442CEA8,MALARIA_EST_INCIDENCE,2019,YEAR,404,COUNTRY,PUBLISHED,Malaria cases,Kenya,71.67133565000000,52.87011985000000,94.18054056000000
442CEA8MALARIA_EST_INCIDENCE,MALARIA_EST_INCIDENCE,442CEA8,MALARIA_EST_INCIDENCE,2019,YEAR,408,COUNTRY,PUBLISHED,Malaria cases,Democratic People's Republic of Korea,0.18361355600000,0.18361355600000,0.18361355600000
442CEA8MALARIA_EST_INCIDENCE,MALARIA_EST_INCIDENCE,442CEA8,MALARIA_EST_INCIDENCE,2019,YEAR,410,COUNTRY,PUBLISHED,Malaria cases,Republic of Korea,0.13383929200000,0.13383929200000,0.13383929200000
442CEA8MALARIA_EST_INCIDENCE,MALARIA_EST_INCIDENCE,442CEA8,MALARIA_EST_INCIDENCE,2019,YEAR,417,COUNTRY,PUBLISHED,Malaria cases,Kyrgyzstan,0.00000000000000,0.00000000000000,0.00000000000000
442CEA8MALARIA_EST_INCIDENCE,MALARIA_EST_INCIDENCE,442CEA8,MALARIA_EST_INCIDENCE,2019,YEAR,418,COUNTRY,PUBLISHED,Malaria cases,Lao People's Democratic Republic,2.79898948500000,2.02655229600000,3.70129251100000
442CEA8MALARIA_EST_INCIDENCE,MALARIA_EST_INCIDENCE,442CEA8,MALARIA_EST_INCIDENCE,2019,YEAR,430,COUNTRY,PUBLISHED,Malaria cases,Liberia,300.79921170000000,196.37962650000000,437.63523250000000
442CEA8MALARIA_EST_INCIDENCE,MALARIA_EST_INCIDENCE,442CEA8,MALARIA_EST_INCIDENCE,2019,YEAR,450,COUNTRY,PUBLISHED,Malaria cases,Madagascar,71.72675373000000,49.00686772000000,96.31751976000000
442CEA8MALARIA_EST_INCIDENCE,MALARIA_EST_INCIDENCE,442CEA8,MALARIA_EST_INCIDENCE,2019,YEAR,454,COUNTRY,PUBLISHED,Malaria cases,Malawi,280.28800120000000,185.00993940000000,404.47647090000000
442CEA8MALARIA_EST_INCIDENCE,MALARIA_EST_INCIDENCE,442CEA8,MALARIA_EST_INCIDENCE,2019,YEAR,458,COUNTRY,PUBLISHED,Malaria cases,Malaysia,0.00000000000000,0.00000000000000,0.00000000000000
442CEA8MALARIA_EST_INCIDENCE,MALARIA_EST_INCIDENCE,442CEA8,MALARIA_EST_INCIDENCE,2019,YEAR,466,COUNTRY,PUBLISHED,Malaria cases,Mali,325.76058080000000,229.93002120000000,462.41615040000000
442CEA8MALARIA_EST_INCIDENCE,MALARIA_EST_INCIDENCE,442CEA8,MALARIA_EST_INCIDENCE,2019,YEAR,478,COUNTRY,PUBLISHED,Malaria cases,Mauritania,60.21141041000000,21.31401605000000,122.09879760000000
442CEA8MALARIA_EST_INCIDENCE,MALARIA_EST_INCIDENCE,442CEA8,MALARIA_EST_INCIDENCE,2019,YEAR,484,COUNTRY,PUBLISHED,Malaria cases,Mexico,0.23216780600000,0.23216780600000,0.23216780600000
442CEA8MALARIA_EST_INCIDENCE,MALARIA_EST_INCIDENCE,442CEA8,MALARIA_EST_INCIDENCE,2019,YEAR,504,COUNTRY,PUBLISHED,Malaria cases,Morocco,0.00000000000000,0.00000000000000,0.00000000000000
442CEA8MALARIA_EST_INCIDENCE,MALARIA_EST_INCIDENCE,442CEA8,MALARIA_EST_INCIDENCE,2019,YEAR,508,COUNTRY,PUBLISHED,Malaria cases,Mozambique,323.96777180000000,255.76179600000000,404.11983030000000
442CEA8MALARIA_EST_INCIDENCE,MALARIA_EST_INCIDENCE,442CEA8,MALARIA_EST_INCIDENCE,2019,YEAR,512,COUNTRY,PUBLISHED,Malaria cases,Oman,0.00000000000000,0.00000000000000,0.00000000000000
442CEA8MALARIA_EST_INCIDENCE,MALARIA_EST_INCIDENCE,442CEA8,MALARIA_EST_INCIDENCE,2019,YEAR,516,COUNTRY,PUBLISHED,Malaria cases,Namibia,2.71172100400000,1.92409795500000,3.84110170500000
442CEA8MALARIA_EST_INCIDENCE,MALARIA_EST_INCIDENCE,442CEA8,MALARIA_EST_INCIDENCE,2019,YEAR,524,COUNTRY,PUBLISHED,Malaria cases,Nepal,0.02132853800000,0.01793536100000,0.02496408400000
442CEA8MALARIA_EST_INCIDENCE,MALARIA_EST_INCIDENCE,442CEA8,MALARIA_EST_INCIDENCE,2019,YEAR,548,COUNTRY,PUBLISHED,Malaria cases,Vanuatu,4.32215463900000,2.88714450100000,6.40103567300000
442CEA8MALARIA_EST_INCIDENCE,MALARIA_EST_INCIDENCE,442CEA8,MALARIA_EST_INCIDENCE,2019,YEAR,558,COUNTRY,PUBLISHED,Malaria cases,Nicaragua,2.92991924800000,2.43917486200000,3.45413941100000
442CEA8MALARIA_EST_INCIDENCE,MALARIA_EST_INCIDENCE,442CEA8,MALARIA_EST_INCIDENCE,2019,YEAR,562,COUNTRY,PUBLISHED,Malaria cases,Niger,332.56021490000000,206.15582710000000,512.43449310000000
442CEA8MALARIA_EST_INCIDENCE,MALARIA_EST_INCIDENCE,442CEA8,MALARIA_EST_INCIDENCE,2019,YEAR,566,COUNTRY,PUBLISHED,Malaria cases,Nigeria,292.99995320000000,226.46166040000000,376.22314710000000
442CEA8MALARIA_EST_INCIDENCE,MALARIA_EST_INCIDENCE,442CEA8,MALARIA_EST_INCIDENCE,2019,YEAR,586,COUNTRY,PUBLISHED,Malaria cases,Pakistan,2.82268603200000,2.23572158800000,3.76203493400000
442CEA8MALARIA_EST_INCIDENCE,MALARIA_EST_INCIDENCE,442CEA8,MALARIA_EST_INCIDENCE,2019,YEAR,591,COUNTRY,PUBLISHED,Malaria cases,Panama,0.65204005700000,0.62736827100000,0.69503945500000
442CEA8MALARIA_EST_INCIDENCE,MALARIA_EST_INCIDENCE,442CEA8,MALARIA_EST_INCIDENCE,2019,YEAR,598,COUNTRY,PUBLISHED,Malaria cases,Papua New Guinea,140.09507740000000,95.10034853000000,190.93198470000000
442CEA8MALARIA_EST_INCIDENCE,MALARIA_EST_INCIDENCE,442CEA8,MALARIA_EST_INCIDENCE,2019,YEAR,600,COUNTRY,PUBLISHED,Malaria cases,Paraguay,0.00000000000000,0.00000000000000,0.00000000000000
442CEA8MALARIA_EST_INCIDENCE,MALARIA_EST_INCIDENCE,442CEA8,MALARIA_EST_INCIDENCE,2019,YEAR,604,COUNTRY,PUBLISHED,Malaria cases,Peru,3.58805497600000,2.60762478000000,5.02214120800000
442CEA8MALARIA_EST_INCIDENCE,MALARIA_EST_INCIDENCE,442CEA8,MALARIA_EST_INCIDENCE,2019,YEAR,608,COUNTRY,PUBLISHED,Malaria cases,Philippines,0.21048204300000,0.14885586800000,0.28162236100000
442CEA8MALARIA_EST_INCIDENCE,MALARIA_EST_INCIDENCE,442CEA8,MALARIA_EST_INCIDENCE,2019,YEAR,624,COUNTRY,PUBLISHED,Malaria cases,Guinea-Bissau,87.10491865000000,30.84605041000000,199.00402550000000
442CEA8MALARIA_EST_INCIDENCE,MALARIA_EST_INCIDENCE,442CEA8,MALARIA_EST_INCIDENCE,2019,YEAR,626,COUNTRY,PUBLISHED,Malaria cases,Timor-Leste,0.00000000000000,0.00000000000000,0.00000000000000
442CEA8MALARIA_EST_INCIDENCE,MALARIA_EST_INCIDENCE,442CEA8,MALARIA_EST_INCIDENCE,2019,YEAR,646,COUNTRY,PUBLISHED,Malaria cases,Rwanda,385.34590710000000,299.54467730000000,475.05579750000000
442CEA8MALARIA_EST_INCIDENCE,MALARIA_EST_INCIDENCE,442CEA8,MALARIA_EST_INCIDENCE,2019,YEAR,678,COUNTRY,PUBLISHED,Malaria cases,Sao Tome and Principe,11.46715903000000,11.46715903000000,11.46715903000000
442CEA8MALARIA_EST_INCIDENCE,MALARIA_EST_INCIDENCE,442CEA8,MALARIA_EST_INCIDENCE,2019,YEAR,682,COUNTRY,PUBLISHED,Malaria cases,Saudi Arabia,0.01162914200000,0.01162914200000,0.01162914200000
442CEA8MALARIA_EST_INCIDENCE,MALARIA_EST_INCIDENCE,442CEA8,MALARIA_EST_INCIDENCE,2019,YEAR,686,COUNTRY,PUBLISHED,Malaria cases,Senegal,41.10709029000000,27.80536425000000,55.55419273000000
442CEA8MALARIA_EST_INCIDENCE,MALARIA_EST_INCIDENCE,442CEA8,MALARIA_EST_INCIDENCE,2019,YEAR,694,COUNTRY,PUBLISHED,Malaria cases,Sierra Leone,321.88100060000000,194.91570480000000,504.29357390000000
442CEA8MALARIA_EST_INCIDENCE,MALARIA_EST_INCIDENCE,442CEA8,MALARIA_EST_INCIDENCE,2019,YEAR,704,COUNTRY,PUBLISHED,Malaria cases,Viet Nam,0.05384271400000,0.04961181700000,0.06029378700000
442CEA8MALARIA_EST_INCIDENCE,MALARIA_EST_INCIDENCE,442CEA8,MALARIA_EST_INCIDENCE,2019,YEAR,706,COUNTRY,PUBLISHED,Malaria cases,Somalia,56.64840888000000,37.89156315000000,81.20975018000000
442CEA8MALARIA_EST_INCIDENCE,MALARIA_EST_INCIDENCE,442CEA8,MALARIA_EST_INCIDENCE,2019,YEAR,710,COUNTRY,PUBLISHED,Malaria cases,South Africa,0.80905714400000,0.80905714400000,0.80905714400000
442CEA8MALARIA_EST_INCIDENCE,MALARIA_EST_INCIDENCE,442CEA8,MALARIA_EST_INCIDENCE,2019,YEAR,716,COUNTRY,PUBLISHED,Malaria cases,Zimbabwe,65.09225256000000,39.08498957000000,93.49224667000000
442CEA8MALARIA_EST_INCIDENCE,MALARIA_EST_INCIDENCE,442CEA8,MALARIA_EST_INCIDENCE,2019,YEAR,728,COUNTRY,PUBLISHED,Malaria cases,South Sudan,285.93286020000000,189.32083860000000,416.62725130000000
442CEA8MALARIA_EST_INCIDENCE,MALARIA_EST_INCIDENCE,442CEA8,MALARIA_EST_INCIDENCE,2019,YEAR,729,COUNTRY,PUBLISHED,Malaria cases,Sudan,63.16463832000000,37.62118460000000,102.09492040000000
442CEA8MALARIA_EST_INCIDENCE,MALARIA_EST_INCIDENCE,442CEA8,MALARIA_EST_INCIDENCE,2019,YEAR,740,COUNTRY,PUBLISHED,Malaria cases,Suriname,1.16238781300000,1.16238781300000,1.16238781300000
442CEA8MALARIA_EST_INCIDENCE,MALARIA_EST_INCIDENCE,442CEA8,MALARIA_EST_INCIDENCE,2019,YEAR,748,COUNTRY,PUBLISHED,Malaria cases,Eswatini,0.76279497800000,0.76279497800000,0.76279497800000
442CEA8MALARIA_EST_INCIDENCE,MALARIA_EST_INCIDENCE,442CEA8,MALARIA_EST_INCIDENCE,2019,YEAR,760,COUNTRY,PUBLISHED,Malaria cases,Syrian Arab Republic,0.00000000000000,0.00000000000000,0.00000000000000
442CEA8MALARIA_EST_INCIDENCE,MALARIA_EST_INCIDENCE,442CEA8,MALARIA_EST_INCIDENCE,2019,YEAR,762,COUNTRY,PUBLISHED,Malaria cases,Tajikistan,0.00000000000000,0.00000000000000,0.00000000000000
442CEA8MALARIA_EST_INCIDENCE,MALARIA_EST_INCIDENCE,442CEA8,MALARIA_EST_INCIDENCE,2023,YEAR,716,COUNTRY,PUBLISHED,Malaria cases,Zimbabwe,49.39604595000000,29.50589926000000,70.61433082000000
442CEA8MALARIA_EST_INCIDENCE,MALARIA_EST_INCIDENCE,442CEA8,MALARIA_EST_INCIDENCE,2023,YEAR,728,COUNTRY,PUBLISHED,Malaria cases,South Sudan,264.93372070000000,167.23791280000000,395.12799770000000
442CEA8MALARIA_EST_INCIDENCE,MALARIA_EST_INCIDENCE,442CEA8,MALARIA_EST_INCIDENCE,2023,YEAR,729,COUNTRY,PUBLISHED,Malaria cases,Sudan,97.57329677000000,57.39505681000000,156.00967040000000
442CEA8MALARIA_EST_INCIDENCE,MALARIA_EST_INCIDENCE,442CEA8,MALARIA_EST_INCIDENCE,2023,YEAR,740,COUNTRY,PUBLISHED,Malaria cases,Suriname,0.00000000000000,0.00000000000000,0.00000000000000
442CEA8MALARIA_EST_INCIDENCE,MALARIA_EST_INCIDENCE,442CEA8,MALARIA_EST_INCIDENCE,2023,YEAR,748,COUNTRY,PUBLISHED,Malaria cases,Eswatini,1.73274008000000,1.73274008000000,1.73274008000000
442CEA8MALARIA_EST_INCIDENCE,MALARIA_EST_INCIDENCE,442CEA8,MALARIA_EST_INCIDENCE,2023,YEAR,760,COUNTRY,PUBLISHED,Malaria cases,Syrian Arab Republic,0.00000000000000,0.00000000000000,0.00000000000000
442CEA8MALARIA_EST_INCIDENCE,MALARIA_EST_INCIDENCE,442CEA8,MALARIA_EST_INCIDENCE,2023,YEAR,762,COUNTRY,PUBLISHED,Malaria cases,Tajikistan,0.00000000000000,0.00000000000000,0.00000000000000
442CEA8MALARIA_EST_INCIDENCE,MALARIA_EST_INCIDENCE,442CEA8,MALARIA_EST_INCIDENCE,2023,YEAR,764,COUNTRY,PUBLISHED,Malaria cases,Thailand,0.67388129000000,0.67388129000000,0.67388129000000
442CEA8MALARIA_EST_INCIDENCE,MALARIA_EST_INCIDENCE,442CEA8,MALARIA_EST_INCIDENCE,2023,YEAR,768,COUNTRY,PUBLISHED,Malaria cases,Togo,264.79715860000000,192.52703600000000,353.85380760000000
442CEA8MALARIA_EST_INCIDENCE,MALARIA_EST_INCIDENCE,442CEA8,MALARIA_EST_INCIDENCE,2023,YEAR,784,COUNTRY,PUBLISHED,Malaria cases,United Arab Emirates,0.00000000000000,0.00000000000000,0.00000000000000
442CEA8MALARIA_EST_INCIDENCE,MALARIA_EST_INCIDENCE,442CEA8,MALARIA_EST_INCIDENCE,2023,YEAR,800,COUNTRY,PUBLISHED,Malaria cases,Uganda,267.57434210000000,155.91231550000000,426.10677170000000
442CEA8MALARIA_EST_INCIDENCE,MALARIA_EST_INCIDENCE,442CEA8,MALARIA_EST_INCIDENCE,2023,YEAR,818,COUNTRY,PUBLISHED,Malaria cases,Egypt,0.00000000000000,0.00000000000000,0.00000000000000
442CEA8MALARIA_EST_INCIDENCE,MALARIA_EST_INCIDENCE,442CEA8,MALARIA_EST_INCIDENCE,2023,YEAR,834,COUNTRY,PUBLISHED,Malaria cases,United Republic of Tanzania,138.45075730000000,100.92526400000000,186.27667590000000
442CEA8MALARIA_EST_INCIDENCE,MALARIA_EST_INCIDENCE,442CEA8,MALARIA_EST_INCIDENCE,2023,YEAR,854,COUNTRY,PUBLISHED,Malaria cases,Burkina Faso,353.48886650000000,233.72755500000000,508.22868300000000
442CEA8MALARIA_EST_INCIDENCE,MALARIA_EST_INCIDENCE,442CEA8,MALARIA_EST_INCIDENCE,2023,YEAR,860,COUNTRY,PUBLISHED,Malaria cases,Uzbekistan,0.00000000000000,0.00000000000000,0.00000000000000
442CEA8MALARIA_EST_INCIDENCE,MALARIA_EST_INCIDENCE,442CEA8,MALARIA_EST_INCIDENCE,2023,YEAR,862,COUNTRY,PUBLISHED,Malaria cases,Venezuela (Bolivarian Republic of),9.52699165900000,8.47428844400000,10.98661899000000
442CEA8MALARIA_EST_INCIDENCE,MALARIA_EST_INCIDENCE,442CEA8,MALARIA_EST_INCIDENCE,2023,YEAR,887,COUNTRY,PUBLISHED,Malaria cases,Yemen,38.85602932000000,24.10462422000000,59.95549750000000
442CEA8MALARIA_EST_INCIDENCE,MALARIA_EST_INCIDENCE,442CEA8,MALARIA_EST_INCIDENCE,2023,YEAR,894,COUNTRY,PUBLISHED,Malaria cases,Zambia,252.07883720000000,203.34127780000000,308.70819240000000
442CEA8MALARIA_EST_INCIDENCE,MALARIA_EST_INCIDENCE,442CEA8,MALARIA_EST_INCIDENCE,2023,YEAR,953,WHOREGION,PUBLISHED,Malaria cases,Africa,235.47069030000000,212.33145440000000,263.41285910000000
442CEA8MALARIA_EST_INCIDENCE,MALARIA_EST_INCIDENCE,442CEA8,MALARIA_EST_INCIDENCE,2023,YEAR,954,WHOREGION,PUBLISHED,Malaria cases,Americas,3.71019553300000,3.40547730600000,4.03418019300000
442CEA8MALARIA_EST_INCIDENCE,MALARIA_EST_INCIDENCE,442CEA8,MALARIA_EST_INCIDENCE,2023,YEAR,955,WHOREGION,PUBLISHED,Malaria cases,South-East Asia,1.85416417900000,1.44600898000000,3.74955381500000
442CEA8MALARIA_EST_INCIDENCE,MALARIA_EST_INCIDENCE,442CEA8,MALARIA_EST_INCIDENCE,2023,YEAR,956,WHOREGION,PUBLISHED,Malaria cases,Europe,0.00000000000000,0.00000000000000,0.00000000000000
442CEA8MALARIA_EST_INCIDENCE,MALARIA_EST_INCIDENCE,442CEA8,MALARIA_EST_INCIDENCE,2023,YEAR,957,WHOREGION,PUBLISHED,Malaria cases,Eastern Mediterranean,20.31461168000000,16.10544719000000,26.12041077000000
442CEA8MALARIA_EST_INCIDENCE,MALARIA_EST_INCIDENCE,442CEA8,MALARIA_EST_INCIDENCE,2023,YEAR,958,WHOREGION,PUBLISHED,Malaria cases,Western Pacific,2.14835100100000,1.69468576400000,2.63542866500000
442CEA8MALARIA_EST_INCIDENCE,MALARIA_EST_INCIDENCE,442CEA8,MALARIA_EST_INCIDENCE,2024,YEAR,001,GLOBAL,PUBLISHED,Malaria cases,World,63.95164214000000,58.11939300000000,71.06390490000000
442CEA8MALARIA_EST_INCIDENCE,MALARIA_EST_INCIDENCE,442CEA8,MALARIA_EST_INCIDENCE,2024,YEAR,004,COUNTRY,PUBLISHED,Malaria cases,Afghanistan,17.76269535000000,13.67089787000000,22.63151281000000
442CEA8MALARIA_EST_INCIDENCE,MALARIA_EST_INCIDENCE,442CEA8,MALARIA_EST_INCIDENCE,2024,YEAR,012,COUNTRY,PUBLISHED,Malaria cases,Algeria,0.00000000000000,0.00000000000000,0.00000000000000
442CEA8MALARIA_EST_INCIDENCE,MALARIA_EST_INCIDENCE,442CEA8,MALARIA_EST_INCIDENCE,2024,YEAR,024,COUNTRY,PUBLISHED,Malaria cases,Angola,258.89991270000000,160.26735010000000,392.13487070000000
442CEA8MALARIA_EST_INCIDENCE,MALARIA_EST_INCIDENCE,442CEA8,MALARIA_EST_INCIDENCE,2024,YEAR,032,COUNTRY,PUBLISHED,Malaria cases,Argentina,0.00000000000000,0.00000000000000,0.00000000000000
442CEA8MALARIA_EST_INCIDENCE,MALARIA_EST_INCIDENCE,442CEA8,MALARIA_EST_INCIDENCE,2024,YEAR,050,COUNTRY,PUBLISHED,Malaria cases,Bangladesh,0.86052497300000,0.73494130800000,0.99824719400000
442CEA8MALARIA_EST_INCIDENCE,MALARIA_EST_INCIDENCE,442CEA8,MALARIA_EST_INCIDENCE,2024,YEAR,051,COUNTRY,PUBLISHED,Malaria cases,Armenia,0.00000000000000,0.00000000000000,0.00000000000000
442CEA8MALARIA_EST_INCIDENCE,MALARIA_EST_INCIDENCE,442CEA8,MALARIA_EST_INCIDENCE,2024,YEAR,064,COUNTRY,PUBLISHED,Malaria cases,Bhutan,0.00000000000000,0.00000000000000,0.00000000000000
442CEA8MALARIA_EST_INCIDENCE,MALARIA_EST_INCIDENCE,442CEA8,MALARIA_EST_INCIDENCE,2024,YEAR,068,COUNTRY,PUBLISHED,Malaria cases,Bolivia (Plurinational State of),3.82843225300000,2.99242765900000,4.69072180500000
442CEA8MALARIA_EST_INCIDENCE,MALARIA_EST_INCIDENCE,442CEA8,MALARIA_EST_INCIDENCE,2024,YEAR,072,COUNTRY,PUBLISHED,Malaria cases,Botswana,0.20042310200000,0.15315914700000,0.27879750900000
442CEA8MALARIA_EST_INCIDENCE,MALARIA_EST_INCIDENCE,442CEA8,MALARIA_EST_INCIDENCE,2024,YEAR,076,COUNTRY,PUBLISHED,Malaria cases,Brazil,3.75381282200000,3.35969767900000,4.06100480300000
442CEA8MALARIA_EST_INCIDENCE,MALARIA_EST_INCIDENCE,442CEA8,MALARIA_EST_INCIDENCE,2024,YEAR,084,COUNTRY,PUBLISHED,Malaria cases,Belize,0.00000000000000,0.00000000000000,0.00000000000000
442CEA8MALARIA_EST_INCIDENCE,MALARIA_EST_INCIDENCE,442CEA8,MALARIA_EST_INCIDENCE,2024,YEAR,090,COUNTRY,PUBLISHED,Malaria cases,Solomon Islands,224.27947510000000,189.90214010000000,269.24236690000000
442CEA8MALARIA_EST_INCIDENCE,MALARIA_EST_INCIDENCE,442CEA8,MALARIA_EST_INCIDENCE,2024,YEAR,104,COUNTRY,PUBLISHED,Malaria cases,Myanmar,14.77952057000000,8.87754214700000,61.96961092000000
442CEA8MALARIA_EST_INCIDENCE,MALARIA_EST_INCIDENCE,442CEA8,MALARIA_EST_INCIDENCE,2024,YEAR,108,COUNTRY,PUBLISHED,Malaria cases,Burundi,314.89944390000000,188.02555260000000,497.35260060000000
442CEA8MALARIA_EST_INCIDENCE,MALARIA_EST_INCIDENCE,442CEA8,MALARIA_EST_INCIDENCE,2024,YEAR,116,COUNTRY,PUBLISHED,Malaria cases,Cambodia,0.02566148900000,0.02566148900000,0.02566148900000
442CEA8MALARIA_EST_INCIDENCE,MALARIA_EST_INCIDENCE,442CEA8,MALARIA_EST_INCIDENCE,2024,YEAR,120,COUNTRY,PUBLISHED,Malaria cases,Cameroon,260.45948150000000,190.28627600000000,349.39592590000000
442CEA8MALARIA_EST_INCIDENCE,MALARIA_EST_INCIDENCE,442CEA8,MALARIA_EST_INCIDENCE,2024,YEAR,132,COUNTRY,PUBLISHED,Malaria cases,Cabo Verde,0.13922677800000,0.13922677800000,0.13922677800000
442CEA8MALARIA_EST_INCIDENCE,MALARIA_EST_INCIDENCE,442CEA8,MALARIA_EST_INCIDENCE,2024,YEAR,140,COUNTRY,PUBLISHED,Malaria cases,Central African Republic,343.84373200000000,168.82377210000000,638.28113030000000
442CEA8MALARIA_EST_INCIDENCE,MALARIA_EST_INCIDENCE,442CEA8,MALARIA_EST_INCIDENCE,2024,YEAR,144,COUNTRY,PUBLISHED,Malaria cases,Sri Lanka,0.00000000000000,0.00000000000000,0.00000000000000
442CEA8MALARIA_EST_INCIDENCE,MALARIA_EST_INCIDENCE,442CEA8,MALARIA_EST_INCIDENCE,2024,YEAR,148,COUNTRY,PUBLISHED,Malaria cases,Chad,206.13809530000000,121.64016960000000,330.07902590000000
442CEA8MALARIA_EST_INCIDENCE,MALARIA_EST_INCIDENCE,442CEA8,MALARIA_EST_INCIDENCE,2024,YEAR,156,COUNTRY,PUBLISHED,Malaria cases,China,0.00000000000000,0.00000000000000,0.00000000000000
442CEA8MALARIA_EST_INCIDENCE,MALARIA_EST_INCIDENCE,442CEA8,MALARIA_EST_INCIDENCE,2024,YEAR,170,COUNTRY,PUBLISHED,Malaria cases,Colombia,15.19151195000000,11.57980194000000,19.03472875000000
442CEA8MALARIA_EST_INCIDENCE,MALARIA_EST_INCIDENCE,442CEA8,MALARIA_EST_INCIDENCE,2024,YEAR,174,COUNTRY,PUBLISHED,Malaria cases,Comoros,62.78703204000000,62.78703204000000,62.78703204000000
442CEA8MALARIA_EST_INCIDENCE,MALARIA_EST_INCIDENCE,442CEA8,MALARIA_EST_INCIDENCE,2011,YEAR,728,COUNTRY,PUBLISHED,Malaria cases,South Sudan,281.32759870000000,213.68624200000000,363.02659460000000
442CEA8MALARIA_EST_INCIDENCE,MALARIA_EST_INCIDENCE,442CEA8,MALARIA_EST_INCIDENCE,2011,YEAR,729,COUNTRY,PUBLISHED,Malaria cases,Sudan,32.03359659000000,24.41749639000000,41.19503588000000
442CEA8MALARIA_EST_INCIDENCE,MALARIA_EST_INCIDENCE,442CEA8,MALARIA_EST_INCIDENCE,2011,YEAR,740,COUNTRY,PUBLISHED,Malaria cases,Suriname,9.67624148000000,9.67624148000000,9.67624148000000
442CEA8MALARIA_EST_INCIDENCE,MALARIA_EST_INCIDENCE,442CEA8,MALARIA_EST_INCIDENCE,2011,YEAR,748,COUNTRY,PUBLISHED,Malaria cases,Eswatini,1.21088970000000,1.21088970000000,1.21088970000000
442CEA8MALARIA_EST_INCIDENCE,MALARIA_EST_INCIDENCE,442CEA8,MALARIA_EST_INCIDENCE,2011,YEAR,760,COUNTRY,PUBLISHED,Malaria cases,Syrian Arab Republic,0.00000000000000,0.00000000000000,0.00000000000000
442CEA8MALARIA_EST_INCIDENCE,MALARIA_EST_INCIDENCE,442CEA8,MALARIA_EST_INCIDENCE,2011,YEAR,762,COUNTRY,PUBLISHED,Malaria cases,Tajikistan,0.02487107200000,0.02487107200000,0.02487107200000
442CEA8MALARIA_EST_INCIDENCE,MALARIA_EST_INCIDENCE,442CEA8,MALARIA_EST_INCIDENCE,2011,YEAR,764,COUNTRY,PUBLISHED,Malaria cases,Thailand,1.90128804500000,1.90128804500000,1.90128804500000
442CEA8MALARIA_EST_INCIDENCE,MALARIA_EST_INCIDENCE,442CEA8,MALARIA_EST_INCIDENCE,2011,YEAR,768,COUNTRY,PUBLISHED,Malaria cases,Togo,310.56937390000000,238.01536380000000,398.62881720000000
442CEA8MALARIA_EST_INCIDENCE,MALARIA_EST_INCIDENCE,442CEA8,MALARIA_EST_INCIDENCE,2011,YEAR,792,COUNTRY,PUBLISHED,Malaria cases,Türkiye,0.00000000000000,0.00000000000000,0.00000000000000
442CEA8MALARIA_EST_INCIDENCE,MALARIA_EST_INCIDENCE,442CEA8,MALARIA_EST_INCIDENCE,2011,YEAR,795,COUNTRY,PUBLISHED,Malaria cases,Turkmenistan,0.00000000000000,0.00000000000000,0.00000000000000
442CEA8MALARIA_EST_INCIDENCE,MALARIA_EST_INCIDENCE,442CEA8,MALARIA_EST_INCIDENCE,2011,YEAR,800,COUNTRY,PUBLISHED,Malaria cases,Uganda,382.89503770000000,302.76928320000000,478.15186520000000
442CEA8MALARIA_EST_INCIDENCE,MALARIA_EST_INCIDENCE,442CEA8,MALARIA_EST_INCIDENCE,2011,YEAR,818,COUNTRY,PUBLISHED,Malaria cases,Egypt,0.00000000000000,0.00000000000000,0.00000000000000
442CEA8MALARIA_EST_INCIDENCE,MALARIA_EST_INCIDENCE,442CEA8,MALARIA_EST_INCIDENCE,2011,YEAR,834,COUNTRY,PUBLISHED,Malaria cases,United Republic of Tanzania,132.97167440000000,98.86822146000000,175.57947790000000
442CEA8MALARIA_EST_INCIDENCE,MALARIA_EST_INCIDENCE,442CEA8,MALARIA_EST_INCIDENCE,2011,YEAR,854,COUNTRY,PUBLISHED,Malaria cases,Burkina Faso,554.68179270000000,447.45404610000000,677.81936500000000
442CEA8MALARIA_EST_INCIDENCE,MALARIA_EST_INCIDENCE,442CEA8,MALARIA_EST_INCIDENCE,2011,YEAR,860,COUNTRY,PUBLISHED,Malaria cases,Uzbekistan,0.00000000000000,0.00000000000000,0.00000000000000
442CEA8MALARIA_EST_INCIDENCE,MALARIA_EST_INCIDENCE,442CEA8,MALARIA_EST_INCIDENCE,2011,YEAR,862,COUNTRY,PUBLISHED,Malaria cases,Venezuela (Bolivarian Republic of),3.67069484900000,3.27638553900000,4.25469098900000
442CEA8MALARIA_EST_INCIDENCE,MALARIA_EST_INCIDENCE,442CEA8,MALARIA_EST_INCIDENCE,2011,YEAR,887,COUNTRY,PUBLISHED,Malaria cases,Yemen,44.65442027000000,27.74800473000000,73.00256817000000
442CEA8MALARIA_EST_INCIDENCE,MALARIA_EST_INCIDENCE,442CEA8,MALARIA_EST_INCIDENCE,2011,YEAR,894,COUNTRY,PUBLISHED,Malaria cases,Zambia,181.12156320000000,141.58649750000000,227.55880140000000
442CEA8MALARIA_EST_INCIDENCE,MALARIA_EST_INCIDENCE,442CEA8,MALARIA_EST_INCIDENCE,2014,YEAR,268,COUNTRY,PUBLISHED,Malaria cases,Georgia,0.00000000000000,0.00000000000000,0.00000000000000
442CEA8MALARIA_EST_INCIDENCE,MALARIA_EST_INCIDENCE,442CEA8,MALARIA_EST_INCIDENCE,2014,YEAR,270,COUNTRY,PUBLISHED,Malaria cases,Gambia,140.31742720000000,109.55572070000000,174.67533340000000
442CEA8MALARIA_EST_INCIDENCE,MALARIA_EST_INCIDENCE,442CEA8,MALARIA_EST_INCIDENCE,2014,YEAR,288,COUNTRY,PUBLISHED,Malaria cases,Ghana,313.80679100000000,250.84923320000000,387.79600940000000
442CEA8MALARIA_EST_INCIDENCE,MALARIA_EST_INCIDENCE,442CEA8,MALARIA_EST_INCIDENCE,2014,YEAR,320,COUNTRY,PUBLISHED,Malaria cases,Guatemala,0.48705712800000,0.43417857100000,0.56054649700000
442CEA8MALARIA_EST_INCIDENCE,MALARIA_EST_INCIDENCE,442CEA8,MALARIA_EST_INCIDENCE,2014,YEAR,324,COUNTRY,PUBLISHED,Malaria cases,Guinea,396.68605840000000,302.59525170000000,507.22253980000000
442CEA8MALARIA_EST_INCIDENCE,MALARIA_EST_INCIDENCE,442CEA8,MALARIA_EST_INCIDENCE,2014,YEAR,328,COUNTRY,PUBLISHED,Malaria cases,Guyana,29.57987561000000,22.21858348000000,40.59794837000000
442CEA8MALARIA_EST_INCIDENCE,MALARIA_EST_INCIDENCE,442CEA8,MALARIA_EST_INCIDENCE,2014,YEAR,332,COUNTRY,PUBLISHED,Malaria cases,Haiti,3.57361166300000,2.38949065300000,4.83014311600000
442CEA8MALARIA_EST_INCIDENCE,MALARIA_EST_INCIDENCE,442CEA8,MALARIA_EST_INCIDENCE,2014,YEAR,340,COUNTRY,PUBLISHED,Malaria cases,Honduras,0.55960404300000,0.43571825700000,0.68969919300000
442CEA8MALARIA_EST_INCIDENCE,MALARIA_EST_INCIDENCE,442CEA8,MALARIA_EST_INCIDENCE,2014,YEAR,356,COUNTRY,PUBLISHED,Malaria cases,India,6.33219367100000,5.09436626400000,7.71176442100000
442CEA8MALARIA_EST_INCIDENCE,MALARIA_EST_INCIDENCE,442CEA8,MALARIA_EST_INCIDENCE,2014,YEAR,360,COUNTRY,PUBLISHED,Malaria cases,Indonesia,4.49277149900000,4.05368904000000,5.00723510400000
442CEA8MALARIA_EST_INCIDENCE,MALARIA_EST_INCIDENCE,442CEA8,MALARIA_EST_INCIDENCE,2014,YEAR,364,COUNTRY,PUBLISHED,Malaria cases,Iran (Islamic Republic of),0.43021865400000,0.43021865400000,0.43021865400000
442CEA8MALARIA_EST_INCIDENCE,MALARIA_EST_INCIDENCE,442CEA8,MALARIA_EST_INCIDENCE,2014,YEAR,368,COUNTRY,PUBLISHED,Malaria cases,Iraq,0.00000000000000,0.00000000000000,0.00000000000000
442CEA8MALARIA_EST_INCIDENCE,MALARIA_EST_INCIDENCE,442CEA8,MALARIA_EST_INCIDENCE,2014,YEAR,384,COUNTRY,PUBLISHED,Malaria cases,Côte d'Ivoire,243.24548120000000,174.19129810000000,332.72897410000000
442CEA8MALARIA_EST_INCIDENCE,MALARIA_EST_INCIDENCE,442CEA8,MALARIA_EST_INCIDENCE,2014,YEAR,398,COUNTRY,PUBLISHED,Malaria cases,Kazakhstan,0.00000000000000,0.00000000000000,0.00000000000000
442CEA8MALARIA_EST_INCIDENCE,MALARIA_EST_INCIDENCE,442CEA8,MALARIA_EST_INCIDENCE,2014,YEAR,404,COUNTRY,PUBLISHED,Malaria cases,Kenya,84.43082344000000,62.96974373000000,111.08585530000000
442CEA8MALARIA_EST_INCIDENCE,MALARIA_EST_INCIDENCE,442CEA8,MALARIA_EST_INCIDENCE,2014,YEAR,408,COUNTRY,PUBLISHED,Malaria cases,Democratic People's Republic of Korea,1.05882004100000,1.05882004100000,1.05882004100000
442CEA8MALARIA_EST_INCIDENCE,MALARIA_EST_INCIDENCE,442CEA8,MALARIA_EST_INCIDENCE,2014,YEAR,410,COUNTRY,PUBLISHED,Malaria cases,Republic of Korea,0.15744546000000,0.15744546000000,0.15744546000000
442CEA8MALARIA_EST_INCIDENCE,MALARIA_EST_INCIDENCE,442CEA8,MALARIA_EST_INCIDENCE,2014,YEAR,417,COUNTRY,PUBLISHED,Malaria cases,Kyrgyzstan,0.00000000000000,0.00000000000000,0.00000000000000
442CEA8MALARIA_EST_INCIDENCE,MALARIA_EST_INCIDENCE,442CEA8,MALARIA_EST_INCIDENCE,2014,YEAR,418,COUNTRY,PUBLISHED,Malaria cases,Lao People's Democratic Republic,25.16413167000000,18.15121759000000,33.03673900000000
442CEA8MALARIA_EST_INCIDENCE,MALARIA_EST_INCIDENCE,442CEA8,MALARIA_EST_INCIDENCE,2014,YEAR,430,COUNTRY,PUBLISHED,Malaria cases,Liberia,287.69559710000000,194.23375650000000,413.24951640000000
442CEA8MALARIA_EST_INCIDENCE,MALARIA_EST_INCIDENCE,442CEA8,MALARIA_EST_INCIDENCE,2014,YEAR,450,COUNTRY,PUBLISHED,Malaria cases,Madagascar,49.79904983000000,34.92558334000000,68.19904768000000
442CEA8MALARIA_EST_INCIDENCE,MALARIA_EST_INCIDENCE,442CEA8,MALARIA_EST_INCIDENCE,2014,YEAR,454,COUNTRY,PUBLISHED,Malaria cases,Malawi,275.04927640000000,205.06618430000000,359.29037520000000
442CEA8MALARIA_EST_INCIDENCE,MALARIA_EST_INCIDENCE,442CEA8,MALARIA_EST_INCIDENCE,2014,YEAR,458,COUNTRY,PUBLISHED,Malaria cases,Malaysia,0.48540328800000,0.48540328800000,0.48540328800000
442CEA8MALARIA_EST_INCIDENCE,MALARIA_EST_INCIDENCE,442CEA8,MALARIA_EST_INCIDENCE,2014,YEAR,466,COUNTRY,PUBLISHED,Malaria cases,Mali,429.54302680000000,308.63511170000000,595.35286330000000
442CEA8MALARIA_EST_INCIDENCE,MALARIA_EST_INCIDENCE,442CEA8,MALARIA_EST_INCIDENCE,2014,YEAR,478,COUNTRY,PUBLISHED,Malaria cases,Mauritania,56.30408420000000,20.04370909000000,112.13718780000000
442CEA8MALARIA_EST_INCIDENCE,MALARIA_EST_INCIDENCE,442CEA8,MALARIA_EST_INCIDENCE,2014,YEAR,484,COUNTRY,PUBLISHED,Malaria cases,Mexico,0.25832609400000,0.25832609400000,0.25832609400000
442CEA8MALARIA_EST_INCIDENCE,MALARIA_EST_INCIDENCE,442CEA8,MALARIA_EST_INCIDENCE,2014,YEAR,504,COUNTRY,PUBLISHED,Malaria cases,Morocco,0.00000000000000,0.00000000000000,0.00000000000000
442CEA8MALARIA_EST_INCIDENCE,MALARIA_EST_INCIDENCE,442CEA8,MALARIA_EST_INCIDENCE,2014,YEAR,508,COUNTRY,PUBLISHED,Malaria cases,Mozambique,361.47430200000000,295.99058490000000,439.56306840000000
442CEA8MALARIA_EST_INCIDENCE,MALARIA_EST_INCIDENCE,442CEA8,MALARIA_EST_INCIDENCE,2014,YEAR,512,COUNTRY,PUBLISHED,Malaria cases,Oman,0.00000000000000,0.00000000000000,0.00000000000000
442CEA8MALARIA_EST_INCIDENCE,MALARIA_EST_INCIDENCE,442CEA8,MALARIA_EST_INCIDENCE,2014,YEAR,516,COUNTRY,PUBLISHED,Malaria cases,Namibia,14.04706366000000,11.12703983000000,17.24827395000000
442CEA8MALARIA_EST_INCIDENCE,MALARIA_EST_INCIDENCE,442CEA8,MALARIA_EST_INCIDENCE,2014,YEAR,524,COUNTRY,PUBLISHED,Malaria cases,Nepal,0.61121461900000,0.37516532500000,1.23400461200000
442CEA8MALARIA_EST_INCIDENCE,MALARIA_EST_INCIDENCE,442CEA8,MALARIA_EST_INCIDENCE,2014,YEAR,548,COUNTRY,PUBLISHED,Malaria cases,Vanuatu,9.91012108100000,7.31635150800000,13.76436660000000
442CEA8MALARIA_EST_INCIDENCE,MALARIA_EST_INCIDENCE,442CEA8,MALARIA_EST_INCIDENCE,2014,YEAR,558,COUNTRY,PUBLISHED,Malaria cases,Nicaragua,0.27086199300000,0.22478173700000,0.31937738500000
442CEA8MALARIA_EST_INCIDENCE,MALARIA_EST_INCIDENCE,442CEA8,MALARIA_EST_INCIDENCE,2014,YEAR,562,COUNTRY,PUBLISHED,Malaria cases,Niger,410.11741890000000,262.89481020000000,606.92918300000000
442CEA8MALARIA_EST_INCIDENCE,MALARIA_EST_INCIDENCE,442CEA8,MALARIA_EST_INCIDENCE,2014,YEAR,566,COUNTRY,PUBLISHED,Malaria cases,Nigeria,287.70492510000000,230.31164210000000,354.64426600000000
442CEA8MALARIA_EST_INCIDENCE,MALARIA_EST_INCIDENCE,442CEA8,MALARIA_EST_INCIDENCE,2014,YEAR,586,COUNTRY,PUBLISHED,Malaria cases,Pakistan,4.72167209900000,2.64122580100000,8.60952235100000
442CEA8MALARIA_EST_INCIDENCE,MALARIA_EST_INCIDENCE,442CEA8,MALARIA_EST_INCIDENCE,2014,YEAR,591,COUNTRY,PUBLISHED,Malaria cases,Panama,0.38539605900000,0.36583864700000,0.40993869300000
442CEA8MALARIA_EST_INCIDENCE,MALARIA_EST_INCIDENCE,442CEA8,MALARIA_EST_INCIDENCE,2014,YEAR,598,COUNTRY,PUBLISHED,Malaria cases,Papua New Guinea,189.34477280000000,109.87637210000000,296.82053590000000
442CEA8MALARIA_EST_INCIDENCE,MALARIA_EST_INCIDENCE,442CEA8,MALARIA_EST_INCIDENCE,2014,YEAR,600,COUNTRY,PUBLISHED,Malaria cases,Paraguay,0.00000000000000,0.00000000000000,0.00000000000000
442CEA8MALARIA_EST_INCIDENCE,MALARIA_EST_INCIDENCE,442CEA8,MALARIA_EST_INCIDENCE,2014,YEAR,604,COUNTRY,PUBLISHED,Malaria cases,Peru,7.09620688200000,5.81283889600000,8.46515358800000
442CEA8MALARIA_EST_INCIDENCE,MALARIA_EST_INCIDENCE,442CEA8,MALARIA_EST_INCIDENCE,2014,YEAR,608,COUNTRY,PUBLISHED,Malaria cases,Philippines,0.23774170700000,0.17321661800000,0.30852831200000
442CEA8MALARIA_EST_INCIDENCE,MALARIA_EST_INCIDENCE,442CEA8,MALARIA_EST_INCIDENCE,2014,YEAR,624,COUNTRY,PUBLISHED,Malaria cases,Guinea-Bissau,105.72722650000000,45.33727390000000,208.39274900000000
442CEA8MALARIA_EST_INCIDENCE,MALARIA_EST_INCIDENCE,442CEA8,MALARIA_EST_INCIDENCE,2014,YEAR,626,COUNTRY,PUBLISHED,Malaria cases,Timor-Leste,0.42551622000000,0.35804536000000,0.49750762600000
442CEA8MALARIA_EST_INCIDENCE,MALARIA_EST_INCIDENCE,442CEA8,MALARIA_EST_INCIDENCE,2014,YEAR,646,COUNTRY,PUBLISHED,Malaria cases,Rwanda,202.30269770000000,151.95914000000000,254.44586720000000
442CEA8MALARIA_EST_INCIDENCE,MALARIA_EST_INCIDENCE,442CEA8,MALARIA_EST_INCIDENCE,2014,YEAR,678,COUNTRY,PUBLISHED,Malaria cases,Sao Tome and Principe,8.91409636800000,8.91409636800000,8.91409636800000
442CEA8MALARIA_EST_INCIDENCE,MALARIA_EST_INCIDENCE,442CEA8,MALARIA_EST_INCIDENCE,2014,YEAR,682,COUNTRY,PUBLISHED,Malaria cases,Saudi Arabia,0.00964778800000,0.00964778800000,0.00964778800000
442CEA8MALARIA_EST_INCIDENCE,MALARIA_EST_INCIDENCE,442CEA8,MALARIA_EST_INCIDENCE,2014,YEAR,686,COUNTRY,PUBLISHED,Malaria cases,Senegal,37.64684834000000,27.60235918000000,48.88346260000000
442CEA8MALARIA_EST_INCIDENCE,MALARIA_EST_INCIDENCE,442CEA8,MALARIA_EST_INCIDENCE,2014,YEAR,694,COUNTRY,PUBLISHED,Malaria cases,Sierra Leone,380.29516960000000,302.13685680000000,470.53550300000000
442CEA8MALARIA_EST_INCIDENCE,MALARIA_EST_INCIDENCE,442CEA8,MALARIA_EST_INCIDENCE,2014,YEAR,704,COUNTRY,PUBLISHED,Malaria cases,Viet Nam,0.28209103800000,0.26005360000000,0.31738941800000
442CEA8MALARIA_EST_INCIDENCE,MALARIA_EST_INCIDENCE,442CEA8,MALARIA_EST_INCIDENCE,2014,YEAR,706,COUNTRY,PUBLISHED,Malaria cases,Somalia,46.61332280000000,32.46832282000000,64.89079493000000
442CEA8MALARIA_EST_INCIDENCE,MALARIA_EST_INCIDENCE,442CEA8,MALARIA_EST_INCIDENCE,2014,YEAR,710,COUNTRY,PUBLISHED,Malaria cases,South Africa,2.10541160000000,2.10541160000000,2.10541160000000
442CEA8MALARIA_EST_INCIDENCE,MALARIA_EST_INCIDENCE,442CEA8,MALARIA_EST_INCIDENCE,2014,YEAR,716,COUNTRY,PUBLISHED,Malaria cases,Zimbabwe,97.70572000000000,72.10578965000000,124.83680320000000
442CEA8MALARIA_EST_INCIDENCE,MALARIA_EST_INCIDENCE,442CEA8,MALARIA_EST_INCIDENCE,2014,YEAR,728,COUNTRY,PUBLISHED,Malaria cases,South Sudan,271.03974060000000,200.85043960000000,355.73444480000000
442CEA8MALARIA_EST_INCIDENCE,MALARIA_EST_INCIDENCE,442CEA8,MALARIA_EST_INCIDENCE,2014,YEAR,729,COUNTRY,PUBLISHED,Malaria cases,Sudan,37.10223840000000,26.45240033000000,50.50182535000000
442CEA8MALARIA_EST_INCIDENCE,MALARIA_EST_INCIDENCE,442CEA8,MALARIA_EST_INCIDENCE,2014,YEAR,740,COUNTRY,PUBLISHED,Malaria cases,Suriname,4.71864630200000,4.71864630200000,4.71864630200000
442CEA8MALARIA_EST_INCIDENCE,MALARIA_EST_INCIDENCE,442CEA8,MALARIA_EST_INCIDENCE,2014,YEAR,748,COUNTRY,PUBLISHED,Malaria cases,Eswatini,1.22264373900000,1.22264373900000,1.22264373900000
442CEA8MALARIA_EST_INCIDENCE,MALARIA_EST_INCIDENCE,442CEA8,MALARIA_EST_INCIDENCE,2014,YEAR,760,COUNTRY,PUBLISHED,Malaria cases,Syrian Arab Republic,0.00000000000000,0.00000000000000,0.00000000000000
442CEA8MALARIA_EST_INCIDENCE,MALARIA_EST_INCIDENCE,442CEA8,MALARIA_EST_INCIDENCE,2014,YEAR,762,COUNTRY,PUBLISHED,Malaria cases,Tajikistan,0.00071069800000,0.00071069800000,0.00071069800000
442CEA8MALARIA_EST_INCIDENCE,MALARIA_EST_INCIDENCE,442CEA8,MALARIA_EST_INCIDENCE,2014,YEAR,764,COUNTRY,PUBLISHED,Malaria cases,Thailand,3.09345579300000,3.09345579300000,3.09345579300000
442CEA8MALARIA_EST_INCIDENCE,MALARIA_EST_INCIDENCE,442CEA8,MALARIA_EST_INCIDENCE,2014,YEAR,768,COUNTRY,PUBLISHED,Malaria cases,Togo,368.97710920000000,301.91691480000000,446.05273040000000
442CEA8MALARIA_EST_INCIDENCE,MALARIA_EST_INCIDENCE,442CEA8,MALARIA_EST_INCIDENCE,2014,YEAR,784,COUNTRY,PUBLISHED,Malaria cases,United Arab Emirates,0.00000000000000,0.00000000000000,0.00000000000000
442CEA8MALARIA_EST_INCIDENCE,MALARIA_EST_INCIDENCE,442CEA8,MALARIA_EST_INCIDENCE,2014,YEAR,792,COUNTRY,PUBLISHED,Malaria cases,Türkiye,0.00000000000000,0.00000000000000,0.00000000000000
442CEA8MALARIA_EST_INCIDENCE,MALARIA_EST_INCIDENCE,442CEA8,MALARIA_EST_INCIDENCE,2014,YEAR,795,COUNTRY,PUBLISHED,Malaria cases,Turkmenistan,0.00000000000000,0.00000000000000,0.00000000000000
442CEA8MALARIA_EST_INCIDENCE,MALARIA_EST_INCIDENCE,442CEA8,MALARIA_EST_INCIDENCE,2014,YEAR,800,COUNTRY,PUBLISHED,Malaria cases,Uganda,292.10844470000000,227.88363650000000,370.00192580000000
442CEA8MALARIA_EST_INCIDENCE,MALARIA_EST_INCIDENCE,442CEA8,MALARIA_EST_INCIDENCE,2014,YEAR,818,COUNTRY,PUBLISHED,Malaria cases,Egypt,0.00000000000000,0.00000000000000,0.00000000000000
442CEA8MALARIA_EST_INCIDENCE,MALARIA_EST_INCIDENCE,442CEA8,MALARIA_EST_INCIDENCE,2018,YEAR,478,COUNTRY,PUBLISHED,Malaria cases,Mauritania,79.68121244000000,31.37889796000000,157.20958300000000
442CEA8MALARIA_EST_INCIDENCE,MALARIA_EST_INCIDENCE,442CEA8,MALARIA_EST_INCIDENCE,2018,YEAR,484,COUNTRY,PUBLISHED,Malaria cases,Mexico,0.30784237000000,0.30784237000000,0.30784237000000
442CEA8MALARIA_EST_INCIDENCE,MALARIA_EST_INCIDENCE,442CEA8,MALARIA_EST_INCIDENCE,2018,YEAR,504,COUNTRY,PUBLISHED,Malaria cases,Morocco,0.00000000000000,0.00000000000000,0.00000000000000
442CEA8MALARIA_EST_INCIDENCE,MALARIA_EST_INCIDENCE,442CEA8,MALARIA_EST_INCIDENCE,2018,YEAR,508,COUNTRY,PUBLISHED,Malaria cases,Mozambique,331.29856100000000,262.71936240000000,409.17422180000000
442CEA8MALARIA_EST_INCIDENCE,MALARIA_EST_INCIDENCE,442CEA8,MALARIA_EST_INCIDENCE,2018,YEAR,512,COUNTRY,PUBLISHED,Malaria cases,Oman,0.00000000000000,0.00000000000000,0.00000000000000
442CEA8MALARIA_EST_INCIDENCE,MALARIA_EST_INCIDENCE,442CEA8,MALARIA_EST_INCIDENCE,2018,YEAR,516,COUNTRY,PUBLISHED,Malaria cases,Namibia,24.54696366000000,19.42459301000000,30.14644493000000
442CEA8MALARIA_EST_INCIDENCE,MALARIA_EST_INCIDENCE,442CEA8,MALARIA_EST_INCIDENCE,2018,YEAR,524,COUNTRY,PUBLISHED,Malaria cases,Nepal,0.33551006100000,0.24685005600000,0.48499352800000
442CEA8MALARIA_EST_INCIDENCE,MALARIA_EST_INCIDENCE,442CEA8,MALARIA_EST_INCIDENCE,2018,YEAR,548,COUNTRY,PUBLISHED,Malaria cases,Vanuatu,4.79215306800000,3.25670095100000,7.04274726700000
442CEA8MALARIA_EST_INCIDENCE,MALARIA_EST_INCIDENCE,442CEA8,MALARIA_EST_INCIDENCE,2018,YEAR,558,COUNTRY,PUBLISHED,Malaria cases,Nicaragua,3.57914585600000,2.97936194000000,4.22456130700000
442CEA8MALARIA_EST_INCIDENCE,MALARIA_EST_INCIDENCE,442CEA8,MALARIA_EST_INCIDENCE,2018,YEAR,562,COUNTRY,PUBLISHED,Malaria cases,Niger,349.75283340000000,220.67246590000000,528.98665830000000
442CEA8MALARIA_EST_INCIDENCE,MALARIA_EST_INCIDENCE,442CEA8,MALARIA_EST_INCIDENCE,2018,YEAR,566,COUNTRY,PUBLISHED,Malaria cases,Nigeria,291.07353700000000,228.98335850000000,367.06931660000000
442CEA8MALARIA_EST_INCIDENCE,MALARIA_EST_INCIDENCE,442CEA8,MALARIA_EST_INCIDENCE,2018,YEAR,586,COUNTRY,PUBLISHED,Malaria cases,Pakistan,3.16244487000000,2.44963074500000,4.38176860600000
442CEA8MALARIA_EST_INCIDENCE,MALARIA_EST_INCIDENCE,442CEA8,MALARIA_EST_INCIDENCE,2018,YEAR,591,COUNTRY,PUBLISHED,Malaria cases,Panama,0.28254596500000,0.25318123800000,0.30510666900000
442CEA8MALARIA_EST_INCIDENCE,MALARIA_EST_INCIDENCE,442CEA8,MALARIA_EST_INCIDENCE,2018,YEAR,598,COUNTRY,PUBLISHED,Malaria cases,Papua New Guinea,138.56737440000000,90.46669050000000,196.35141010000000
442CEA8MALARIA_EST_INCIDENCE,MALARIA_EST_INCIDENCE,442CEA8,MALARIA_EST_INCIDENCE,2018,YEAR,600,COUNTRY,PUBLISHED,Malaria cases,Paraguay,0.00000000000000,0.00000000000000,0.00000000000000
442CEA8MALARIA_EST_INCIDENCE,MALARIA_EST_INCIDENCE,442CEA8,MALARIA_EST_INCIDENCE,2018,YEAR,604,COUNTRY,PUBLISHED,Malaria cases,Peru,4.66591326700000,3.82380392400000,5.53863580500000
442CEA8MALARIA_EST_INCIDENCE,MALARIA_EST_INCIDENCE,442CEA8,MALARIA_EST_INCIDENCE,2018,YEAR,608,COUNTRY,PUBLISHED,Malaria cases,Philippines,0.17156666300000,0.12059955900000,0.23021531000000
442CEA8MALARIA_EST_INCIDENCE,MALARIA_EST_INCIDENCE,442CEA8,MALARIA_EST_INCIDENCE,2018,YEAR,624,COUNTRY,PUBLISHED,Malaria cases,Guinea-Bissau,71.68055637000000,25.72401357000000,161.78213180000000
442CEA8MALARIA_EST_INCIDENCE,MALARIA_EST_INCIDENCE,442CEA8,MALARIA_EST_INCIDENCE,2018,YEAR,626,COUNTRY,PUBLISHED,Malaria cases,Timor-Leste,0.00000000000000,0.00000000000000,0.00000000000000
442CEA8MALARIA_EST_INCIDENCE,MALARIA_EST_INCIDENCE,442CEA8,MALARIA_EST_INCIDENCE,2018,YEAR,646,COUNTRY,PUBLISHED,Malaria cases,Rwanda,477.56733750000000,360.79135720000000,600.55259670000000
442CEA8MALARIA_EST_INCIDENCE,MALARIA_EST_INCIDENCE,442CEA8,MALARIA_EST_INCIDENCE,2018,YEAR,678,COUNTRY,PUBLISHED,Malaria cases,Sao Tome and Principe,13.97327142000000,13.97327142000000,13.97327142000000
442CEA8MALARIA_EST_INCIDENCE,MALARIA_EST_INCIDENCE,442CEA8,MALARIA_EST_INCIDENCE,2018,YEAR,682,COUNTRY,PUBLISHED,Malaria cases,Saudi Arabia,0.01873403400000,0.01873403400000,0.01873403400000
442CEA8MALARIA_EST_INCIDENCE,MALARIA_EST_INCIDENCE,442CEA8,MALARIA_EST_INCIDENCE,2018,YEAR,686,COUNTRY,PUBLISHED,Malaria cases,Senegal,65.83047734000000,45.83155089000000,88.09923662000000
442CEA8MALARIA_EST_INCIDENCE,MALARIA_EST_INCIDENCE,442CEA8,MALARIA_EST_INCIDENCE,2018,YEAR,694,COUNTRY,PUBLISHED,Malaria cases,Sierra Leone,340.61083350000000,236.45640390000000,480.13156420000000
442CEA8MALARIA_EST_INCIDENCE,MALARIA_EST_INCIDENCE,442CEA8,MALARIA_EST_INCIDENCE,2018,YEAR,704,COUNTRY,PUBLISHED,Malaria cases,Viet Nam,0.05325280200000,0.04910762800000,0.05962600800000
442CEA8MALARIA_EST_INCIDENCE,MALARIA_EST_INCIDENCE,442CEA8,MALARIA_EST_INCIDENCE,2018,YEAR,706,COUNTRY,PUBLISHED,Malaria cases,Somalia,56.16008971000000,34.80077089000000,85.49966814000000
442CEA8MALARIA_EST_INCIDENCE,MALARIA_EST_INCIDENCE,442CEA8,MALARIA_EST_INCIDENCE,2018,YEAR,710,COUNTRY,PUBLISHED,Malaria cases,South Africa,1.63137870400000,1.63137870400000,1.63137870400000
442CEA8MALARIA_EST_INCIDENCE,MALARIA_EST_INCIDENCE,442CEA8,MALARIA_EST_INCIDENCE,2018,YEAR,716,COUNTRY,PUBLISHED,Malaria cases,Zimbabwe,53.61458214000000,33.18225113000000,75.77238244000000
442CEA8MALARIA_EST_INCIDENCE,MALARIA_EST_INCIDENCE,442CEA8,MALARIA_EST_INCIDENCE,2018,YEAR,728,COUNTRY,PUBLISHED,Malaria cases,South Sudan,276.30271210000000,185.43285980000000,395.53904940000000
442CEA8MALARIA_EST_INCIDENCE,MALARIA_EST_INCIDENCE,442CEA8,MALARIA_EST_INCIDENCE,2018,YEAR,729,COUNTRY,PUBLISHED,Malaria cases,Sudan,59.35359768000000,41.11749365000000,84.24360933000000
442CEA8MALARIA_EST_INCIDENCE,MALARIA_EST_INCIDENCE,442CEA8,MALARIA_EST_INCIDENCE,2018,YEAR,740,COUNTRY,PUBLISHED,Malaria cases,Suriname,0.33880312200000,0.33880312200000,0.33880312200000
442CEA8MALARIA_EST_INCIDENCE,MALARIA_EST_INCIDENCE,442CEA8,MALARIA_EST_INCIDENCE,2018,YEAR,748,COUNTRY,PUBLISHED,Malaria cases,Eswatini,2.09593645000000,2.09593645000000,2.09593645000000
442CEA8MALARIA_EST_INCIDENCE,MALARIA_EST_INCIDENCE,442CEA8,MALARIA_EST_INCIDENCE,2018,YEAR,760,COUNTRY,PUBLISHED,Malaria cases,Syrian Arab Republic,0.00000000000000,0.00000000000000,0.00000000000000
442CEA8MALARIA_EST_INCIDENCE,MALARIA_EST_INCIDENCE,442CEA8,MALARIA_EST_INCIDENCE,2018,YEAR,762,COUNTRY,PUBLISHED,Malaria cases,Tajikistan,0.00000000000000,0.00000000000000,0.00000000000000
442CEA8MALARIA_EST_INCIDENCE,MALARIA_EST_INCIDENCE,442CEA8,MALARIA_EST_INCIDENCE,2018,YEAR,764,COUNTRY,PUBLISHED,Malaria cases,Thailand,0.37727981100000,0.37727981100000,0.37727981100000
442CEA8MALARIA_EST_INCIDENCE,MALARIA_EST_INCIDENCE,442CEA8,MALARIA_EST_INCIDENCE,2018,YEAR,768,COUNTRY,PUBLISHED,Malaria cases,Togo,322.45496850000000,251.38735420000000,406.15751200000000
442CEA8MALARIA_EST_INCIDENCE,MALARIA_EST_INCIDENCE,442CEA8,MALARIA_EST_INCIDENCE,2018,YEAR,784,COUNTRY,PUBLISHED,Malaria cases,United Arab Emirates,0.00000000000000,0.00000000000000,0.00000000000000
442CEA8MALARIA_EST_INCIDENCE,MALARIA_EST_INCIDENCE,442CEA8,MALARIA_EST_INCIDENCE,2018,YEAR,792,COUNTRY,PUBLISHED,Malaria cases,Türkiye,0.00000000000000,0.00000000000000,0.00000000000000
442CEA8MALARIA_EST_INCIDENCE,MALARIA_EST_INCIDENCE,442CEA8,MALARIA_EST_INCIDENCE,2018,YEAR,795,COUNTRY,PUBLISHED,Malaria cases,Turkmenistan,0.00000000000000,0.00000000000000,0.00000000000000
442CEA8MALARIA_EST_INCIDENCE,MALARIA_EST_INCIDENCE,442CEA8,MALARIA_EST_INCIDENCE,2018,YEAR,800,COUNTRY,PUBLISHED,Malaria cases,Uganda,269.21379250000000,208.18042770000000,341.17120680000000
442CEA8MALARIA_EST_INCIDENCE,MALARIA_EST_INCIDENCE,442CEA8,MALARIA_EST_INCIDENCE,2018,YEAR,818,COUNTRY,PUBLISHED,Malaria cases,Egypt,0.00000000000000,0.00000000000000,0.00000000000000
442CEA8MALARIA_EST_INCIDENCE,MALARIA_EST_INCIDENCE,442CEA8,MALARIA_EST_INCIDENCE,2018,YEAR,834,COUNTRY,PUBLISHED,Malaria cases,United Republic of Tanzania,111.48207510000000,82.43315684000000,148.03710300000000
442CEA8MALARIA_EST_INCIDENCE,MALARIA_EST_INCIDENCE,442CEA8,MALARIA_EST_INCIDENCE,2018,YEAR,854,COUNTRY,PUBLISHED,Malaria cases,Burkina Faso,356.22969010000000,239.33024260000000,507.97765690000000
442CEA8MALARIA_EST_INCIDENCE,MALARIA_EST_INCIDENCE,442CEA8,MALARIA_EST_INCIDENCE,2018,YEAR,860,COUNTRY,PUBLISHED,Malaria cases,Uzbekistan,0.00000000000000,0.00000000000000,0.00000000000000
442CEA8MALARIA_EST_INCIDENCE,MALARIA_EST_INCIDENCE,442CEA8,MALARIA_EST_INCIDENCE,2018,YEAR,862,COUNTRY,PUBLISHED,Malaria cases,Venezuela (Bolivarian Republic of),31.85537430000000,28.36792553000000,36.73724130000000
442CEA8MALARIA_EST_INCIDENCE,MALARIA_EST_INCIDENCE,442CEA8,MALARIA_EST_INCIDENCE,2018,YEAR,887,COUNTRY,PUBLISHED,Malaria cases,Yemen,41.34515201000000,27.15857607000000,61.98374569000000
442CEA8MALARIA_EST_INCIDENCE,MALARIA_EST_INCIDENCE,442CEA8,MALARIA_EST_INCIDENCE,2018,YEAR,894,COUNTRY,PUBLISHED,Malaria cases,Zambia,221.99953720000000,175.56189590000000,275.54523670000000
442CEA8MALARIA_EST_INCIDENCE,MALARIA_EST_INCIDENCE,442CEA8,MALARIA_EST_INCIDENCE,2018,YEAR,953,WHOREGION,PUBLISHED,Malaria cases,Africa,235.37222590000000,217.68896250000000,255.57913240000000
442CEA8MALARIA_EST_INCIDENCE,MALARIA_EST_INCIDENCE,442CEA8,MALARIA_EST_INCIDENCE,2018,YEAR,954,WHOREGION,PUBLISHED,Malaria cases,Americas,6.27215090300000,5.81268024300000,6.84267174600000
442CEA8MALARIA_EST_INCIDENCE,MALARIA_EST_INCIDENCE,442CEA8,MALARIA_EST_INCIDENCE,2018,YEAR,955,WHOREGION,PUBLISHED,Malaria cases,South-East Asia,3.27792264500000,2.32979299500000,4.28634691200000
442CEA8MALARIA_EST_INCIDENCE,MALARIA_EST_INCIDENCE,442CEA8,MALARIA_EST_INCIDENCE,2018,YEAR,956,WHOREGION,PUBLISHED,Malaria cases,Europe,0.00000000000000,0.00000000000000,0.00000000000000
442CEA8MALARIA_EST_INCIDENCE,MALARIA_EST_INCIDENCE,442CEA8,MALARIA_EST_INCIDENCE,2018,YEAR,957,WHOREGION,PUBLISHED,Malaria cases,Eastern Mediterranean,11.12096995000000,9.20761822500000,13.62287688000000
442CEA8MALARIA_EST_INCIDENCE,MALARIA_EST_INCIDENCE,442CEA8,MALARIA_EST_INCIDENCE,2018,YEAR,958,WHOREGION,PUBLISHED,Malaria cases,Western Pacific,2.09528881000000,1.65223184000000,2.62736472700000
442CEA8MALARIA_EST_INCIDENCE,MALARIA_EST_INCIDENCE,442CEA8,MALARIA_EST_INCIDENCE,2019,YEAR,001,GLOBAL,PUBLISHED,Malaria cases,World,57.98822724000000,53.47992889000000,63.15375463000000
442CEA8MALARIA_EST_INCIDENCE,MALARIA_EST_INCIDENCE,442CEA8,MALARIA_EST_INCIDENCE,2019,YEAR,004,COUNTRY,PUBLISHED,Malaria cases,Afghanistan,14.14675946000000,10.91637800000000,17.96388176000000
442CEA8MALARIA_EST_INCIDENCE,MALARIA_EST_INCIDENCE,442CEA8,MALARIA_EST_INCIDENCE,2019,YEAR,012,COUNTRY,PUBLISHED,Malaria cases,Algeria,0.00000000000000,0.00000000000000,0.00000000000000
442CEA8MALARIA_EST_INCIDENCE,MALARIA_EST_INCIDENCE,442CEA8,MALARIA_EST_INCIDENCE,2019,YEAR,024,COUNTRY,PUBLISHED,Malaria cases,Angola,243.10317710000000,160.14756100000000,352.11285610000000
442CEA8MALARIA_EST_INCIDENCE,MALARIA_EST_INCIDENCE,442CEA8,MALARIA_EST_INCIDENCE,2019,YEAR,031,COUNTRY,PUBLISHED,Malaria cases,Azerbaijan,0.00000000000000,0.00000000000000,0.00000000000000
442CEA8MALARIA_EST_INCIDENCE,MALARIA_EST_INCIDENCE,442CEA8,MALARIA_EST_INCIDENCE,2019,YEAR,032,COUNTRY,PUBLISHED,Malaria cases,Argentina,0.00000000000000,0.00000000000000,0.00000000000000
442CEA8MALARIA_EST_INCIDENCE,MALARIA_EST_INCIDENCE,442CEA8,MALARIA_EST_INCIDENCE,2019,YEAR,050,COUNTRY,PUBLISHED,Malaria cases,Bangladesh,1.19295169300000,1.01497952800000,1.38200826100000
442CEA8MALARIA_EST_INCIDENCE,MALARIA_EST_INCIDENCE,442CEA8,MALARIA_EST_INCIDENCE,2019,YEAR,051,COUNTRY,PUBLISHED,Malaria cases,Armenia,0.00000000000000,0.00000000000000,0.00000000000000
442CEA8MALARIA_EST_INCIDENCE,MALARIA_EST_INCIDENCE,442CEA8,MALARIA_EST_INCIDENCE,2019,YEAR,064,COUNTRY,PUBLISHED,Malaria cases,Bhutan,0.00353376200000,0.00353376200000,0.00353376200000
442CEA8MALARIA_EST_INCIDENCE,MALARIA_EST_INCIDENCE,442CEA8,MALARIA_EST_INCIDENCE,2019,YEAR,068,COUNTRY,PUBLISHED,Malaria cases,Bolivia (Plurinational State of),2.38982110700000,1.87139857800000,2.93071785100000
442CEA8MALARIA_EST_INCIDENCE,MALARIA_EST_INCIDENCE,442CEA8,MALARIA_EST_INCIDENCE,2019,YEAR,072,COUNTRY,PUBLISHED,Malaria cases,Botswana,0.16751567100000,0.12935573100000,0.23025320100000
442CEA8MALARIA_EST_INCIDENCE,MALARIA_EST_INCIDENCE,442CEA8,MALARIA_EST_INCIDENCE,2019,YEAR,076,COUNTRY,PUBLISHED,Malaria cases,Brazil,4.24211186800000,3.80044604700000,4.59223866200000
442CEA8MALARIA_EST_INCIDENCE,MALARIA_EST_INCIDENCE,442CEA8,MALARIA_EST_INCIDENCE,2019,YEAR,084,COUNTRY,PUBLISHED,Malaria cases,Belize,0.00000000000000,0.00000000000000,0.00000000000000
442CEA8MALARIA_EST_INCIDENCE,MALARIA_EST_INCIDENCE,442CEA8,MALARIA_EST_INCIDENCE,2019,YEAR,090,COUNTRY,PUBLISHED,Malaria cases,Solomon Islands,195.75509980000000,151.42450390000000,265.49877580000000
442CEA8MALARIA_EST_INCIDENCE,MALARIA_EST_INCIDENCE,442CEA8,MALARIA_EST_INCIDENCE,2019,YEAR,104,COUNTRY,PUBLISHED,Malaria cases,Myanmar,1.70781967100000,1.38457545300000,2.06148318700000
442CEA8MALARIA_EST_INCIDENCE,MALARIA_EST_INCIDENCE,442CEA8,MALARIA_EST_INCIDENCE,2019,YEAR,108,COUNTRY,PUBLISHED,Malaria cases,Burundi,345.28037420000000,268.36782770000000,440.39500430000000
442CEA8MALARIA_EST_INCIDENCE,MALARIA_EST_INCIDENCE,442CEA8,MALARIA_EST_INCIDENCE,2019,YEAR,116,COUNTRY,PUBLISHED,Malaria cases,Cambodia,3.07568045200000,2.84658869900000,3.35637328800000
442CEA8MALARIA_EST_INCIDENCE,MALARIA_EST_INCIDENCE,442CEA8,MALARIA_EST_INCIDENCE,2019,YEAR,120,COUNTRY,PUBLISHED,Malaria cases,Cameroon,243.43699030000000,183.87449940000000,317.09545210000000
442CEA8MALARIA_EST_INCIDENCE,MALARIA_EST_INCIDENCE,442CEA8,MALARIA_EST_INCIDENCE,2019,YEAR,132,COUNTRY,PUBLISHED,Malaria cases,Cabo Verde,0.00000000000000,0.00000000000000,0.00000000000000
442CEA8MALARIA_EST_INCIDENCE,MALARIA_EST_INCIDENCE,442CEA8,MALARIA_EST_INCIDENCE,2023,YEAR,064,COUNTRY,PUBLISHED,Malaria cases,Bhutan,0.00000000000000,0.00000000000000,0.00000000000000
442CEA8MALARIA_EST_INCIDENCE,MALARIA_EST_INCIDENCE,442CEA8,MALARIA_EST_INCIDENCE,2023,YEAR,068,COUNTRY,PUBLISHED,Malaria cases,Bolivia (Plurinational State of),2.50953813500000,1.96099972500000,3.08237982000000
442CEA8MALARIA_EST_INCIDENCE,MALARIA_EST_INCIDENCE,442CEA8,MALARIA_EST_INCIDENCE,2023,YEAR,072,COUNTRY,PUBLISHED,Malaria cases,Botswana,0.47131027900000,0.36123652400000,0.65802516700000
442CEA8MALARIA_EST_INCIDENCE,MALARIA_EST_INCIDENCE,442CEA8,MALARIA_EST_INCIDENCE,2023,YEAR,076,COUNTRY,PUBLISHED,Malaria cases,Brazil,3.81369631200000,3.41581013600000,4.12616972200000
442CEA8MALARIA_EST_INCIDENCE,MALARIA_EST_INCIDENCE,442CEA8,MALARIA_EST_INCIDENCE,2023,YEAR,084,COUNTRY,PUBLISHED,Malaria cases,Belize,0.00000000000000,0.00000000000000,0.00000000000000
442CEA8MALARIA_EST_INCIDENCE,MALARIA_EST_INCIDENCE,442CEA8,MALARIA_EST_INCIDENCE,2023,YEAR,090,COUNTRY,PUBLISHED,Malaria cases,Solomon Islands,240.82423720000000,209.40997850000000,284.64473080000000
442CEA8MALARIA_EST_INCIDENCE,MALARIA_EST_INCIDENCE,442CEA8,MALARIA_EST_INCIDENCE,2023,YEAR,104,COUNTRY,PUBLISHED,Malaria cases,Myanmar,17.96352960000000,10.81810111000000,78.48392381000000
442CEA8MALARIA_EST_INCIDENCE,MALARIA_EST_INCIDENCE,442CEA8,MALARIA_EST_INCIDENCE,2023,YEAR,108,COUNTRY,PUBLISHED,Malaria cases,Burundi,323.24909500000000,207.15953580000000,487.79313360000000
442CEA8MALARIA_EST_INCIDENCE,MALARIA_EST_INCIDENCE,442CEA8,MALARIA_EST_INCIDENCE,2023,YEAR,116,COUNTRY,PUBLISHED,Malaria cases,Cambodia,0.11060826900000,0.11060826900000,0.11060826900000
442CEA8MALARIA_EST_INCIDENCE,MALARIA_EST_INCIDENCE,442CEA8,MALARIA_EST_INCIDENCE,2023,YEAR,120,COUNTRY,PUBLISHED,Malaria cases,Cameroon,259.07909250000000,198.73841350000000,332.93629010000000
442CEA8MALARIA_EST_INCIDENCE,MALARIA_EST_INCIDENCE,442CEA8,MALARIA_EST_INCIDENCE,2023,YEAR,132,COUNTRY,PUBLISHED,Malaria cases,Cabo Verde,0.00000000000000,0.00000000000000,0.00000000000000
442CEA8MALARIA_EST_INCIDENCE,MALARIA_EST_INCIDENCE,442CEA8,MALARIA_EST_INCIDENCE,2023,YEAR,140,COUNTRY,PUBLISHED,Malaria cases,Central African Republic,345.98344080000000,166.01404780000000,641.06976430000000
442CEA8MALARIA_EST_INCIDENCE,MALARIA_EST_INCIDENCE,442CEA8,MALARIA_EST_INCIDENCE,2023,YEAR,144,COUNTRY,PUBLISHED,Malaria cases,Sri Lanka,0.00000000000000,0.00000000000000,0.00000000000000
442CEA8MALARIA_EST_INCIDENCE,MALARIA_EST_INCIDENCE,442CEA8,MALARIA_EST_INCIDENCE,2023,YEAR,148,COUNTRY,PUBLISHED,Malaria cases,Chad,205.12143910000000,122.04227710000000,323.25532830000000
442CEA8MALARIA_EST_INCIDENCE,MALARIA_EST_INCIDENCE,442CEA8,MALARIA_EST_INCIDENCE,2023,YEAR,170,COUNTRY,PUBLISHED,Malaria cases,Colombia,12.66167670000000,9.64355694500000,15.85569720000000
442CEA8MALARIA_EST_INCIDENCE,MALARIA_EST_INCIDENCE,442CEA8,MALARIA_EST_INCIDENCE,2023,YEAR,174,COUNTRY,PUBLISHED,Malaria cases,Comoros,24.75225985000000,24.75225985000000,24.75225985000000
442CEA8MALARIA_EST_INCIDENCE,MALARIA_EST_INCIDENCE,442CEA8,MALARIA_EST_INCIDENCE,2023,YEAR,175,OVERSEAS DEPARTMENT,PUBLISHED,Malaria cases,Mayotte,0.00000000000000,0.00000000000000,0.00000000000000
442CEA8MALARIA_EST_INCIDENCE,MALARIA_EST_INCIDENCE,442CEA8,MALARIA_EST_INCIDENCE,2023,YEAR,178,COUNTRY,PUBLISHED,Malaria cases,Congo,219.46292060000000,128.11157330000000,354.99408040000000
442CEA8MALARIA_EST_INCIDENCE,MALARIA_EST_INCIDENCE,442CEA8,MALARIA_EST_INCIDENCE,2023,YEAR,180,COUNTRY,PUBLISHED,Malaria cases,Democratic Republic of the Congo,325.29477740000000,246.42222860000000,420.45738640000000
442CEA8MALARIA_EST_INCIDENCE,MALARIA_EST_INCIDENCE,442CEA8,MALARIA_EST_INCIDENCE,2023,YEAR,188,COUNTRY,PUBLISHED,Malaria cases,Costa Rica,0.30387261300000,0.30387261300000,0.30387261300000
442CEA8MALARIA_EST_INCIDENCE,MALARIA_EST_INCIDENCE,442CEA8,MALARIA_EST_INCIDENCE,2023,YEAR,204,COUNTRY,PUBLISHED,Malaria cases,Benin,361.26239930000000,243.40609980000000,516.39459410000000
442CEA8MALARIA_EST_INCIDENCE,MALARIA_EST_INCIDENCE,442CEA8,MALARIA_EST_INCIDENCE,2023,YEAR,214,COUNTRY,PUBLISHED,Malaria cases,Dominican Republic,0.04053521200000,0.04053521200000,0.04053521200000
442CEA8MALARIA_EST_INCIDENCE,MALARIA_EST_INCIDENCE,442CEA8,MALARIA_EST_INCIDENCE,2023,YEAR,218,COUNTRY,PUBLISHED,Malaria cases,Ecuador,0.05927779400000,0.05927779400000,0.05927779400000
442CEA8MALARIA_EST_INCIDENCE,MALARIA_EST_INCIDENCE,442CEA8,MALARIA_EST_INCIDENCE,2023,YEAR,222,COUNTRY,PUBLISHED,Malaria cases,El Salvador,0.00000000000000,0.00000000000000,0.00000000000000
442CEA8MALARIA_EST_INCIDENCE,MALARIA_EST_INCIDENCE,442CEA8,MALARIA_EST_INCIDENCE,2023,YEAR,226,COUNTRY,PUBLISHED,Malaria cases,Equatorial Guinea,229.81041370000000,147.87480600000000,340.49496120000000
442CEA8MALARIA_EST_INCIDENCE,MALARIA_EST_INCIDENCE,442CEA8,MALARIA_EST_INCIDENCE,2023,YEAR,231,COUNTRY,PUBLISHED,Malaria cases,Ethiopia,109.23929570000000,60.34529487000000,164.10970700000000
442CEA8MALARIA_EST_INCIDENCE,MALARIA_EST_INCIDENCE,442CEA8,MALARIA_EST_INCIDENCE,2023,YEAR,232,COUNTRY,PUBLISHED,Malaria cases,Eritrea,63.38799483000000,40.75503495000000,88.28438973000000
442CEA8MALARIA_EST_INCIDENCE,MALARIA_EST_INCIDENCE,442CEA8,MALARIA_EST_INCIDENCE,2023,YEAR,254,OVERSEAS DEPARTMENT,PUBLISHED,Malaria cases,French Guiana,1.12589803800000,1.12589803800000,1.12589803800000
442CEA8MALARIA_EST_INCIDENCE,MALARIA_EST_INCIDENCE,442CEA8,MALARIA_EST_INCIDENCE,2023,YEAR,262,COUNTRY,PUBLISHED,Malaria cases,Djibouti,45.04206501000000,45.04206501000000,45.04206501000000
442CEA8MALARIA_EST_INCIDENCE,MALARIA_EST_INCIDENCE,442CEA8,MALARIA_EST_INCIDENCE,2023,YEAR,266,COUNTRY,PUBLISHED,Malaria cases,Gabon,191.30283950000000,120.24401080000000,287.90626200000000
442CEA8MALARIA_EST_INCIDENCE,MALARIA_EST_INCIDENCE,442CEA8,MALARIA_EST_INCIDENCE,2023,YEAR,268,COUNTRY,PUBLISHED,Malaria cases,Georgia,0.00000000000000,0.00000000000000,0.00000000000000
442CEA8MALARIA_EST_INCIDENCE,MALARIA_EST_INCIDENCE,442CEA8,MALARIA_EST_INCIDENCE,2023,YEAR,270,COUNTRY,PUBLISHED,Malaria cases,Gambia,87.50650983000000,68.22922555000000,108.82034550000000
442CEA8MALARIA_EST_INCIDENCE,MALARIA_EST_INCIDENCE,442CEA8,MALARIA_EST_INCIDENCE,2023,YEAR,288,COUNTRY,PUBLISHED,Malaria cases,Ghana,194.91839600000000,144.15749590000000,257.28980190000000
442CEA8MALARIA_EST_INCIDENCE,MALARIA_EST_INCIDENCE,442CEA8,MALARIA_EST_INCIDENCE,2023,YEAR,320,COUNTRY,PUBLISHED,Malaria cases,Guatemala,0.22261522200000,0.22261522200000,0.22261522200000
442CEA8MALARIA_EST_INCIDENCE,MALARIA_EST_INCIDENCE,442CEA8,MALARIA_EST_INCIDENCE,2023,YEAR,324,COUNTRY,PUBLISHED,Malaria cases,Guinea,285.50214400000000,200.07493510000000,392.00429140000000
442CEA8MALARIA_EST_INCIDENCE,MALARIA_EST_INCIDENCE,442CEA8,MALARIA_EST_INCIDENCE,2023,YEAR,328,COUNTRY,PUBLISHED,Malaria cases,Guyana,42.66336541000000,36.19851323000000,49.50066739000000
442CEA8MALARIA_EST_INCIDENCE,MALARIA_EST_INCIDENCE,442CEA8,MALARIA_EST_INCIDENCE,2023,YEAR,332,COUNTRY,PUBLISHED,Malaria cases,Haiti,2.29141170700000,1.52147948400000,3.09663988500000
442CEA8MALARIA_EST_INCIDENCE,MALARIA_EST_INCIDENCE,442CEA8,MALARIA_EST_INCIDENCE,2023,YEAR,340,COUNTRY,PUBLISHED,Malaria cases,Honduras,0.26850980500000,0.26850980500000,0.26850980500000
442CEA8MALARIA_EST_INCIDENCE,MALARIA_EST_INCIDENCE,442CEA8,MALARIA_EST_INCIDENCE,2023,YEAR,356,COUNTRY,PUBLISHED,Malaria cases,India,1.34470094500000,1.01464750200000,1.69261542500000
442CEA8MALARIA_EST_INCIDENCE,MALARIA_EST_INCIDENCE,442CEA8,MALARIA_EST_INCIDENCE,2023,YEAR,360,COUNTRY,PUBLISHED,Malaria cases,Indonesia,1.81446310400000,1.69152081600000,1.96835323100000
442CEA8MALARIA_EST_INCIDENCE,MALARIA_EST_INCIDENCE,442CEA8,MALARIA_EST_INCIDENCE,2023,YEAR,364,COUNTRY,PUBLISHED,Malaria cases,Iran (Islamic Republic of),2.73263619400000,2.73263619400000,2.73263619400000
442CEA8MALARIA_EST_INCIDENCE,MALARIA_EST_INCIDENCE,442CEA8,MALARIA_EST_INCIDENCE,2023,YEAR,368,COUNTRY,PUBLISHED,Malaria cases,Iraq,0.00000000000000,0.00000000000000,0.00000000000000
442CEA8MALARIA_EST_INCIDENCE,MALARIA_EST_INCIDENCE,442CEA8,MALARIA_EST_INCIDENCE,2023,YEAR,384,COUNTRY,PUBLISHED,Malaria cases,Côte d'Ivoire,269.25432080000000,185.79323090000000,377.77691430000000
442CEA8MALARIA_EST_INCIDENCE,MALARIA_EST_INCIDENCE,442CEA8,MALARIA_EST_INCIDENCE,2023,YEAR,404,COUNTRY,PUBLISHED,Malaria cases,Kenya,73.77391808000000,37.32295217000000,132.85988830000000
442CEA8MALARIA_EST_INCIDENCE,MALARIA_EST_INCIDENCE,442CEA8,MALARIA_EST_INCIDENCE,2016,YEAR,288,COUNTRY,PUBLISHED,Malaria cases,Ghana,244.92146450000000,188.99425770000000,312.91268420000000
442CEA8MALARIA_EST_INCIDENCE,MALARIA_EST_INCIDENCE,442CEA8,MALARIA_EST_INCIDENCE,2016,YEAR,320,COUNTRY,PUBLISHED,Malaria cases,Guatemala,0.47681037300000,0.42518848500000,0.54765205100000
442CEA8MALARIA_EST_INCIDENCE,MALARIA_EST_INCIDENCE,442CEA8,MALARIA_EST_INCIDENCE,2016,YEAR,324,COUNTRY,PUBLISHED,Malaria cases,Guinea,366.51983800000000,270.16576200000000,488.50220910000000
442CEA8MALARIA_EST_INCIDENCE,MALARIA_EST_INCIDENCE,442CEA8,MALARIA_EST_INCIDENCE,2016,YEAR,328,COUNTRY,PUBLISHED,Malaria cases,Guyana,25.29899888000000,18.96662030000000,34.63711515000000
442CEA8MALARIA_EST_INCIDENCE,MALARIA_EST_INCIDENCE,442CEA8,MALARIA_EST_INCIDENCE,2016,YEAR,332,COUNTRY,PUBLISHED,Malaria cases,Haiti,3.80518629300000,2.52650933900000,5.14493093400000
442CEA8MALARIA_EST_INCIDENCE,MALARIA_EST_INCIDENCE,442CEA8,MALARIA_EST_INCIDENCE,2016,YEAR,340,COUNTRY,PUBLISHED,Malaria cases,Honduras,0.65706960300000,0.51057193600000,0.81143169700000
442CEA8MALARIA_EST_INCIDENCE,MALARIA_EST_INCIDENCE,442CEA8,MALARIA_EST_INCIDENCE,2016,YEAR,356,COUNTRY,PUBLISHED,Malaria cases,India,6.29101614100000,4.90647043700000,7.89221588700000
442CEA8MALARIA_EST_INCIDENCE,MALARIA_EST_INCIDENCE,442CEA8,MALARIA_EST_INCIDENCE,2016,YEAR,360,COUNTRY,PUBLISHED,Malaria cases,Indonesia,4.10898087700000,3.70703887200000,4.57450482300000
442CEA8MALARIA_EST_INCIDENCE,MALARIA_EST_INCIDENCE,442CEA8,MALARIA_EST_INCIDENCE,2016,YEAR,364,COUNTRY,PUBLISHED,Malaria cases,Iran (Islamic Republic of),0.09465691000000,0.09465691000000,0.09465691000000
442CEA8MALARIA_EST_INCIDENCE,MALARIA_EST_INCIDENCE,442CEA8,MALARIA_EST_INCIDENCE,2016,YEAR,368,COUNTRY,PUBLISHED,Malaria cases,Iraq,0.00099979000000,0.00099979000000,0.00099979000000
442CEA8MALARIA_EST_INCIDENCE,MALARIA_EST_INCIDENCE,442CEA8,MALARIA_EST_INCIDENCE,2016,YEAR,384,COUNTRY,PUBLISHED,Malaria cases,Côte d'Ivoire,258.10345630000000,161.17002340000000,392.04577570000000
442CEA8MALARIA_EST_INCIDENCE,MALARIA_EST_INCIDENCE,442CEA8,MALARIA_EST_INCIDENCE,2016,YEAR,398,COUNTRY,PUBLISHED,Malaria cases,Kazakhstan,0.00000000000000,0.00000000000000,0.00000000000000
442CEA8MALARIA_EST_INCIDENCE,MALARIA_EST_INCIDENCE,442CEA8,MALARIA_EST_INCIDENCE,2016,YEAR,404,COUNTRY,PUBLISHED,Malaria cases,Kenya,77.26122108000000,55.28032567000000,106.25562080000000
442CEA8MALARIA_EST_INCIDENCE,MALARIA_EST_INCIDENCE,442CEA8,MALARIA_EST_INCIDENCE,2016,YEAR,408,COUNTRY,PUBLISHED,Malaria cases,Democratic People's Republic of Korea,0.50097841600000,0.50097841600000,0.50097841600000
442CEA8MALARIA_EST_INCIDENCE,MALARIA_EST_INCIDENCE,442CEA8,MALARIA_EST_INCIDENCE,2016,YEAR,410,COUNTRY,PUBLISHED,Malaria cases,Republic of Korea,0.16764842200000,0.16764842200000,0.16764842200000
442CEA8MALARIA_EST_INCIDENCE,MALARIA_EST_INCIDENCE,442CEA8,MALARIA_EST_INCIDENCE,2016,YEAR,417,COUNTRY,PUBLISHED,Malaria cases,Kyrgyzstan,0.00000000000000,0.00000000000000,0.00000000000000
442CEA8MALARIA_EST_INCIDENCE,MALARIA_EST_INCIDENCE,442CEA8,MALARIA_EST_INCIDENCE,2016,YEAR,418,COUNTRY,PUBLISHED,Malaria cases,Lao People's Democratic Republic,7.47225651500000,5.42210098900000,9.89350045500000
442CEA8MALARIA_EST_INCIDENCE,MALARIA_EST_INCIDENCE,442CEA8,MALARIA_EST_INCIDENCE,2016,YEAR,430,COUNTRY,PUBLISHED,Malaria cases,Liberia,348.70157510000000,284.60371420000000,422.05586020000000
442CEA8MALARIA_EST_INCIDENCE,MALARIA_EST_INCIDENCE,442CEA8,MALARIA_EST_INCIDENCE,2016,YEAR,450,COUNTRY,PUBLISHED,Malaria cases,Madagascar,63.37210888000000,44.49089217000000,86.17092380000000
442CEA8MALARIA_EST_INCIDENCE,MALARIA_EST_INCIDENCE,442CEA8,MALARIA_EST_INCIDENCE,2016,YEAR,454,COUNTRY,PUBLISHED,Malaria cases,Malawi,260.92260510000000,199.78086870000000,337.03721480000000
442CEA8MALARIA_EST_INCIDENCE,MALARIA_EST_INCIDENCE,442CEA8,MALARIA_EST_INCIDENCE,2016,YEAR,458,COUNTRY,PUBLISHED,Malaria cases,Malaysia,0.20918741700000,0.20918741700000,0.20918741700000
442CEA8MALARIA_EST_INCIDENCE,MALARIA_EST_INCIDENCE,442CEA8,MALARIA_EST_INCIDENCE,2016,YEAR,466,COUNTRY,PUBLISHED,Malaria cases,Mali,374.38801680000000,263.82354890000000,531.46306700000000
442CEA8MALARIA_EST_INCIDENCE,MALARIA_EST_INCIDENCE,442CEA8,MALARIA_EST_INCIDENCE,2016,YEAR,478,COUNTRY,PUBLISHED,Malaria cases,Mauritania,94.53058931000000,40.25527840000000,177.38985740000000
442CEA8MALARIA_EST_INCIDENCE,MALARIA_EST_INCIDENCE,442CEA8,MALARIA_EST_INCIDENCE,2016,YEAR,484,COUNTRY,PUBLISHED,Malaria cases,Mexico,0.21259947000000,0.21259947000000,0.21259947000000
442CEA8MALARIA_EST_INCIDENCE,MALARIA_EST_INCIDENCE,442CEA8,MALARIA_EST_INCIDENCE,2016,YEAR,504,COUNTRY,PUBLISHED,Malaria cases,Morocco,0.00000000000000,0.00000000000000,0.00000000000000
442CEA8MALARIA_EST_INCIDENCE,MALARIA_EST_INCIDENCE,442CEA8,MALARIA_EST_INCIDENCE,2016,YEAR,508,COUNTRY,PUBLISHED,Malaria cases,Mozambique,345.20997540000000,279.34538800000000,422.47101140000000
442CEA8MALARIA_EST_INCIDENCE,MALARIA_EST_INCIDENCE,442CEA8,MALARIA_EST_INCIDENCE,2016,YEAR,512,COUNTRY,PUBLISHED,Malaria cases,Oman,0.00000000000000,0.00000000000000,0.00000000000000
442CEA8MALARIA_EST_INCIDENCE,MALARIA_EST_INCIDENCE,442CEA8,MALARIA_EST_INCIDENCE,2016,YEAR,516,COUNTRY,PUBLISHED,Malaria cases,Namibia,16.55471625000000,13.10657886000000,20.23021499000000
442CEA8MALARIA_EST_INCIDENCE,MALARIA_EST_INCIDENCE,442CEA8,MALARIA_EST_INCIDENCE,2016,YEAR,524,COUNTRY,PUBLISHED,Malaria cases,Nepal,0.41299863000000,0.28526528500000,0.71773446700000
442CEA8MALARIA_EST_INCIDENCE,MALARIA_EST_INCIDENCE,442CEA8,MALARIA_EST_INCIDENCE,2016,YEAR,548,COUNTRY,PUBLISHED,Malaria cases,Vanuatu,17.06445756000000,12.12475100000000,24.27568857000000
442CEA8MALARIA_EST_INCIDENCE,MALARIA_EST_INCIDENCE,442CEA8,MALARIA_EST_INCIDENCE,2016,YEAR,558,COUNTRY,PUBLISHED,Malaria cases,Nicaragua,1.44819859400000,1.20114517600000,1.70765003700000
442CEA8MALARIA_EST_INCIDENCE,MALARIA_EST_INCIDENCE,442CEA8,MALARIA_EST_INCIDENCE,2016,YEAR,562,COUNTRY,PUBLISHED,Malaria cases,Niger,389.32921610000000,248.58199510000000,586.04958080000000
442CEA8MALARIA_EST_INCIDENCE,MALARIA_EST_INCIDENCE,442CEA8,MALARIA_EST_INCIDENCE,2016,YEAR,566,COUNTRY,PUBLISHED,Malaria cases,Nigeria,284.82542030000000,225.41075280000000,353.73006770000000
442CEA8MALARIA_EST_INCIDENCE,MALARIA_EST_INCIDENCE,442CEA8,MALARIA_EST_INCIDENCE,2016,YEAR,586,COUNTRY,PUBLISHED,Malaria cases,Pakistan,4.70027539800000,3.05340434100000,7.93565503400000
442CEA8MALARIA_EST_INCIDENCE,MALARIA_EST_INCIDENCE,442CEA8,MALARIA_EST_INCIDENCE,2016,YEAR,591,COUNTRY,PUBLISHED,Malaria cases,Panama,0.29968657000000,0.28894378800000,0.31969037100000
442CEA8MALARIA_EST_INCIDENCE,MALARIA_EST_INCIDENCE,442CEA8,MALARIA_EST_INCIDENCE,2016,YEAR,598,COUNTRY,PUBLISHED,Malaria cases,Papua New Guinea,134.90338960000000,90.44059581000000,185.25122750000000
442CEA8MALARIA_EST_INCIDENCE,MALARIA_EST_INCIDENCE,442CEA8,MALARIA_EST_INCIDENCE,2016,YEAR,600,COUNTRY,PUBLISHED,Malaria cases,Paraguay,0.00000000000000,0.00000000000000,0.00000000000000
442CEA8MALARIA_EST_INCIDENCE,MALARIA_EST_INCIDENCE,442CEA8,MALARIA_EST_INCIDENCE,2016,YEAR,604,COUNTRY,PUBLISHED,Malaria cases,Peru,6.00802285000000,4.92758342900000,7.17292070700000
442CEA8MALARIA_EST_INCIDENCE,MALARIA_EST_INCIDENCE,442CEA8,MALARIA_EST_INCIDENCE,2016,YEAR,608,COUNTRY,PUBLISHED,Malaria cases,Philippines,0.27939583400000,0.19921562200000,0.36939114000000
442CEA8MALARIA_EST_INCIDENCE,MALARIA_EST_INCIDENCE,442CEA8,MALARIA_EST_INCIDENCE,2016,YEAR,624,COUNTRY,PUBLISHED,Malaria cases,Guinea-Bissau,74.16426614000000,24.82911120000000,170.41633980000000
442CEA8MALARIA_EST_INCIDENCE,MALARIA_EST_INCIDENCE,442CEA8,MALARIA_EST_INCIDENCE,2020,YEAR,140,COUNTRY,PUBLISHED,Malaria cases,Central African Republic,376.08412640000000,184.85945750000000,694.63012780000000
442CEA8MALARIA_EST_INCIDENCE,MALARIA_EST_INCIDENCE,442CEA8,MALARIA_EST_INCIDENCE,2020,YEAR,144,COUNTRY,PUBLISHED,Malaria cases,Sri Lanka,0.00000000000000,0.00000000000000,0.00000000000000
442CEA8MALARIA_EST_INCIDENCE,MALARIA_EST_INCIDENCE,442CEA8,MALARIA_EST_INCIDENCE,2020,YEAR,148,COUNTRY,PUBLISHED,Malaria cases,Chad,208.74265120000000,126.78107270000000,324.17766970000000
442CEA8MALARIA_EST_INCIDENCE,MALARIA_EST_INCIDENCE,442CEA8,MALARIA_EST_INCIDENCE,2020,YEAR,156,COUNTRY,PUBLISHED,Malaria cases,China,0.00000000000000,0.00000000000000,0.00000000000000
442CEA8MALARIA_EST_INCIDENCE,MALARIA_EST_INCIDENCE,442CEA8,MALARIA_EST_INCIDENCE,2020,YEAR,170,COUNTRY,PUBLISHED,Malaria cases,Colombia,10.15320313000000,7.70417901700000,12.71743402000000
442CEA8MALARIA_EST_INCIDENCE,MALARIA_EST_INCIDENCE,442CEA8,MALARIA_EST_INCIDENCE,2020,YEAR,174,COUNTRY,PUBLISHED,Malaria cases,Comoros,5.66717736900000,5.66717736900000,5.66717736900000
442CEA8MALARIA_EST_INCIDENCE,MALARIA_EST_INCIDENCE,442CEA8,MALARIA_EST_INCIDENCE,2020,YEAR,175,OVERSEAS DEPARTMENT,PUBLISHED,Malaria cases,Mayotte,0.03196879800000,0.03196879800000,0.03196879800000
442CEA8MALARIA_EST_INCIDENCE,MALARIA_EST_INCIDENCE,442CEA8,MALARIA_EST_INCIDENCE,2020,YEAR,178,COUNTRY,PUBLISHED,Malaria cases,Congo,240.84053130000000,144.05232940000000,380.17149940000000
442CEA8MALARIA_EST_INCIDENCE,MALARIA_EST_INCIDENCE,442CEA8,MALARIA_EST_INCIDENCE,2020,YEAR,180,COUNTRY,PUBLISHED,Malaria cases,Democratic Republic of the Congo,338.91967580000000,258.75755590000000,435.73900400000000
442CEA8MALARIA_EST_INCIDENCE,MALARIA_EST_INCIDENCE,442CEA8,MALARIA_EST_INCIDENCE,2020,YEAR,188,COUNTRY,PUBLISHED,Malaria cases,Costa Rica,0.05107797200000,0.05107797200000,0.05107797200000
442CEA8MALARIA_EST_INCIDENCE,MALARIA_EST_INCIDENCE,442CEA8,MALARIA_EST_INCIDENCE,2020,YEAR,204,COUNTRY,PUBLISHED,Malaria cases,Benin,377.00545420000000,281.16813750000000,491.18571460000000
442CEA8MALARIA_EST_INCIDENCE,MALARIA_EST_INCIDENCE,442CEA8,MALARIA_EST_INCIDENCE,2020,YEAR,214,COUNTRY,PUBLISHED,Malaria cases,Dominican Republic,0.16112564300000,0.14248982200000,0.18207032800000
442CEA8MALARIA_EST_INCIDENCE,MALARIA_EST_INCIDENCE,442CEA8,MALARIA_EST_INCIDENCE,2020,YEAR,218,COUNTRY,PUBLISHED,Malaria cases,Ecuador,0.19450177500000,0.19450177500000,0.19450177500000
442CEA8MALARIA_EST_INCIDENCE,MALARIA_EST_INCIDENCE,442CEA8,MALARIA_EST_INCIDENCE,2020,YEAR,222,COUNTRY,PUBLISHED,Malaria cases,El Salvador,0.00000000000000,0.00000000000000,0.00000000000000
442CEA8MALARIA_EST_INCIDENCE,MALARIA_EST_INCIDENCE,442CEA8,MALARIA_EST_INCIDENCE,2020,YEAR,226,COUNTRY,PUBLISHED,Malaria cases,Equatorial Guinea,244.29934030000000,164.96883430000000,349.38305000000000
442CEA8MALARIA_EST_INCIDENCE,MALARIA_EST_INCIDENCE,442CEA8,MALARIA_EST_INCIDENCE,2020,YEAR,231,COUNTRY,PUBLISHED,Malaria cases,Ethiopia,52.28211767000000,29.16769617000000,78.47779938000000
442CEA8MALARIA_EST_INCIDENCE,MALARIA_EST_INCIDENCE,442CEA8,MALARIA_EST_INCIDENCE,2020,YEAR,232,COUNTRY,PUBLISHED,Malaria cases,Eritrea,48.27589350000000,31.28283307000000,67.03135112000000
442CEA8MALARIA_EST_INCIDENCE,MALARIA_EST_INCIDENCE,442CEA8,MALARIA_EST_INCIDENCE,2020,YEAR,254,OVERSEAS DEPARTMENT,PUBLISHED,Malaria cases,French Guiana,1.02546145800000,0.91291081000000,1.18803461600000
442CEA8MALARIA_EST_INCIDENCE,MALARIA_EST_INCIDENCE,442CEA8,MALARIA_EST_INCIDENCE,2020,YEAR,262,COUNTRY,PUBLISHED,Malaria cases,Djibouti,88.72444806000000,88.72444806000000,88.72444806000000
442CEA8MALARIA_EST_INCIDENCE,MALARIA_EST_INCIDENCE,442CEA8,MALARIA_EST_INCIDENCE,2020,YEAR,266,COUNTRY,PUBLISHED,Malaria cases,Gabon,193.57479030000000,144.54633490000000,253.51959640000000
442CEA8MALARIA_EST_INCIDENCE,MALARIA_EST_INCIDENCE,442CEA8,MALARIA_EST_INCIDENCE,2020,YEAR,268,COUNTRY,PUBLISHED,Malaria cases,Georgia,0.00000000000000,0.00000000000000,0.00000000000000
442CEA8MALARIA_EST_INCIDENCE,MALARIA_EST_INCIDENCE,442CEA8,MALARIA_EST_INCIDENCE,2020,YEAR,270,COUNTRY,PUBLISHED,Malaria cases,Gambia,83.83123328000000,58.62217890000000,120.92309680000000
442CEA8MALARIA_EST_INCIDENCE,MALARIA_EST_INCIDENCE,442CEA8,MALARIA_EST_INCIDENCE,2020,YEAR,288,COUNTRY,PUBLISHED,Malaria cases,Ghana,219.62650370000000,168.12475650000000,282.83043840000000
442CEA8MALARIA_EST_INCIDENCE,MALARIA_EST_INCIDENCE,442CEA8,MALARIA_EST_INCIDENCE,2020,YEAR,320,COUNTRY,PUBLISHED,Malaria cases,Guatemala,0.09463198500000,0.08425299300000,0.10867415100000
442CEA8MALARIA_EST_INCIDENCE,MALARIA_EST_INCIDENCE,442CEA8,MALARIA_EST_INCIDENCE,2020,YEAR,324,COUNTRY,PUBLISHED,Malaria cases,Guinea,304.94295080000000,218.44237160000000,415.32346280000000
442CEA8MALARIA_EST_INCIDENCE,MALARIA_EST_INCIDENCE,442CEA8,MALARIA_EST_INCIDENCE,2020,YEAR,328,COUNTRY,PUBLISHED,Malaria cases,Guyana,27.36039610000000,23.23274480000000,31.82127505000000
442CEA8MALARIA_EST_INCIDENCE,MALARIA_EST_INCIDENCE,442CEA8,MALARIA_EST_INCIDENCE,2020,YEAR,332,COUNTRY,PUBLISHED,Malaria cases,Haiti,3.79205449500000,2.52292374700000,5.12540319100000
442CEA8MALARIA_EST_INCIDENCE,MALARIA_EST_INCIDENCE,442CEA8,MALARIA_EST_INCIDENCE,2020,YEAR,340,COUNTRY,PUBLISHED,Malaria cases,Honduras,0.12273124500000,0.09425759600000,0.15240493200000
442CEA8MALARIA_EST_INCIDENCE,MALARIA_EST_INCIDENCE,442CEA8,MALARIA_EST_INCIDENCE,2020,YEAR,356,COUNTRY,PUBLISHED,Malaria cases,India,2.53234844500000,1.57247265100000,3.52913584800000
442CEA8MALARIA_EST_INCIDENCE,MALARIA_EST_INCIDENCE,442CEA8,MALARIA_EST_INCIDENCE,2020,YEAR,360,COUNTRY,PUBLISHED,Malaria cases,Indonesia,1.92952080700000,1.77137716000000,2.10922324000000
442CEA8MALARIA_EST_INCIDENCE,MALARIA_EST_INCIDENCE,442CEA8,MALARIA_EST_INCIDENCE,2020,YEAR,364,COUNTRY,PUBLISHED,Malaria cases,Iran (Islamic Republic of),0.00000000000000,0.00000000000000,0.00000000000000
442CEA8MALARIA_EST_INCIDENCE,MALARIA_EST_INCIDENCE,442CEA8,MALARIA_EST_INCIDENCE,2020,YEAR,368,COUNTRY,PUBLISHED,Malaria cases,Iraq,0.00000000000000,0.00000000000000,0.00000000000000
442CEA8MALARIA_EST_INCIDENCE,MALARIA_EST_INCIDENCE,442CEA8,MALARIA_EST_INCIDENCE,2020,YEAR,384,COUNTRY,PUBLISHED,Malaria cases,Côte d'Ivoire,295.66385080000000,221.82511670000000,384.98759520000000
442CEA8MALARIA_EST_INCIDENCE,MALARIA_EST_INCIDENCE,442CEA8,MALARIA_EST_INCIDENCE,2020,YEAR,404,COUNTRY,PUBLISHED,Malaria cases,Kenya,84.99876851000000,63.78514199000000,110.60564360000000
442CEA8MALARIA_EST_INCIDENCE,MALARIA_EST_INCIDENCE,442CEA8,MALARIA_EST_INCIDENCE,2020,YEAR,408,COUNTRY,PUBLISHED,Malaria cases,Democratic People's Republic of Korea,0.17802677800000,0.17802677800000,0.17802677800000
442CEA8MALARIA_EST_INCIDENCE,MALARIA_EST_INCIDENCE,442CEA8,MALARIA_EST_INCIDENCE,2020,YEAR,410,COUNTRY,PUBLISHED,Malaria cases,Republic of Korea,0.09806911300000,0.09806911300000,0.09806911300000
442CEA8MALARIA_EST_INCIDENCE,MALARIA_EST_INCIDENCE,442CEA8,MALARIA_EST_INCIDENCE,2020,YEAR,417,COUNTRY,PUBLISHED,Malaria cases,Kyrgyzstan,0.00000000000000,0.00000000000000,0.00000000000000
442CEA8MALARIA_EST_INCIDENCE,MALARIA_EST_INCIDENCE,442CEA8,MALARIA_EST_INCIDENCE,2020,YEAR,418,COUNTRY,PUBLISHED,Malaria cases,Lao People's Democratic Republic,1.48430479800000,1.07490455000000,1.96225015800000
442CEA8MALARIA_EST_INCIDENCE,MALARIA_EST_INCIDENCE,442CEA8,MALARIA_EST_INCIDENCE,2020,YEAR,430,COUNTRY,PUBLISHED,Malaria cases,Liberia,276.92576880000000,180.50474870000000,405.67926690000000
442CEA8MALARIA_EST_INCIDENCE,MALARIA_EST_INCIDENCE,442CEA8,MALARIA_EST_INCIDENCE,2020,YEAR,450,COUNTRY,PUBLISHED,Malaria cases,Madagascar,138.73062780000000,92.13052880000000,189.59560530000000
442CEA8MALARIA_EST_INCIDENCE,MALARIA_EST_INCIDENCE,442CEA8,MALARIA_EST_INCIDENCE,2020,YEAR,454,COUNTRY,PUBLISHED,Malaria cases,Malawi,283.01464010000000,185.27440670000000,409.88951150000000
442CEA8MALARIA_EST_INCIDENCE,MALARIA_EST_INCIDENCE,442CEA8,MALARIA_EST_INCIDENCE,2020,YEAR,458,COUNTRY,PUBLISHED,Malaria cases,Malaysia,0.00000000000000,0.00000000000000,0.00000000000000
442CEA8MALARIA_EST_INCIDENCE,MALARIA_EST_INCIDENCE,442CEA8,MALARIA_EST_INCIDENCE,2020,YEAR,466,COUNTRY,PUBLISHED,Malaria cases,Mali,349.38729370000000,246.57136570000000,496.45129730000000
442CEA8MALARIA_EST_INCIDENCE,MALARIA_EST_INCIDENCE,442CEA8,MALARIA_EST_INCIDENCE,2020,YEAR,478,COUNTRY,PUBLISHED,Malaria cases,Mauritania,64.10621784000000,21.39959166000000,131.72923230000000
442CEA8MALARIA_EST_INCIDENCE,MALARIA_EST_INCIDENCE,442CEA8,MALARIA_EST_INCIDENCE,2020,YEAR,484,COUNTRY,PUBLISHED,Malaria cases,Mexico,0.13243362800000,0.13243362800000,0.13243362800000
442CEA8MALARIA_EST_INCIDENCE,MALARIA_EST_INCIDENCE,442CEA8,MALARIA_EST_INCIDENCE,2020,YEAR,504,COUNTRY,PUBLISHED,Malaria cases,Morocco,0.00000000000000,0.00000000000000,0.00000000000000
442CEA8MALARIA_EST_INCIDENCE,MALARIA_EST_INCIDENCE,442CEA8,MALARIA_EST_INCIDENCE,2020,YEAR,508,COUNTRY,PUBLISHED,Malaria cases,Mozambique,320.65271060000000,251.90786920000000,402.82076910000000
442CEA8MALARIA_EST_INCIDENCE,MALARIA_EST_INCIDENCE,442CEA8,MALARIA_EST_INCIDENCE,2020,YEAR,512,COUNTRY,PUBLISHED,Malaria cases,Oman,0.00000000000000,0.00000000000000,0.00000000000000
442CEA8MALARIA_EST_INCIDENCE,MALARIA_EST_INCIDENCE,442CEA8,MALARIA_EST_INCIDENCE,2020,YEAR,516,COUNTRY,PUBLISHED,Malaria cases,Namibia,9.32475943600000,7.38978066900000,11.43889713000000
442CEA8MALARIA_EST_INCIDENCE,MALARIA_EST_INCIDENCE,442CEA8,MALARIA_EST_INCIDENCE,2020,YEAR,524,COUNTRY,PUBLISHED,Malaria cases,Nepal,0.01081747700000,0.00915325000000,0.01271945100000
442CEA8MALARIA_EST_INCIDENCE,MALARIA_EST_INCIDENCE,442CEA8,MALARIA_EST_INCIDENCE,2020,YEAR,548,COUNTRY,PUBLISHED,Malaria cases,Vanuatu,3.78105990100000,2.47935474400000,5.69844206900000
442CEA8MALARIA_EST_INCIDENCE,MALARIA_EST_INCIDENCE,442CEA8,MALARIA_EST_INCIDENCE,2020,YEAR,558,COUNTRY,PUBLISHED,Malaria cases,Nicaragua,5.61996900400000,4.67075867900000,6.66669234100000
442CEA8MALARIA_EST_INCIDENCE,MALARIA_EST_INCIDENCE,442CEA8,MALARIA_EST_INCIDENCE,2020,YEAR,562,COUNTRY,PUBLISHED,Malaria cases,Niger,330.78299240000000,193.21232070000000,537.72921840000000
442CEA8MALARIA_EST_INCIDENCE,MALARIA_EST_INCIDENCE,442CEA8,MALARIA_EST_INCIDENCE,2020,YEAR,566,COUNTRY,PUBLISHED,Malaria cases,Nigeria,304.36879150000000,218.68927790000000,414.27901510000000
442CEA8MALARIA_EST_INCIDENCE,MALARIA_EST_INCIDENCE,442CEA8,MALARIA_EST_INCIDENCE,2020,YEAR,586,COUNTRY,PUBLISHED,Malaria cases,Pakistan,2.35004964600000,1.85913465600000,3.13703804900000
442CEA8MALARIA_EST_INCIDENCE,MALARIA_EST_INCIDENCE,442CEA8,MALARIA_EST_INCIDENCE,2015,YEAR,364,COUNTRY,PUBLISHED,Malaria cases,Iran (Islamic Republic of),0.19797449600000,0.19797449600000,0.19797449600000
442CEA8MALARIA_EST_INCIDENCE,MALARIA_EST_INCIDENCE,442CEA8,MALARIA_EST_INCIDENCE,2015,YEAR,368,COUNTRY,PUBLISHED,Malaria cases,Iraq,0.00000000000000,0.00000000000000,0.00000000000000
442CEA8MALARIA_EST_INCIDENCE,MALARIA_EST_INCIDENCE,442CEA8,MALARIA_EST_INCIDENCE,2015,YEAR,384,COUNTRY,PUBLISHED,Malaria cases,Côte d'Ivoire,242.11594690000000,160.04123090000000,353.24219940000000
442CEA8MALARIA_EST_INCIDENCE,MALARIA_EST_INCIDENCE,442CEA8,MALARIA_EST_INCIDENCE,2015,YEAR,398,COUNTRY,PUBLISHED,Malaria cases,Kazakhstan,0.00000000000000,0.00000000000000,0.00000000000000
442CEA8MALARIA_EST_INCIDENCE,MALARIA_EST_INCIDENCE,442CEA8,MALARIA_EST_INCIDENCE,2015,YEAR,404,COUNTRY,PUBLISHED,Malaria cases,Kenya,81.79663555000000,59.78192649000000,108.68929350000000
442CEA8MALARIA_EST_INCIDENCE,MALARIA_EST_INCIDENCE,442CEA8,MALARIA_EST_INCIDENCE,2015,YEAR,408,COUNTRY,PUBLISHED,Malaria cases,Democratic People's Republic of Korea,0.70232185300000,0.70232185300000,0.70232185300000
442CEA8MALARIA_EST_INCIDENCE,MALARIA_EST_INCIDENCE,442CEA8,MALARIA_EST_INCIDENCE,2015,YEAR,410,COUNTRY,PUBLISHED,Malaria cases,Republic of Korea,0.17568571400000,0.17568571400000,0.17568571400000
442CEA8MALARIA_EST_INCIDENCE,MALARIA_EST_INCIDENCE,442CEA8,MALARIA_EST_INCIDENCE,2015,YEAR,417,COUNTRY,PUBLISHED,Malaria cases,Kyrgyzstan,0.00000000000000,0.00000000000000,0.00000000000000
442CEA8MALARIA_EST_INCIDENCE,MALARIA_EST_INCIDENCE,442CEA8,MALARIA_EST_INCIDENCE,2015,YEAR,418,COUNTRY,PUBLISHED,Malaria cases,Lao People's Democratic Republic,17.65654434000000,12.79995626000000,23.44045490000000
442CEA8MALARIA_EST_INCIDENCE,MALARIA_EST_INCIDENCE,442CEA8,MALARIA_EST_INCIDENCE,2015,YEAR,430,COUNTRY,PUBLISHED,Malaria cases,Liberia,318.13455330000000,244.30784040000000,404.58402000000000
442CEA8MALARIA_EST_INCIDENCE,MALARIA_EST_INCIDENCE,442CEA8,MALARIA_EST_INCIDENCE,2015,YEAR,450,COUNTRY,PUBLISHED,Malaria cases,Madagascar,106.97557240000000,75.78504774000000,143.63060830000000
442CEA8MALARIA_EST_INCIDENCE,MALARIA_EST_INCIDENCE,442CEA8,MALARIA_EST_INCIDENCE,2015,YEAR,454,COUNTRY,PUBLISHED,Malaria cases,Malawi,260.87602380000000,198.37856020000000,335.69674250000000
442CEA8MALARIA_EST_INCIDENCE,MALARIA_EST_INCIDENCE,442CEA8,MALARIA_EST_INCIDENCE,2015,YEAR,458,COUNTRY,PUBLISHED,Malaria cases,Malaysia,0.19370677100000,0.19370677100000,0.19370677100000
442CEA8MALARIA_EST_INCIDENCE,MALARIA_EST_INCIDENCE,442CEA8,MALARIA_EST_INCIDENCE,2015,YEAR,466,COUNTRY,PUBLISHED,Malaria cases,Mali,381.71138850000000,270.74810550000000,541.03576220000000
442CEA8MALARIA_EST_INCIDENCE,MALARIA_EST_INCIDENCE,442CEA8,MALARIA_EST_INCIDENCE,2015,YEAR,478,COUNTRY,PUBLISHED,Malaria cases,Mauritania,73.54566034000000,27.82364942000000,146.63673950000000
442CEA8MALARIA_EST_INCIDENCE,MALARIA_EST_INCIDENCE,442CEA8,MALARIA_EST_INCIDENCE,2015,YEAR,484,COUNTRY,PUBLISHED,Malaria cases,Mexico,0.20142344400000,0.20142344400000,0.20142344400000
442CEA8MALARIA_EST_INCIDENCE,MALARIA_EST_INCIDENCE,442CEA8,MALARIA_EST_INCIDENCE,2015,YEAR,504,COUNTRY,PUBLISHED,Malaria cases,Morocco,0.00000000000000,0.00000000000000,0.00000000000000
442CEA8MALARIA_EST_INCIDENCE,MALARIA_EST_INCIDENCE,442CEA8,MALARIA_EST_INCIDENCE,2015,YEAR,508,COUNTRY,PUBLISHED,Malaria cases,Mozambique,353.67245640000000,289.14409290000000,429.63638920000000
442CEA8MALARIA_EST_INCIDENCE,MALARIA_EST_INCIDENCE,442CEA8,MALARIA_EST_INCIDENCE,2015,YEAR,512,COUNTRY,PUBLISHED,Malaria cases,Oman,0.00000000000000,0.00000000000000,0.00000000000000
442CEA8MALARIA_EST_INCIDENCE,MALARIA_EST_INCIDENCE,442CEA8,MALARIA_EST_INCIDENCE,2015,YEAR,516,COUNTRY,PUBLISHED,Malaria cases,Namibia,7.98684070900000,6.30636474600000,9.78352170200000
442CEA8MALARIA_EST_INCIDENCE,MALARIA_EST_INCIDENCE,442CEA8,MALARIA_EST_INCIDENCE,2015,YEAR,524,COUNTRY,PUBLISHED,Malaria cases,Nepal,0.54081581500000,0.30035697600000,1.14190103600000
442CEA8MALARIA_EST_INCIDENCE,MALARIA_EST_INCIDENCE,442CEA8,MALARIA_EST_INCIDENCE,2015,YEAR,548,COUNTRY,PUBLISHED,Malaria cases,Vanuatu,3.29574109100000,2.65688591900000,4.02854555200000
442CEA8MALARIA_EST_INCIDENCE,MALARIA_EST_INCIDENCE,442CEA8,MALARIA_EST_INCIDENCE,2015,YEAR,558,COUNTRY,PUBLISHED,Malaria cases,Nicaragua,0.53331007400000,0.44331168900000,0.62847801900000
442CEA8MALARIA_EST_INCIDENCE,MALARIA_EST_INCIDENCE,442CEA8,MALARIA_EST_INCIDENCE,2015,YEAR,562,COUNTRY,PUBLISHED,Malaria cases,Niger,404.90412550000000,257.91954490000000,606.60067650000000
442CEA8MALARIA_EST_INCIDENCE,MALARIA_EST_INCIDENCE,442CEA8,MALARIA_EST_INCIDENCE,2015,YEAR,566,COUNTRY,PUBLISHED,Malaria cases,Nigeria,283.81281800000000,227.06864760000000,351.95487680000000
442CEA8MALARIA_EST_INCIDENCE,MALARIA_EST_INCIDENCE,442CEA8,MALARIA_EST_INCIDENCE,2015,YEAR,586,COUNTRY,PUBLISHED,Malaria cases,Pakistan,4.68277816300000,2.43719621400000,9.59855243800000
442CEA8MALARIA_EST_INCIDENCE,MALARIA_EST_INCIDENCE,442CEA8,MALARIA_EST_INCIDENCE,2015,YEAR,591,COUNTRY,PUBLISHED,Malaria cases,Panama,0.21671755400000,0.20842575200000,0.23066285800000
442CEA8MALARIA_EST_INCIDENCE,MALARIA_EST_INCIDENCE,442CEA8,MALARIA_EST_INCIDENCE,2015,YEAR,598,COUNTRY,PUBLISHED,Malaria cases,Papua New Guinea,101.18976410000000,65.95576460000000,143.90159270000000
442CEA8MALARIA_EST_INCIDENCE,MALARIA_EST_INCIDENCE,442CEA8,MALARIA_EST_INCIDENCE,2015,YEAR,600,COUNTRY,PUBLISHED,Malaria cases,Paraguay,0.00000000000000,0.00000000000000,0.00000000000000
442CEA8MALARIA_EST_INCIDENCE,MALARIA_EST_INCIDENCE,442CEA8,MALARIA_EST_INCIDENCE,2015,YEAR,604,COUNTRY,PUBLISHED,Malaria cases,Peru,7.26401765000000,5.93736640600000,8.69828412500000
442CEA8MALARIA_EST_INCIDENCE,MALARIA_EST_INCIDENCE,442CEA8,MALARIA_EST_INCIDENCE,2015,YEAR,608,COUNTRY,PUBLISHED,Malaria cases,Philippines,0.45652791300000,0.32395706000000,0.61203600600000
442CEA8MALARIA_EST_INCIDENCE,MALARIA_EST_INCIDENCE,442CEA8,MALARIA_EST_INCIDENCE,2015,YEAR,624,COUNTRY,PUBLISHED,Malaria cases,Guinea-Bissau,89.59470594000000,36.92541266000000,185.24209380000000
442CEA8MALARIA_EST_INCIDENCE,MALARIA_EST_INCIDENCE,442CEA8,MALARIA_EST_INCIDENCE,2015,YEAR,626,COUNTRY,PUBLISHED,Malaria cases,Timor-Leste,0.09704994600000,0.08205131800000,0.11381311900000
442CEA8MALARIA_EST_INCIDENCE,MALARIA_EST_INCIDENCE,442CEA8,MALARIA_EST_INCIDENCE,2015,YEAR,646,COUNTRY,PUBLISHED,Malaria cases,Rwanda,308.03747620000000,229.24302250000000,389.98886340000000
442CEA8MALARIA_EST_INCIDENCE,MALARIA_EST_INCIDENCE,442CEA8,MALARIA_EST_INCIDENCE,2015,YEAR,678,COUNTRY,PUBLISHED,Malaria cases,Sao Tome and Principe,10.26506433000000,10.26506433000000,10.26506433000000
442CEA8MALARIA_EST_INCIDENCE,MALARIA_EST_INCIDENCE,442CEA8,MALARIA_EST_INCIDENCE,2015,YEAR,682,COUNTRY,PUBLISHED,Malaria cases,Saudi Arabia,0.02582238100000,0.02582238100000,0.02582238100000
442CEA8MALARIA_EST_INCIDENCE,MALARIA_EST_INCIDENCE,442CEA8,MALARIA_EST_INCIDENCE,2015,YEAR,686,COUNTRY,PUBLISHED,Malaria cases,Senegal,69.27335982000000,47.04620193000000,93.87597450000000
442CEA8MALARIA_EST_INCIDENCE,MALARIA_EST_INCIDENCE,442CEA8,MALARIA_EST_INCIDENCE,2015,YEAR,694,COUNTRY,PUBLISHED,Malaria cases,Sierra Leone,367.82195210000000,294.05389650000000,455.20959040000000
442CEA8MALARIA_EST_INCIDENCE,MALARIA_EST_INCIDENCE,442CEA8,MALARIA_EST_INCIDENCE,2015,YEAR,704,COUNTRY,PUBLISHED,Malaria cases,Viet Nam,0.16493271000000,0.15215674700000,0.18479867400000
442CEA8MALARIA_EST_INCIDENCE,MALARIA_EST_INCIDENCE,442CEA8,MALARIA_EST_INCIDENCE,2015,YEAR,706,COUNTRY,PUBLISHED,Malaria cases,Somalia,55.21532867000000,36.24470494000000,80.18549228000000
442CEA8MALARIA_EST_INCIDENCE,MALARIA_EST_INCIDENCE,442CEA8,MALARIA_EST_INCIDENCE,2015,YEAR,710,COUNTRY,PUBLISHED,Malaria cases,South Africa,0.87424037300000,0.87424037300000,0.87424037300000
442CEA8MALARIA_EST_INCIDENCE,MALARIA_EST_INCIDENCE,442CEA8,MALARIA_EST_INCIDENCE,2015,YEAR,716,COUNTRY,PUBLISHED,Malaria cases,Zimbabwe,94.11756094000000,64.14672613000000,128.15547810000000
442CEA8MALARIA_EST_INCIDENCE,MALARIA_EST_INCIDENCE,442CEA8,MALARIA_EST_INCIDENCE,2015,YEAR,728,COUNTRY,PUBLISHED,Malaria cases,South Sudan,269.30709630000000,194.41515780000000,363.24680550000000
442CEA8MALARIA_EST_INCIDENCE,MALARIA_EST_INCIDENCE,442CEA8,MALARIA_EST_INCIDENCE,2015,YEAR,729,COUNTRY,PUBLISHED,Malaria cases,Sudan,43.24928442000000,32.33081939000000,56.74941825000000
442CEA8MALARIA_EST_INCIDENCE,MALARIA_EST_INCIDENCE,442CEA8,MALARIA_EST_INCIDENCE,2015,YEAR,740,COUNTRY,PUBLISHED,Malaria cases,Suriname,0.94289106700000,0.94289106700000,0.94289106700000
442CEA8MALARIA_EST_INCIDENCE,MALARIA_EST_INCIDENCE,442CEA8,MALARIA_EST_INCIDENCE,2015,YEAR,748,COUNTRY,PUBLISHED,Malaria cases,Eswatini,0.99379037300000,0.99379037300000,0.99379037300000
442CEA8MALARIA_EST_INCIDENCE,MALARIA_EST_INCIDENCE,442CEA8,MALARIA_EST_INCIDENCE,2015,YEAR,760,COUNTRY,PUBLISHED,Malaria cases,Syrian Arab Republic,0.00000000000000,0.00000000000000,0.00000000000000
442CEA8MALARIA_EST_INCIDENCE,MALARIA_EST_INCIDENCE,442CEA8,MALARIA_EST_INCIDENCE,2015,YEAR,762,COUNTRY,PUBLISHED,Malaria cases,Tajikistan,0.00000000000000,0.00000000000000,0.00000000000000
442CEA8MALARIA_EST_INCIDENCE,MALARIA_EST_INCIDENCE,442CEA8,MALARIA_EST_INCIDENCE,2015,YEAR,764,COUNTRY,PUBLISHED,Malaria cases,Thailand,1.30690526900000,1.30690526900000,1.30690526900000
442CEA8MALARIA_EST_INCIDENCE,MALARIA_EST_INCIDENCE,442CEA8,MALARIA_EST_INCIDENCE,2015,YEAR,768,COUNTRY,PUBLISHED,Malaria cases,Togo,372.34652130000000,301.42494090000000,454.45570350000000
442CEA8MALARIA_EST_INCIDENCE,MALARIA_EST_INCIDENCE,442CEA8,MALARIA_EST_INCIDENCE,2015,YEAR,784,COUNTRY,PUBLISHED,Malaria cases,United Arab Emirates,0.00000000000000,0.00000000000000,0.00000000000000
442CEA8MALARIA_EST_INCIDENCE,MALARIA_EST_INCIDENCE,442CEA8,MALARIA_EST_INCIDENCE,2015,YEAR,792,COUNTRY,PUBLISHED,Malaria cases,Türkiye,0.00000000000000,0.00000000000000,0.00000000000000
442CEA8MALARIA_EST_INCIDENCE,MALARIA_EST_INCIDENCE,442CEA8,MALARIA_EST_INCIDENCE,2015,YEAR,795,COUNTRY,PUBLISHED,Malaria cases,Turkmenistan,0.00000000000000,0.00000000000000,0.00000000000000
442CEA8MALARIA_EST_INCIDENCE,MALARIA_EST_INCIDENCE,442CEA8,MALARIA_EST_INCIDENCE,2015,YEAR,800,COUNTRY,PUBLISHED,Malaria cases,Uganda,288.69567900000000,219.83838880000000,371.34190410000000
442CEA8MALARIA_EST_INCIDENCE,MALARIA_EST_INCIDENCE,442CEA8,MALARIA_EST_INCIDENCE,2015,YEAR,818,COUNTRY,PUBLISHED,Malaria cases,Egypt,0.00000000000000,0.00000000000000,0.00000000000000
442CEA8MALARIA_EST_INCIDENCE,MALARIA_EST_INCIDENCE,442CEA8,MALARIA_EST_INCIDENCE,2015,YEAR,834,COUNTRY,PUBLISHED,Malaria cases,United Republic of Tanzania,141.80337530000000,106.00004190000000,186.65868100000000
442CEA8MALARIA_EST_INCIDENCE,MALARIA_EST_INCIDENCE,442CEA8,MALARIA_EST_INCIDENCE,2015,YEAR,854,COUNTRY,PUBLISHED,Malaria cases,Burkina Faso,417.95427680000000,330.71798290000000,520.55777750000000
442CEA8MALARIA_EST_INCIDENCE,MALARIA_EST_INCIDENCE,442CEA8,MALARIA_EST_INCIDENCE,2015,YEAR,860,COUNTRY,PUBLISHED,Malaria cases,Uzbekistan,0.00000000000000,0.00000000000000,0.00000000000000
442CEA8MALARIA_EST_INCIDENCE,MALARIA_EST_INCIDENCE,442CEA8,MALARIA_EST_INCIDENCE,2015,YEAR,862,COUNTRY,PUBLISHED,Malaria cases,Venezuela (Bolivarian Republic of),10.44470113000000,9.29943940600000,12.01808846000000
442CEA8MALARIA_EST_INCIDENCE,MALARIA_EST_INCIDENCE,442CEA8,MALARIA_EST_INCIDENCE,2015,YEAR,887,COUNTRY,PUBLISHED,Malaria cases,Yemen,26.02066940000000,17.93236060000000,37.86039659000000
442CEA8MALARIA_EST_INCIDENCE,MALARIA_EST_INCIDENCE,442CEA8,MALARIA_EST_INCIDENCE,2015,YEAR,894,COUNTRY,PUBLISHED,Malaria cases,Zambia,237.78096680000000,190.23454230000000,294.08287670000000
442CEA8MALARIA_EST_INCIDENCE,MALARIA_EST_INCIDENCE,442CEA8,MALARIA_EST_INCIDENCE,2015,YEAR,953,WHOREGION,PUBLISHED,Malaria cases,Africa,243.24189010000000,224.84017840000000,264.66348580000000
442CEA8MALARIA_EST_INCIDENCE,MALARIA_EST_INCIDENCE,442CEA8,MALARIA_EST_INCIDENCE,2015,YEAR,954,WHOREGION,PUBLISHED,Malaria cases,Americas,3.98801944800000,3.69509403800000,4.31990050700000
442CEA8MALARIA_EST_INCIDENCE,MALARIA_EST_INCIDENCE,442CEA8,MALARIA_EST_INCIDENCE,2015,YEAR,955,WHOREGION,PUBLISHED,Malaria cases,South-East Asia,6.21583415700000,5.11254924200000,7.43905350400000
442CEA8MALARIA_EST_INCIDENCE,MALARIA_EST_INCIDENCE,442CEA8,MALARIA_EST_INCIDENCE,2015,YEAR,956,WHOREGION,PUBLISHED,Malaria cases,Europe,0.00000000000000,0.00000000000000,0.00000000000000
442CEA8MALARIA_EST_INCIDENCE,MALARIA_EST_INCIDENCE,442CEA8,MALARIA_EST_INCIDENCE,2015,YEAR,957,WHOREGION,PUBLISHED,Malaria cases,Eastern Mediterranean,8.96963557600000,7.35563373200000,11.47688535000000
442CEA8MALARIA_EST_INCIDENCE,MALARIA_EST_INCIDENCE,442CEA8,MALARIA_EST_INCIDENCE,2015,YEAR,958,WHOREGION,PUBLISHED,Malaria cases,Western Pacific,2.27635910100000,1.94455770600000,2.66805612400000
442CEA8MALARIA_EST_INCIDENCE,MALARIA_EST_INCIDENCE,442CEA8,MALARIA_EST_INCIDENCE,2016,YEAR,001,GLOBAL,PUBLISHED,Malaria cases,World,58.69209433000000,54.63740629000000,63.38091033000000
442CEA8MALARIA_EST_INCIDENCE,MALARIA_EST_INCIDENCE,442CEA8,MALARIA_EST_INCIDENCE,2016,YEAR,004,COUNTRY,PUBLISHED,Malaria cases,Afghanistan,27.36697834000000,19.86799032000000,36.75116860000000
442CEA8MALARIA_EST_INCIDENCE,MALARIA_EST_INCIDENCE,442CEA8,MALARIA_EST_INCIDENCE,2019,YEAR,764,COUNTRY,PUBLISHED,Malaria cases,Thailand,0.29936488700000,0.29936488700000,0.29936488700000
442CEA8MALARIA_EST_INCIDENCE,MALARIA_EST_INCIDENCE,442CEA8,MALARIA_EST_INCIDENCE,2019,YEAR,768,COUNTRY,PUBLISHED,Malaria cases,Togo,289.97805520000000,212.55953220000000,386.59650970000000
442CEA8MALARIA_EST_INCIDENCE,MALARIA_EST_INCIDENCE,442CEA8,MALARIA_EST_INCIDENCE,2019,YEAR,784,COUNTRY,PUBLISHED,Malaria cases,United Arab Emirates,0.00000000000000,0.00000000000000,0.00000000000000
442CEA8MALARIA_EST_INCIDENCE,MALARIA_EST_INCIDENCE,442CEA8,MALARIA_EST_INCIDENCE,2019,YEAR,792,COUNTRY,PUBLISHED,Malaria cases,Türkiye,0.00000000000000,0.00000000000000,0.00000000000000
442CEA8MALARIA_EST_INCIDENCE,MALARIA_EST_INCIDENCE,442CEA8,MALARIA_EST_INCIDENCE,2019,YEAR,795,COUNTRY,PUBLISHED,Malaria cases,Turkmenistan,0.00000000000000,0.00000000000000,0.00000000000000
442CEA8MALARIA_EST_INCIDENCE,MALARIA_EST_INCIDENCE,442CEA8,MALARIA_EST_INCIDENCE,2019,YEAR,800,COUNTRY,PUBLISHED,Malaria cases,Uganda,250.82404770000000,197.17713780000000,314.09480500000000
442CEA8MALARIA_EST_INCIDENCE,MALARIA_EST_INCIDENCE,442CEA8,MALARIA_EST_INCIDENCE,2019,YEAR,818,COUNTRY,PUBLISHED,Malaria cases,Egypt,0.00000000000000,0.00000000000000,0.00000000000000
442CEA8MALARIA_EST_INCIDENCE,MALARIA_EST_INCIDENCE,442CEA8,MALARIA_EST_INCIDENCE,2019,YEAR,834,COUNTRY,PUBLISHED,Malaria cases,United Republic of Tanzania,116.09239800000000,84.37270759000000,155.87889170000000
442CEA8MALARIA_EST_INCIDENCE,MALARIA_EST_INCIDENCE,442CEA8,MALARIA_EST_INCIDENCE,2019,YEAR,854,COUNTRY,PUBLISHED,Malaria cases,Burkina Faso,356.48779270000000,241.55953960000000,512.90916160000000
442CEA8MALARIA_EST_INCIDENCE,MALARIA_EST_INCIDENCE,442CEA8,MALARIA_EST_INCIDENCE,2019,YEAR,860,COUNTRY,PUBLISHED,Malaria cases,Uzbekistan,0.00000000000000,0.00000000000000,0.00000000000000
442CEA8MALARIA_EST_INCIDENCE,MALARIA_EST_INCIDENCE,442CEA8,MALARIA_EST_INCIDENCE,2019,YEAR,862,COUNTRY,PUBLISHED,Malaria cases,Venezuela (Bolivarian Republic of),32.26404168000000,28.71416947000000,37.24276385000000
442CEA8MALARIA_EST_INCIDENCE,MALARIA_EST_INCIDENCE,442CEA8,MALARIA_EST_INCIDENCE,2019,YEAR,887,COUNTRY,PUBLISHED,Malaria cases,Yemen,38.65658173000000,25.31910082000000,58.09112781000000
442CEA8MALARIA_EST_INCIDENCE,MALARIA_EST_INCIDENCE,442CEA8,MALARIA_EST_INCIDENCE,2019,YEAR,894,COUNTRY,PUBLISHED,Malaria cases,Zambia,223.85238420000000,175.50079020000000,279.86170510000000
442CEA8MALARIA_EST_INCIDENCE,MALARIA_EST_INCIDENCE,442CEA8,MALARIA_EST_INCIDENCE,2019,YEAR,953,WHOREGION,PUBLISHED,Malaria cases,Africa,231.56388350000000,212.77163480000000,253.63127090000000
442CEA8MALARIA_EST_INCIDENCE,MALARIA_EST_INCIDENCE,442CEA8,MALARIA_EST_INCIDENCE,2019,YEAR,954,WHOREGION,PUBLISHED,Malaria cases,Americas,6.00472368400000,5.52824496200000,6.58807226000000
442CEA8MALARIA_EST_INCIDENCE,MALARIA_EST_INCIDENCE,442CEA8,MALARIA_EST_INCIDENCE,2019,YEAR,955,WHOREGION,PUBLISHED,Malaria cases,South-East Asia,2.71094317200000,1.77944157100000,3.64873918200000
442CEA8MALARIA_EST_INCIDENCE,MALARIA_EST_INCIDENCE,442CEA8,MALARIA_EST_INCIDENCE,2019,YEAR,956,WHOREGION,PUBLISHED,Malaria cases,Europe,0.00000000000000,0.00000000000000,0.00000000000000
442CEA8MALARIA_EST_INCIDENCE,MALARIA_EST_INCIDENCE,442CEA8,MALARIA_EST_INCIDENCE,2019,YEAR,957,WHOREGION,PUBLISHED,Malaria cases,Eastern Mediterranean,10.89825621000000,8.48889274500000,14.28359540000000
442CEA8MALARIA_EST_INCIDENCE,MALARIA_EST_INCIDENCE,442CEA8,MALARIA_EST_INCIDENCE,2019,YEAR,958,WHOREGION,PUBLISHED,Malaria cases,Western Pacific,2.01652269100000,1.58843172300000,2.49749896000000
442CEA8MALARIA_EST_INCIDENCE,MALARIA_EST_INCIDENCE,442CEA8,MALARIA_EST_INCIDENCE,2020,YEAR,001,GLOBAL,PUBLISHED,Malaria cases,World,59.97953890000000,54.62576750000000,66.28777520000000
442CEA8MALARIA_EST_INCIDENCE,MALARIA_EST_INCIDENCE,442CEA8,MALARIA_EST_INCIDENCE,2020,YEAR,004,COUNTRY,PUBLISHED,Malaria cases,Afghanistan,8.39236638400000,6.44811384300000,10.63925134000000
442CEA8MALARIA_EST_INCIDENCE,MALARIA_EST_INCIDENCE,442CEA8,MALARIA_EST_INCIDENCE,2020,YEAR,012,COUNTRY,PUBLISHED,Malaria cases,Algeria,0.00000000000000,0.00000000000000,0.00000000000000
442CEA8MALARIA_EST_INCIDENCE,MALARIA_EST_INCIDENCE,442CEA8,MALARIA_EST_INCIDENCE,2020,YEAR,024,COUNTRY,PUBLISHED,Malaria cases,Angola,244.52957230000000,153.70139190000000,365.03533050000000
442CEA8MALARIA_EST_INCIDENCE,MALARIA_EST_INCIDENCE,442CEA8,MALARIA_EST_INCIDENCE,2020,YEAR,031,COUNTRY,PUBLISHED,Malaria cases,Azerbaijan,0.00000000000000,0.00000000000000,0.00000000000000
442CEA8MALARIA_EST_INCIDENCE,MALARIA_EST_INCIDENCE,442CEA8,MALARIA_EST_INCIDENCE,2020,YEAR,032,COUNTRY,PUBLISHED,Malaria cases,Argentina,0.00000000000000,0.00000000000000,0.00000000000000
442CEA8MALARIA_EST_INCIDENCE,MALARIA_EST_INCIDENCE,442CEA8,MALARIA_EST_INCIDENCE,2020,YEAR,050,COUNTRY,PUBLISHED,Malaria cases,Bangladesh,0.42099140700000,0.35833092300000,0.48806267600000
442CEA8MALARIA_EST_INCIDENCE,MALARIA_EST_INCIDENCE,442CEA8,MALARIA_EST_INCIDENCE,2020,YEAR,051,COUNTRY,PUBLISHED,Malaria cases,Armenia,0.00000000000000,0.00000000000000,0.00000000000000
442CEA8MALARIA_EST_INCIDENCE,MALARIA_EST_INCIDENCE,442CEA8,MALARIA_EST_INCIDENCE,2020,YEAR,064,COUNTRY,PUBLISHED,Malaria cases,Bhutan,0.03860976800000,0.03860976800000,0.03860976800000
442CEA8MALARIA_EST_INCIDENCE,MALARIA_EST_INCIDENCE,442CEA8,MALARIA_EST_INCIDENCE,2020,YEAR,068,COUNTRY,PUBLISHED,Malaria cases,Bolivia (Plurinational State of),3.07907549400000,2.40919562700000,3.77434383600000
442CEA8MALARIA_EST_INCIDENCE,MALARIA_EST_INCIDENCE,442CEA8,MALARIA_EST_INCIDENCE,2020,YEAR,072,COUNTRY,PUBLISHED,Malaria cases,Botswana,1.13353819500000,0.78225611100000,1.73921289900000
442CEA8MALARIA_EST_INCIDENCE,MALARIA_EST_INCIDENCE,442CEA8,MALARIA_EST_INCIDENCE,2020,YEAR,076,COUNTRY,PUBLISHED,Malaria cases,Brazil,3.94523830800000,3.53170160800000,4.27039473500000
442CEA8MALARIA_EST_INCIDENCE,MALARIA_EST_INCIDENCE,442CEA8,MALARIA_EST_INCIDENCE,2020,YEAR,084,COUNTRY,PUBLISHED,Malaria cases,Belize,0.00000000000000,0.00000000000000,0.00000000000000
442CEA8MALARIA_EST_INCIDENCE,MALARIA_EST_INCIDENCE,442CEA8,MALARIA_EST_INCIDENCE,2020,YEAR,090,COUNTRY,PUBLISHED,Malaria cases,Solomon Islands,154.69579530000000,134.86943950000000,182.73991150000000
442CEA8MALARIA_EST_INCIDENCE,MALARIA_EST_INCIDENCE,442CEA8,MALARIA_EST_INCIDENCE,2020,YEAR,104,COUNTRY,PUBLISHED,Malaria cases,Myanmar,1.77815480500000,1.43994622800000,2.13747158300000
442CEA8MALARIA_EST_INCIDENCE,MALARIA_EST_INCIDENCE,442CEA8,MALARIA_EST_INCIDENCE,2020,YEAR,108,COUNTRY,PUBLISHED,Malaria cases,Burundi,345.13565630000000,259.53031080000000,447.69658060000000
442CEA8MALARIA_EST_INCIDENCE,MALARIA_EST_INCIDENCE,442CEA8,MALARIA_EST_INCIDENCE,2020,YEAR,116,COUNTRY,PUBLISHED,Malaria cases,Cambodia,0.93770021300000,0.86777401600000,1.02258868300000
442CEA8MALARIA_EST_INCIDENCE,MALARIA_EST_INCIDENCE,442CEA8,MALARIA_EST_INCIDENCE,2020,YEAR,120,COUNTRY,PUBLISHED,Malaria cases,Cameroon,264.81195100000000,198.03300260000000,345.83775650000000
442CEA8MALARIA_EST_INCIDENCE,MALARIA_EST_INCIDENCE,442CEA8,MALARIA_EST_INCIDENCE,2020,YEAR,132,COUNTRY,PUBLISHED,Malaria cases,Cabo Verde,0.00000000000000,0.00000000000000,0.00000000000000
442CEA8MALARIA_EST_INCIDENCE,MALARIA_EST_INCIDENCE,442CEA8,MALARIA_EST_INCIDENCE,2024,YEAR,175,OVERSEAS DEPARTMENT,PUBLISHED,Malaria cases,Mayotte,0.00000000000000,0.00000000000000,0.00000000000000
442CEA8MALARIA_EST_INCIDENCE,MALARIA_EST_INCIDENCE,442CEA8,MALARIA_EST_INCIDENCE,2024,YEAR,178,COUNTRY,PUBLISHED,Malaria cases,Congo,221.02094110000000,130.64558580000000,350.34404920000000
442CEA8MALARIA_EST_INCIDENCE,MALARIA_EST_INCIDENCE,442CEA8,MALARIA_EST_INCIDENCE,2024,YEAR,180,COUNTRY,PUBLISHED,Malaria cases,Democratic Republic of the Congo,321.89296840000000,243.10341790000000,416.93107710000000
442CEA8MALARIA_EST_INCIDENCE,MALARIA_EST_INCIDENCE,442CEA8,MALARIA_EST_INCIDENCE,2024,YEAR,188,COUNTRY,PUBLISHED,Malaria cases,Costa Rica,0.13366988400000,0.13366988400000,0.13366988400000
442CEA8MALARIA_EST_INCIDENCE,MALARIA_EST_INCIDENCE,442CEA8,MALARIA_EST_INCIDENCE,2024,YEAR,204,COUNTRY,PUBLISHED,Malaria cases,Benin,354.25311300000000,227.86388480000000,527.48462700000000
442CEA8MALARIA_EST_INCIDENCE,MALARIA_EST_INCIDENCE,442CEA8,MALARIA_EST_INCIDENCE,2024,YEAR,214,COUNTRY,PUBLISHED,Malaria cases,Dominican Republic,0.19111844200000,0.19111844200000,0.19111844200000
442CEA8MALARIA_EST_INCIDENCE,MALARIA_EST_INCIDENCE,442CEA8,MALARIA_EST_INCIDENCE,2024,YEAR,218,COUNTRY,PUBLISHED,Malaria cases,Ecuador,0.03697442200000,0.03697442200000,0.03697442200000
442CEA8MALARIA_EST_INCIDENCE,MALARIA_EST_INCIDENCE,442CEA8,MALARIA_EST_INCIDENCE,2024,YEAR,222,COUNTRY,PUBLISHED,Malaria cases,El Salvador,0.00000000000000,0.00000000000000,0.00000000000000
442CEA8MALARIA_EST_INCIDENCE,MALARIA_EST_INCIDENCE,442CEA8,MALARIA_EST_INCIDENCE,2024,YEAR,226,COUNTRY,PUBLISHED,Malaria cases,Equatorial Guinea,227.73017510000000,148.93788220000000,333.79536820000000
442CEA8MALARIA_EST_INCIDENCE,MALARIA_EST_INCIDENCE,442CEA8,MALARIA_EST_INCIDENCE,2024,YEAR,231,COUNTRY,PUBLISHED,Malaria cases,Ethiopia,138.49502480000000,76.56462664000000,207.59542570000000
442CEA8MALARIA_EST_INCIDENCE,MALARIA_EST_INCIDENCE,442CEA8,MALARIA_EST_INCIDENCE,2024,YEAR,232,COUNTRY,PUBLISHED,Malaria cases,Eritrea,102.42439550000000,65.71928466000000,142.82787830000000
442CEA8MALARIA_EST_INCIDENCE,MALARIA_EST_INCIDENCE,442CEA8,MALARIA_EST_INCIDENCE,2024,YEAR,254,OVERSEAS DEPARTMENT,PUBLISHED,Malaria cases,French Guiana,1.44113322300000,1.44113322300000,1.44113322300000
442CEA8MALARIA_EST_INCIDENCE,MALARIA_EST_INCIDENCE,442CEA8,MALARIA_EST_INCIDENCE,2024,YEAR,262,COUNTRY,PUBLISHED,Malaria cases,Djibouti,45.09456932000000,45.09456932000000,45.09456932000000
442CEA8MALARIA_EST_INCIDENCE,MALARIA_EST_INCIDENCE,442CEA8,MALARIA_EST_INCIDENCE,2024,YEAR,266,COUNTRY,PUBLISHED,Malaria cases,Gabon,187.00203350000000,102.12933410000000,313.28782040000000
442CEA8MALARIA_EST_INCIDENCE,MALARIA_EST_INCIDENCE,442CEA8,MALARIA_EST_INCIDENCE,2024,YEAR,268,COUNTRY,PUBLISHED,Malaria cases,Georgia,0.00000000000000,0.00000000000000,0.00000000000000
442CEA8MALARIA_EST_INCIDENCE,MALARIA_EST_INCIDENCE,442CEA8,MALARIA_EST_INCIDENCE,2024,YEAR,270,COUNTRY,PUBLISHED,Malaria cases,Gambia,75.44419593000000,58.73319331000000,93.91907462000000
442CEA8MALARIA_EST_INCIDENCE,MALARIA_EST_INCIDENCE,442CEA8,MALARIA_EST_INCIDENCE,2024,YEAR,288,COUNTRY,PUBLISHED,Malaria cases,Ghana,195.76966180000000,135.60875310000000,274.03836010000000
442CEA8MALARIA_EST_INCIDENCE,MALARIA_EST_INCIDENCE,442CEA8,MALARIA_EST_INCIDENCE,2024,YEAR,320,COUNTRY,PUBLISHED,Malaria cases,Guatemala,0.21050240800000,0.21050240800000,0.21050240800000
442CEA8MALARIA_EST_INCIDENCE,MALARIA_EST_INCIDENCE,442CEA8,MALARIA_EST_INCIDENCE,2024,YEAR,324,COUNTRY,PUBLISHED,Malaria cases,Guinea,286.08366710000000,198.11278170000000,400.65367780000000
442CEA8MALARIA_EST_INCIDENCE,MALARIA_EST_INCIDENCE,442CEA8,MALARIA_EST_INCIDENCE,2024,YEAR,328,COUNTRY,PUBLISHED,Malaria cases,Guyana,38.74087640000000,32.91476454000000,45.07842750000000
442CEA8MALARIA_EST_INCIDENCE,MALARIA_EST_INCIDENCE,442CEA8,MALARIA_EST_INCIDENCE,2024,YEAR,332,COUNTRY,PUBLISHED,Malaria cases,Haiti,8.69579933600000,5.29069570100000,13.59668342000000
442CEA8MALARIA_EST_INCIDENCE,MALARIA_EST_INCIDENCE,442CEA8,MALARIA_EST_INCIDENCE,2024,YEAR,340,COUNTRY,PUBLISHED,Malaria cases,Honduras,0.23373630800000,0.23373630800000,0.23373630800000
442CEA8MALARIA_EST_INCIDENCE,MALARIA_EST_INCIDENCE,442CEA8,MALARIA_EST_INCIDENCE,2024,YEAR,356,COUNTRY,PUBLISHED,Malaria cases,India,1.48056314300000,1.10707754100000,1.91961471400000
442CEA8MALARIA_EST_INCIDENCE,MALARIA_EST_INCIDENCE,442CEA8,MALARIA_EST_INCIDENCE,2024,YEAR,360,COUNTRY,PUBLISHED,Malaria cases,Indonesia,2.22665917400000,2.07522900500000,2.41662678500000
442CEA8MALARIA_EST_INCIDENCE,MALARIA_EST_INCIDENCE,442CEA8,MALARIA_EST_INCIDENCE,2024,YEAR,364,COUNTRY,PUBLISHED,Malaria cases,Iran (Islamic Republic of),2.17561979500000,2.17561979500000,2.17561979500000
442CEA8MALARIA_EST_INCIDENCE,MALARIA_EST_INCIDENCE,442CEA8,MALARIA_EST_INCIDENCE,2024,YEAR,368,COUNTRY,PUBLISHED,Malaria cases,Iraq,0.00000000000000,0.00000000000000,0.00000000000000
442CEA8MALARIA_EST_INCIDENCE,MALARIA_EST_INCIDENCE,442CEA8,MALARIA_EST_INCIDENCE,2024,YEAR,384,COUNTRY,PUBLISHED,Malaria cases,Côte d'Ivoire,267.94906280000000,178.27783620000000,388.47174410000000
442CEA8MALARIA_EST_INCIDENCE,MALARIA_EST_INCIDENCE,442CEA8,MALARIA_EST_INCIDENCE,2001,YEAR,174,COUNTRY,PUBLISHED,Malaria cases,Comoros,65.07072110000000,43.62048171000000,87.46756332000000
442CEA8MALARIA_EST_INCIDENCE,MALARIA_EST_INCIDENCE,442CEA8,MALARIA_EST_INCIDENCE,2001,YEAR,178,COUNTRY,PUBLISHED,Malaria cases,Congo,349.05732160000000,238.24719170000000,495.63888810000000
442CEA8MALARIA_EST_INCIDENCE,MALARIA_EST_INCIDENCE,442CEA8,MALARIA_EST_INCIDENCE,2001,YEAR,180,COUNTRY,PUBLISHED,Malaria cases,Democratic Republic of the Congo,457.59927470000000,365.01880610000000,564.20218580000000
442CEA8MALARIA_EST_INCIDENCE,MALARIA_EST_INCIDENCE,442CEA8,MALARIA_EST_INCIDENCE,2001,YEAR,188,COUNTRY,PUBLISHED,Malaria cases,Costa Rica,0.97139896400000,0.97139896400000,0.97139896400000
442CEA8MALARIA_EST_INCIDENCE,MALARIA_EST_INCIDENCE,442CEA8,MALARIA_EST_INCIDENCE,2001,YEAR,204,COUNTRY,PUBLISHED,Malaria cases,Benin,434.26570550000000,325.66782100000000,570.03009900000000
442CEA8MALARIA_EST_INCIDENCE,MALARIA_EST_INCIDENCE,442CEA8,MALARIA_EST_INCIDENCE,2001,YEAR,214,COUNTRY,PUBLISHED,Malaria cases,Dominican Republic,0.27376977400000,0.22692703700000,0.32415174000000
442CEA8MALARIA_EST_INCIDENCE,MALARIA_EST_INCIDENCE,442CEA8,MALARIA_EST_INCIDENCE,2001,YEAR,218,COUNTRY,PUBLISHED,Malaria cases,Ecuador,14.88454341000000,14.88454341000000,14.88454341000000
442CEA8MALARIA_EST_INCIDENCE,MALARIA_EST_INCIDENCE,442CEA8,MALARIA_EST_INCIDENCE,2001,YEAR,222,COUNTRY,PUBLISHED,Malaria cases,El Salvador,0.29879919000000,0.29879919000000,0.29879919000000
442CEA8MALARIA_EST_INCIDENCE,MALARIA_EST_INCIDENCE,442CEA8,MALARIA_EST_INCIDENCE,2001,YEAR,226,COUNTRY,PUBLISHED,Malaria cases,Equatorial Guinea,331.49826300000000,219.14147780000000,478.53651140000000
442CEA8MALARIA_EST_INCIDENCE,MALARIA_EST_INCIDENCE,442CEA8,MALARIA_EST_INCIDENCE,2001,YEAR,231,COUNTRY,PUBLISHED,Malaria cases,Ethiopia,210.89593900000000,77.49931759000000,398.53250240000000
442CEA8MALARIA_EST_INCIDENCE,MALARIA_EST_INCIDENCE,442CEA8,MALARIA_EST_INCIDENCE,2001,YEAR,232,COUNTRY,PUBLISHED,Malaria cases,Eritrea,23.55500117000000,8.38112944300000,46.30429856000000
442CEA8MALARIA_EST_INCIDENCE,MALARIA_EST_INCIDENCE,442CEA8,MALARIA_EST_INCIDENCE,2001,YEAR,254,OVERSEAS DEPARTMENT,PUBLISHED,Malaria cases,French Guiana,48.83960362000000,42.88747801000000,57.84849427000000
442CEA8MALARIA_EST_INCIDENCE,MALARIA_EST_INCIDENCE,442CEA8,MALARIA_EST_INCIDENCE,2001,YEAR,262,COUNTRY,PUBLISHED,Malaria cases,Djibouti,3.07215147400000,2.36678411300000,3.77578999400000
442CEA8MALARIA_EST_INCIDENCE,MALARIA_EST_INCIDENCE,442CEA8,MALARIA_EST_INCIDENCE,2001,YEAR,266,COUNTRY,PUBLISHED,Malaria cases,Gabon,353.68757200000000,243.16342240000000,499.78758590000000
442CEA8MALARIA_EST_INCIDENCE,MALARIA_EST_INCIDENCE,442CEA8,MALARIA_EST_INCIDENCE,2001,YEAR,268,COUNTRY,PUBLISHED,Malaria cases,Georgia,10.40478905000000,10.40478905000000,10.40478905000000
442CEA8MALARIA_EST_INCIDENCE,MALARIA_EST_INCIDENCE,442CEA8,MALARIA_EST_INCIDENCE,2001,YEAR,270,COUNTRY,PUBLISHED,Malaria cases,Gambia,301.45932040000000,222.93451350000000,390.50928390000000
442CEA8MALARIA_EST_INCIDENCE,MALARIA_EST_INCIDENCE,442CEA8,MALARIA_EST_INCIDENCE,2001,YEAR,288,COUNTRY,PUBLISHED,Malaria cases,Ghana,411.17504040000000,320.17677900000000,520.60543460000000
442CEA8MALARIA_EST_INCIDENCE,MALARIA_EST_INCIDENCE,442CEA8,MALARIA_EST_INCIDENCE,2001,YEAR,320,COUNTRY,PUBLISHED,Malaria cases,Guatemala,4.72335190700000,4.14819693700000,5.61458300600000
442CEA8MALARIA_EST_INCIDENCE,MALARIA_EST_INCIDENCE,442CEA8,MALARIA_EST_INCIDENCE,2001,YEAR,324,COUNTRY,PUBLISHED,Malaria cases,Guinea,414.38613300000000,290.67343110000000,574.27667990000000
442CEA8MALARIA_EST_INCIDENCE,MALARIA_EST_INCIDENCE,442CEA8,MALARIA_EST_INCIDENCE,2001,YEAR,328,COUNTRY,PUBLISHED,Malaria cases,Guyana,49.67317526000000,40.67722116000000,59.44498657000000
442CEA8MALARIA_EST_INCIDENCE,MALARIA_EST_INCIDENCE,442CEA8,MALARIA_EST_INCIDENCE,2001,YEAR,332,COUNTRY,PUBLISHED,Malaria cases,Haiti,9.71370616900000,5.56349066000000,15.82485361000000
442CEA8MALARIA_EST_INCIDENCE,MALARIA_EST_INCIDENCE,442CEA8,MALARIA_EST_INCIDENCE,2001,YEAR,340,COUNTRY,PUBLISHED,Malaria cases,Honduras,5.78381707400000,4.20802301400000,7.42482916500000
442CEA8MALARIA_EST_INCIDENCE,MALARIA_EST_INCIDENCE,442CEA8,MALARIA_EST_INCIDENCE,2001,YEAR,356,COUNTRY,PUBLISHED,Malaria cases,India,21.63095643000000,17.05985787000000,27.33998032000000
442CEA8MALARIA_EST_INCIDENCE,MALARIA_EST_INCIDENCE,442CEA8,MALARIA_EST_INCIDENCE,2001,YEAR,360,COUNTRY,PUBLISHED,Malaria cases,Indonesia,5.28387992200000,4.35638130600000,6.50174200000000
442CEA8MALARIA_EST_INCIDENCE,MALARIA_EST_INCIDENCE,442CEA8,MALARIA_EST_INCIDENCE,2001,YEAR,364,COUNTRY,PUBLISHED,Malaria cases,Iran (Islamic Republic of),28.02882018000000,28.02882018000000,28.02882018000000
442CEA8MALARIA_EST_INCIDENCE,MALARIA_EST_INCIDENCE,442CEA8,MALARIA_EST_INCIDENCE,2001,YEAR,368,COUNTRY,PUBLISHED,Malaria cases,Iraq,0.38617476000000,0.38617476000000,0.38617476000000
442CEA8MALARIA_EST_INCIDENCE,MALARIA_EST_INCIDENCE,442CEA8,MALARIA_EST_INCIDENCE,2001,YEAR,384,COUNTRY,PUBLISHED,Malaria cases,Côte d'Ivoire,502.24257080000000,401.04592890000000,622.26320130000000
442CEA8MALARIA_EST_INCIDENCE,MALARIA_EST_INCIDENCE,442CEA8,MALARIA_EST_INCIDENCE,2001,YEAR,404,COUNTRY,PUBLISHED,Malaria cases,Kenya,243.22624530000000,193.87033170000000,301.31624740000000
442CEA8MALARIA_EST_INCIDENCE,MALARIA_EST_INCIDENCE,442CEA8,MALARIA_EST_INCIDENCE,2001,YEAR,408,COUNTRY,PUBLISHED,Malaria cases,Democratic People's Republic of Korea,12.41806723000000,12.41806723000000,12.41806723000000
442CEA8MALARIA_EST_INCIDENCE,MALARIA_EST_INCIDENCE,442CEA8,MALARIA_EST_INCIDENCE,2001,YEAR,410,COUNTRY,PUBLISHED,Malaria cases,Republic of Korea,0.77618202300000,0.77618202300000,0.77618202300000
442CEA8MALARIA_EST_INCIDENCE,MALARIA_EST_INCIDENCE,442CEA8,MALARIA_EST_INCIDENCE,2001,YEAR,417,COUNTRY,PUBLISHED,Malaria cases,Kyrgyzstan,0.00379158900000,0.00379158900000,0.00379158900000
442CEA8MALARIA_EST_INCIDENCE,MALARIA_EST_INCIDENCE,442CEA8,MALARIA_EST_INCIDENCE,2001,YEAR,418,COUNTRY,PUBLISHED,Malaria cases,Lao People's Democratic Republic,21.60927942000000,16.61032361000000,27.53615962000000
442CEA8MALARIA_EST_INCIDENCE,MALARIA_EST_INCIDENCE,442CEA8,MALARIA_EST_INCIDENCE,2001,YEAR,430,COUNTRY,PUBLISHED,Malaria cases,Liberia,406.05179450000000,265.42376520000000,593.30452950000000
442CEA8MALARIA_EST_INCIDENCE,MALARIA_EST_INCIDENCE,442CEA8,MALARIA_EST_INCIDENCE,2001,YEAR,450,COUNTRY,PUBLISHED,Malaria cases,Madagascar,65.25567901000000,8.79944148200000,139.08542440000000
442CEA8MALARIA_EST_INCIDENCE,MALARIA_EST_INCIDENCE,442CEA8,MALARIA_EST_INCIDENCE,2001,YEAR,454,COUNTRY,PUBLISHED,Malaria cases,Malawi,464.47563710000000,368.99153570000000,577.50134820000000
442CEA8MALARIA_EST_INCIDENCE,MALARIA_EST_INCIDENCE,442CEA8,MALARIA_EST_INCIDENCE,2001,YEAR,458,COUNTRY,PUBLISHED,Malaria cases,Malaysia,13.58041615000000,13.58041615000000,13.58041615000000
442CEA8MALARIA_EST_INCIDENCE,MALARIA_EST_INCIDENCE,442CEA8,MALARIA_EST_INCIDENCE,2003,YEAR,104,COUNTRY,PUBLISHED,Malaria cases,Myanmar,34.40252307000000,23.93264197000000,50.68856917000000
442CEA8MALARIA_EST_INCIDENCE,MALARIA_EST_INCIDENCE,442CEA8,MALARIA_EST_INCIDENCE,2003,YEAR,108,COUNTRY,PUBLISHED,Malaria cases,Burundi,343.44783600000000,257.37251380000000,447.79517460000000
442CEA8MALARIA_EST_INCIDENCE,MALARIA_EST_INCIDENCE,442CEA8,MALARIA_EST_INCIDENCE,2003,YEAR,116,COUNTRY,PUBLISHED,Malaria cases,Cambodia,50.07383995000000,39.15393878000000,63.26556243000000
442CEA8MALARIA_EST_INCIDENCE,MALARIA_EST_INCIDENCE,442CEA8,MALARIA_EST_INCIDENCE,2003,YEAR,120,COUNTRY,PUBLISHED,Malaria cases,Cameroon,441.40488380000000,350.65148690000000,545.52207440000000
442CEA8MALARIA_EST_INCIDENCE,MALARIA_EST_INCIDENCE,442CEA8,MALARIA_EST_INCIDENCE,2003,YEAR,132,COUNTRY,PUBLISHED,Malaria cases,Cabo Verde,0.55249067700000,0.55249067700000,0.55249067700000
442CEA8MALARIA_EST_INCIDENCE,MALARIA_EST_INCIDENCE,442CEA8,MALARIA_EST_INCIDENCE,2003,YEAR,140,COUNTRY,PUBLISHED,Malaria cases,Central African Republic,455.23735060000000,276.99238450000000,701.71427070000000
442CEA8MALARIA_EST_INCIDENCE,MALARIA_EST_INCIDENCE,442CEA8,MALARIA_EST_INCIDENCE,2003,YEAR,144,COUNTRY,PUBLISHED,Malaria cases,Sri Lanka,2.29033467900000,2.29033467900000,2.29033467900000
442CEA8MALARIA_EST_INCIDENCE,MALARIA_EST_INCIDENCE,442CEA8,MALARIA_EST_INCIDENCE,2003,YEAR,148,COUNTRY,PUBLISHED,Malaria cases,Chad,240.33686910000000,135.94400800000000,398.56610620000000
442CEA8MALARIA_EST_INCIDENCE,MALARIA_EST_INCIDENCE,442CEA8,MALARIA_EST_INCIDENCE,2003,YEAR,156,COUNTRY,PUBLISHED,Malaria cases,China,0.05262535400000,0.05262535400000,0.05262535400000
442CEA8MALARIA_EST_INCIDENCE,MALARIA_EST_INCIDENCE,442CEA8,MALARIA_EST_INCIDENCE,2003,YEAR,170,COUNTRY,PUBLISHED,Malaria cases,Colombia,28.05033180000000,21.20578669000000,35.09801573000000
442CEA8MALARIA_EST_INCIDENCE,MALARIA_EST_INCIDENCE,442CEA8,MALARIA_EST_INCIDENCE,2003,YEAR,174,COUNTRY,PUBLISHED,Malaria cases,Comoros,62.55561191000000,41.93598773000000,84.08784181000000
442CEA8MALARIA_EST_INCIDENCE,MALARIA_EST_INCIDENCE,442CEA8,MALARIA_EST_INCIDENCE,2003,YEAR,175,OVERSEAS DEPARTMENT,PUBLISHED,Malaria cases,Mayotte,20.96846787000000,20.96846787000000,20.96846787000000
442CEA8MALARIA_EST_INCIDENCE,MALARIA_EST_INCIDENCE,442CEA8,MALARIA_EST_INCIDENCE,2003,YEAR,178,COUNTRY,PUBLISHED,Malaria cases,Congo,327.90926330000000,214.38531410000000,476.29079230000000
442CEA8MALARIA_EST_INCIDENCE,MALARIA_EST_INCIDENCE,442CEA8,MALARIA_EST_INCIDENCE,2003,YEAR,180,COUNTRY,PUBLISHED,Malaria cases,Democratic Republic of the Congo,467.35827120000000,375.32293510000000,577.83313370000000
442CEA8MALARIA_EST_INCIDENCE,MALARIA_EST_INCIDENCE,442CEA8,MALARIA_EST_INCIDENCE,2003,YEAR,188,COUNTRY,PUBLISHED,Malaria cases,Costa Rica,0.49565987000000,0.49565987000000,0.49565987000000
442CEA8MALARIA_EST_INCIDENCE,MALARIA_EST_INCIDENCE,442CEA8,MALARIA_EST_INCIDENCE,2003,YEAR,204,COUNTRY,PUBLISHED,Malaria cases,Benin,473.30264990000000,368.09473120000000,599.60733320000000
442CEA8MALARIA_EST_INCIDENCE,MALARIA_EST_INCIDENCE,442CEA8,MALARIA_EST_INCIDENCE,2003,YEAR,214,COUNTRY,PUBLISHED,Malaria cases,Dominican Republic,0.40087290400000,0.32647995000000,0.47910679900000
442CEA8MALARIA_EST_INCIDENCE,MALARIA_EST_INCIDENCE,442CEA8,MALARIA_EST_INCIDENCE,2003,YEAR,218,COUNTRY,PUBLISHED,Malaria cases,Ecuador,6.87046925400000,6.87046925400000,6.87046925400000
442CEA8MALARIA_EST_INCIDENCE,MALARIA_EST_INCIDENCE,442CEA8,MALARIA_EST_INCIDENCE,2003,YEAR,222,COUNTRY,PUBLISHED,Malaria cases,El Salvador,0.06980286800000,0.06980286800000,0.06980286800000
442CEA8MALARIA_EST_INCIDENCE,MALARIA_EST_INCIDENCE,442CEA8,MALARIA_EST_INCIDENCE,2003,YEAR,226,COUNTRY,PUBLISHED,Malaria cases,Equatorial Guinea,332.78764700000000,229.71592080000000,467.02650310000000
442CEA8MALARIA_EST_INCIDENCE,MALARIA_EST_INCIDENCE,442CEA8,MALARIA_EST_INCIDENCE,2003,YEAR,231,COUNTRY,PUBLISHED,Malaria cases,Ethiopia,208.94006940000000,86.25929940000000,498.12513230000000
442CEA8MALARIA_EST_INCIDENCE,MALARIA_EST_INCIDENCE,442CEA8,MALARIA_EST_INCIDENCE,2003,YEAR,232,COUNTRY,PUBLISHED,Malaria cases,Eritrea,19.84439651000000,9.07668622200000,34.58493574000000
442CEA8MALARIA_EST_INCIDENCE,MALARIA_EST_INCIDENCE,442CEA8,MALARIA_EST_INCIDENCE,2003,YEAR,254,OVERSEAS DEPARTMENT,PUBLISHED,Malaria cases,French Guiana,44.33290693000000,39.09864560000000,51.98936596000000
442CEA8MALARIA_EST_INCIDENCE,MALARIA_EST_INCIDENCE,442CEA8,MALARIA_EST_INCIDENCE,2003,YEAR,262,COUNTRY,PUBLISHED,Malaria cases,Djibouti,3.07176354300000,2.36692985900000,3.77659722700000
442CEA8MALARIA_EST_INCIDENCE,MALARIA_EST_INCIDENCE,442CEA8,MALARIA_EST_INCIDENCE,2003,YEAR,266,COUNTRY,PUBLISHED,Malaria cases,Gabon,259.03878110000000,165.13602930000000,385.92732370000000
442CEA8MALARIA_EST_INCIDENCE,MALARIA_EST_INCIDENCE,442CEA8,MALARIA_EST_INCIDENCE,2003,YEAR,268,COUNTRY,PUBLISHED,Malaria cases,Georgia,7.73486072400000,7.73486072400000,7.73486072400000
442CEA8MALARIA_EST_INCIDENCE,MALARIA_EST_INCIDENCE,442CEA8,MALARIA_EST_INCIDENCE,2003,YEAR,270,COUNTRY,PUBLISHED,Malaria cases,Gambia,285.25156070000000,211.83556970000000,371.48148370000000
442CEA8MALARIA_EST_INCIDENCE,MALARIA_EST_INCIDENCE,442CEA8,MALARIA_EST_INCIDENCE,2003,YEAR,288,COUNTRY,PUBLISHED,Malaria cases,Ghana,365.97933810000000,289.46649020000000,455.46671070000000
442CEA8MALARIA_EST_INCIDENCE,MALARIA_EST_INCIDENCE,442CEA8,MALARIA_EST_INCIDENCE,2003,YEAR,320,COUNTRY,PUBLISHED,Malaria cases,Guatemala,3.89276320400000,3.43738869500000,4.58915379500000
442CEA8MALARIA_EST_INCIDENCE,MALARIA_EST_INCIDENCE,442CEA8,MALARIA_EST_INCIDENCE,2003,YEAR,324,COUNTRY,PUBLISHED,Malaria cases,Guinea,425.17767040000000,300.54996280000000,581.54742520000000
442CEA8MALARIA_EST_INCIDENCE,MALARIA_EST_INCIDENCE,442CEA8,MALARIA_EST_INCIDENCE,2010,YEAR,262,COUNTRY,PUBLISHED,Malaria cases,Djibouti,1.44779412100000,1.44779412100000,1.44779412100000
442CEA8MALARIA_EST_INCIDENCE,MALARIA_EST_INCIDENCE,442CEA8,MALARIA_EST_INCIDENCE,2010,YEAR,266,COUNTRY,PUBLISHED,Malaria cases,Gabon,177.87704830000000,83.94587643000000,337.42431880000000
442CEA8MALARIA_EST_INCIDENCE,MALARIA_EST_INCIDENCE,442CEA8,MALARIA_EST_INCIDENCE,2010,YEAR,268,COUNTRY,PUBLISHED,Malaria cases,Georgia,0.00000000000000,0.00000000000000,0.00000000000000
442CEA8MALARIA_EST_INCIDENCE,MALARIA_EST_INCIDENCE,442CEA8,MALARIA_EST_INCIDENCE,2010,YEAR,270,COUNTRY,PUBLISHED,Malaria cases,Gambia,232.81077990000000,172.65700870000000,301.97722290000000
442CEA8MALARIA_EST_INCIDENCE,MALARIA_EST_INCIDENCE,442CEA8,MALARIA_EST_INCIDENCE,2010,YEAR,288,COUNTRY,PUBLISHED,Malaria cases,Ghana,366.40428650000000,299.39561420000000,442.17805510000000
442CEA8MALARIA_EST_INCIDENCE,MALARIA_EST_INCIDENCE,442CEA8,MALARIA_EST_INCIDENCE,2010,YEAR,320,COUNTRY,PUBLISHED,Malaria cases,Guatemala,0.86494000200000,0.71256147200000,1.10036163400000
442CEA8MALARIA_EST_INCIDENCE,MALARIA_EST_INCIDENCE,442CEA8,MALARIA_EST_INCIDENCE,2010,YEAR,324,COUNTRY,PUBLISHED,Malaria cases,Guinea,415.73799990000000,334.45243000000000,513.74364110000000
442CEA8MALARIA_EST_INCIDENCE,MALARIA_EST_INCIDENCE,442CEA8,MALARIA_EST_INCIDENCE,2011,YEAR,953,WHOREGION,PUBLISHED,Malaria cases,Africa,273.68586580000000,251.92177230000000,301.09702040000000
442CEA8MALARIA_EST_INCIDENCE,MALARIA_EST_INCIDENCE,442CEA8,MALARIA_EST_INCIDENCE,2011,YEAR,954,WHOREGION,PUBLISHED,Malaria cases,Americas,4.49374536700000,4.15705948100000,4.90960035400000
442CEA8MALARIA_EST_INCIDENCE,MALARIA_EST_INCIDENCE,442CEA8,MALARIA_EST_INCIDENCE,2011,YEAR,955,WHOREGION,PUBLISHED,Malaria cases,South-East Asia,10.90496369000000,8.83282057300000,13.52931686000000
442CEA8MALARIA_EST_INCIDENCE,MALARIA_EST_INCIDENCE,442CEA8,MALARIA_EST_INCIDENCE,2011,YEAR,956,WHOREGION,PUBLISHED,Malaria cases,Europe,0.00212698400000,0.00212698400000,0.00212698400000
442CEA8MALARIA_EST_INCIDENCE,MALARIA_EST_INCIDENCE,442CEA8,MALARIA_EST_INCIDENCE,2011,YEAR,957,WHOREGION,PUBLISHED,Malaria cases,Eastern Mediterranean,10.19618539000000,7.72477873000000,14.51673008000000
442CEA8MALARIA_EST_INCIDENCE,MALARIA_EST_INCIDENCE,442CEA8,MALARIA_EST_INCIDENCE,2011,YEAR,958,WHOREGION,PUBLISHED,Malaria cases,Western Pacific,3.34131846000000,2.73623622200000,4.09800068900000
442CEA8MALARIA_EST_INCIDENCE,MALARIA_EST_INCIDENCE,442CEA8,MALARIA_EST_INCIDENCE,2012,YEAR,001,GLOBAL,PUBLISHED,Malaria cases,World,62.74408562000000,58.42825418000000,68.55571925000000
442CEA8MALARIA_EST_INCIDENCE,MALARIA_EST_INCIDENCE,442CEA8,MALARIA_EST_INCIDENCE,2012,YEAR,004,COUNTRY,PUBLISHED,Malaria cases,Afghanistan,9.35178614400000,5.15278953700000,15.09431295000000
442CEA8MALARIA_EST_INCIDENCE,MALARIA_EST_INCIDENCE,442CEA8,MALARIA_EST_INCIDENCE,2012,YEAR,012,COUNTRY,PUBLISHED,Malaria cases,Algeria,0.02487185300000,0.02487185300000,0.02487185300000
442CEA8MALARIA_EST_INCIDENCE,MALARIA_EST_INCIDENCE,442CEA8,MALARIA_EST_INCIDENCE,2012,YEAR,024,COUNTRY,PUBLISHED,Malaria cases,Angola,153.05329060000000,113.46069810000000,201.92778190000000
442CEA8MALARIA_EST_INCIDENCE,MALARIA_EST_INCIDENCE,442CEA8,MALARIA_EST_INCIDENCE,2012,YEAR,031,COUNTRY,PUBLISHED,Malaria cases,Azerbaijan,0.01391130200000,0.01391130200000,0.01391130200000
442CEA8MALARIA_EST_INCIDENCE,MALARIA_EST_INCIDENCE,442CEA8,MALARIA_EST_INCIDENCE,2012,YEAR,032,COUNTRY,PUBLISHED,Malaria cases,Argentina,0.00000000000000,0.00000000000000,0.00000000000000
442CEA8MALARIA_EST_INCIDENCE,MALARIA_EST_INCIDENCE,442CEA8,MALARIA_EST_INCIDENCE,2012,YEAR,050,COUNTRY,PUBLISHED,Malaria cases,Bangladesh,2.11674942700000,1.84700075300000,2.40445382000000
442CEA8MALARIA_EST_INCIDENCE,MALARIA_EST_INCIDENCE,442CEA8,MALARIA_EST_INCIDENCE,2012,YEAR,051,COUNTRY,PUBLISHED,Malaria cases,Armenia,0.00000000000000,0.00000000000000,0.00000000000000
442CEA8MALARIA_EST_INCIDENCE,MALARIA_EST_INCIDENCE,442CEA8,MALARIA_EST_INCIDENCE,2012,YEAR,064,COUNTRY,PUBLISHED,Malaria cases,Bhutan,0.15448787300000,0.15448787300000,0.15448787300000
442CEA8MALARIA_EST_INCIDENCE,MALARIA_EST_INCIDENCE,442CEA8,MALARIA_EST_INCIDENCE,2012,YEAR,068,COUNTRY,PUBLISHED,Malaria cases,Bolivia (Plurinational State of),2.10618721800000,1.64587274900000,2.59061237500000
442CEA8MALARIA_EST_INCIDENCE,MALARIA_EST_INCIDENCE,442CEA8,MALARIA_EST_INCIDENCE,2012,YEAR,072,COUNTRY,PUBLISHED,Malaria cases,Botswana,0.21745817100000,0.16738556600000,0.32117999700000
442CEA8MALARIA_EST_INCIDENCE,MALARIA_EST_INCIDENCE,442CEA8,MALARIA_EST_INCIDENCE,2012,YEAR,076,COUNTRY,PUBLISHED,Malaria cases,Brazil,6.45788842200000,6.20494372100000,6.88783173600000
442CEA8MALARIA_EST_INCIDENCE,MALARIA_EST_INCIDENCE,442CEA8,MALARIA_EST_INCIDENCE,2012,YEAR,084,COUNTRY,PUBLISHED,Malaria cases,Belize,0.14301501700000,0.14301501700000,0.14301501700000
442CEA8MALARIA_EST_INCIDENCE,MALARIA_EST_INCIDENCE,442CEA8,MALARIA_EST_INCIDENCE,2012,YEAR,090,COUNTRY,PUBLISHED,Malaria cases,Solomon Islands,91.95942733000000,68.13086622000000,128.77788930000000
442CEA8MALARIA_EST_INCIDENCE,MALARIA_EST_INCIDENCE,442CEA8,MALARIA_EST_INCIDENCE,2012,YEAR,104,COUNTRY,PUBLISHED,Malaria cases,Myanmar,40.40306568000000,28.87589751000000,58.37651500000000
442CEA8MALARIA_EST_INCIDENCE,MALARIA_EST_INCIDENCE,442CEA8,MALARIA_EST_INCIDENCE,2012,YEAR,108,COUNTRY,PUBLISHED,Malaria cases,Burundi,232.24086280000000,177.58639210000000,298.74988670000000
442CEA8MALARIA_EST_INCIDENCE,MALARIA_EST_INCIDENCE,442CEA8,MALARIA_EST_INCIDENCE,2012,YEAR,116,COUNTRY,PUBLISHED,Malaria cases,Cambodia,24.45663292000000,21.17943179000000,28.29681697000000
442CEA8MALARIA_EST_INCIDENCE,MALARIA_EST_INCIDENCE,442CEA8,MALARIA_EST_INCIDENCE,2012,YEAR,120,COUNTRY,PUBLISHED,Malaria cases,Cameroon,261.13901950000000,193.55446130000000,344.94036120000000
442CEA8MALARIA_EST_INCIDENCE,MALARIA_EST_INCIDENCE,442CEA8,MALARIA_EST_INCIDENCE,2012,YEAR,132,COUNTRY,PUBLISHED,Malaria cases,Cabo Verde,0.00751269600000,0.00751269600000,0.00751269600000
442CEA8MALARIA_EST_INCIDENCE,MALARIA_EST_INCIDENCE,442CEA8,MALARIA_EST_INCIDENCE,2012,YEAR,140,COUNTRY,PUBLISHED,Malaria cases,Central African Republic,434.78878510000000,260.71976350000000,681.95029960000000
442CEA8MALARIA_EST_INCIDENCE,MALARIA_EST_INCIDENCE,442CEA8,MALARIA_EST_INCIDENCE,2012,YEAR,144,COUNTRY,PUBLISHED,Malaria cases,Sri Lanka,0.00472378700000,0.00472378700000,0.00472378700000
442CEA8MALARIA_EST_INCIDENCE,MALARIA_EST_INCIDENCE,442CEA8,MALARIA_EST_INCIDENCE,2012,YEAR,148,COUNTRY,PUBLISHED,Malaria cases,Chad,215.47492610000000,160.47906920000000,284.73308360000000
442CEA8MALARIA_EST_INCIDENCE,MALARIA_EST_INCIDENCE,442CEA8,MALARIA_EST_INCIDENCE,2014,YEAR,834,COUNTRY,PUBLISHED,Malaria cases,United Republic of Tanzania,146.35900400000000,109.12914210000000,192.10861220000000
442CEA8MALARIA_EST_INCIDENCE,MALARIA_EST_INCIDENCE,442CEA8,MALARIA_EST_INCIDENCE,2014,YEAR,854,COUNTRY,PUBLISHED,Malaria cases,Burkina Faso,446.14248330000000,358.46279960000000,548.59896430000000
442CEA8MALARIA_EST_INCIDENCE,MALARIA_EST_INCIDENCE,442CEA8,MALARIA_EST_INCIDENCE,2014,YEAR,860,COUNTRY,PUBLISHED,Malaria cases,Uzbekistan,0.00000000000000,0.00000000000000,0.00000000000000
442CEA8MALARIA_EST_INCIDENCE,MALARIA_EST_INCIDENCE,442CEA8,MALARIA_EST_INCIDENCE,2014,YEAR,862,COUNTRY,PUBLISHED,Malaria cases,Venezuela (Bolivarian Republic of),7.01512040800000,6.25832160500000,8.07100285800000
442CEA8MALARIA_EST_INCIDENCE,MALARIA_EST_INCIDENCE,442CEA8,MALARIA_EST_INCIDENCE,2014,YEAR,887,COUNTRY,PUBLISHED,Malaria cases,Yemen,30.41936164000000,21.15283652000000,44.03397086000000
442CEA8MALARIA_EST_INCIDENCE,MALARIA_EST_INCIDENCE,442CEA8,MALARIA_EST_INCIDENCE,2014,YEAR,894,COUNTRY,PUBLISHED,Malaria cases,Zambia,237.47273960000000,187.98322180000000,296.92604870000000
442CEA8MALARIA_EST_INCIDENCE,MALARIA_EST_INCIDENCE,442CEA8,MALARIA_EST_INCIDENCE,2014,YEAR,953,WHOREGION,PUBLISHED,Malaria cases,Africa,244.12295940000000,225.86915040000000,265.20039670000000
442CEA8MALARIA_EST_INCIDENCE,MALARIA_EST_INCIDENCE,442CEA8,MALARIA_EST_INCIDENCE,2014,YEAR,954,WHOREGION,PUBLISHED,Malaria cases,Americas,3.34863207600000,3.12768891000000,3.60115847800000
442CEA8MALARIA_EST_INCIDENCE,MALARIA_EST_INCIDENCE,442CEA8,MALARIA_EST_INCIDENCE,2014,YEAR,955,WHOREGION,PUBLISHED,Malaria cases,South-East Asia,6.24135409800000,5.12900798500000,7.52555330500000
442CEA8MALARIA_EST_INCIDENCE,MALARIA_EST_INCIDENCE,442CEA8,MALARIA_EST_INCIDENCE,2014,YEAR,956,WHOREGION,PUBLISHED,Malaria cases,Europe,0.00005900000000,0.00005900000000,0.00005900000000
442CEA8MALARIA_EST_INCIDENCE,MALARIA_EST_INCIDENCE,442CEA8,MALARIA_EST_INCIDENCE,2014,YEAR,957,WHOREGION,PUBLISHED,Malaria cases,Eastern Mediterranean,8.26475051100000,6.74680544800000,10.45172371000000
442CEA8MALARIA_EST_INCIDENCE,MALARIA_EST_INCIDENCE,442CEA8,MALARIA_EST_INCIDENCE,2014,YEAR,958,WHOREGION,PUBLISHED,Malaria cases,Western Pacific,3.19072517400000,2.49913292600000,4.10648293600000
442CEA8MALARIA_EST_INCIDENCE,MALARIA_EST_INCIDENCE,442CEA8,MALARIA_EST_INCIDENCE,2015,YEAR,001,GLOBAL,PUBLISHED,Malaria cases,World,59.00762516000000,54.90920186000000,63.83148047000000
442CEA8MALARIA_EST_INCIDENCE,MALARIA_EST_INCIDENCE,442CEA8,MALARIA_EST_INCIDENCE,2015,YEAR,004,COUNTRY,PUBLISHED,Malaria cases,Afghanistan,14.09739894000000,9.66746451200000,19.68083471000000
442CEA8MALARIA_EST_INCIDENCE,MALARIA_EST_INCIDENCE,442CEA8,MALARIA_EST_INCIDENCE,2015,YEAR,012,COUNTRY,PUBLISHED,Malaria cases,Algeria,0.00000000000000,0.00000000000000,0.00000000000000
442CEA8MALARIA_EST_INCIDENCE,MALARIA_EST_INCIDENCE,442CEA8,MALARIA_EST_INCIDENCE,2015,YEAR,024,COUNTRY,PUBLISHED,Malaria cases,Angola,174.47177510000000,133.53456120000000,224.29441040000000
442CEA8MALARIA_EST_INCIDENCE,MALARIA_EST_INCIDENCE,442CEA8,MALARIA_EST_INCIDENCE,2015,YEAR,031,COUNTRY,PUBLISHED,Malaria cases,Azerbaijan,0.00000000000000,0.00000000000000,0.00000000000000
442CEA8MALARIA_EST_INCIDENCE,MALARIA_EST_INCIDENCE,442CEA8,MALARIA_EST_INCIDENCE,2015,YEAR,032,COUNTRY,PUBLISHED,Malaria cases,Argentina,0.00000000000000,0.00000000000000,0.00000000000000
442CEA8MALARIA_EST_INCIDENCE,MALARIA_EST_INCIDENCE,442CEA8,MALARIA_EST_INCIDENCE,2015,YEAR,050,COUNTRY,PUBLISHED,Malaria cases,Bangladesh,2.64764624500000,2.39806346500000,2.92668887700000
442CEA8MALARIA_EST_INCIDENCE,MALARIA_EST_INCIDENCE,442CEA8,MALARIA_EST_INCIDENCE,2015,YEAR,051,COUNTRY,PUBLISHED,Malaria cases,Armenia,0.00000000000000,0.00000000000000,0.00000000000000
442CEA8MALARIA_EST_INCIDENCE,MALARIA_EST_INCIDENCE,442CEA8,MALARIA_EST_INCIDENCE,2015,YEAR,064,COUNTRY,PUBLISHED,Malaria cases,Bhutan,0.06203734300000,0.06203734300000,0.06203734300000
442CEA8MALARIA_EST_INCIDENCE,MALARIA_EST_INCIDENCE,442CEA8,MALARIA_EST_INCIDENCE,2015,YEAR,068,COUNTRY,PUBLISHED,Malaria cases,Bolivia (Plurinational State of),1.86410317600000,1.45965882600000,2.28855436600000
442CEA8MALARIA_EST_INCIDENCE,MALARIA_EST_INCIDENCE,442CEA8,MALARIA_EST_INCIDENCE,2015,YEAR,072,COUNTRY,PUBLISHED,Malaria cases,Botswana,0.31148915800000,0.24029163600000,0.41897003200000
442CEA8MALARIA_EST_INCIDENCE,MALARIA_EST_INCIDENCE,442CEA8,MALARIA_EST_INCIDENCE,2015,YEAR,076,COUNTRY,PUBLISHED,Malaria cases,Brazil,4.02023618300000,3.59441806400000,4.34691197400000
442CEA8MALARIA_EST_INCIDENCE,MALARIA_EST_INCIDENCE,442CEA8,MALARIA_EST_INCIDENCE,2015,YEAR,084,COUNTRY,PUBLISHED,Malaria cases,Belize,0.03660485900000,0.03660485900000,0.03660485900000
442CEA8MALARIA_EST_INCIDENCE,MALARIA_EST_INCIDENCE,442CEA8,MALARIA_EST_INCIDENCE,2015,YEAR,090,COUNTRY,PUBLISHED,Malaria cases,Solomon Islands,62.89058798000000,51.87032005000000,77.25684023000000
442CEA8MALARIA_EST_INCIDENCE,MALARIA_EST_INCIDENCE,442CEA8,MALARIA_EST_INCIDENCE,2015,YEAR,104,COUNTRY,PUBLISHED,Malaria cases,Myanmar,6.10299273100000,4.93822329600000,7.36344971600000
442CEA8MALARIA_EST_INCIDENCE,MALARIA_EST_INCIDENCE,442CEA8,MALARIA_EST_INCIDENCE,2015,YEAR,108,COUNTRY,PUBLISHED,Malaria cases,Burundi,284.99897720000000,219.92174980000000,363.80492610000000
442CEA8MALARIA_EST_INCIDENCE,MALARIA_EST_INCIDENCE,442CEA8,MALARIA_EST_INCIDENCE,2015,YEAR,116,COUNTRY,PUBLISHED,Malaria cases,Cambodia,19.68993949000000,16.97560759000000,23.00671720000000
442CEA8MALARIA_EST_INCIDENCE,MALARIA_EST_INCIDENCE,442CEA8,MALARIA_EST_INCIDENCE,2015,YEAR,120,COUNTRY,PUBLISHED,Malaria cases,Cameroon,271.05560700000000,195.67433400000000,364.92421680000000
442CEA8MALARIA_EST_INCIDENCE,MALARIA_EST_INCIDENCE,442CEA8,MALARIA_EST_INCIDENCE,2015,YEAR,132,COUNTRY,PUBLISHED,Malaria cases,Cabo Verde,0.05254387400000,0.05254387400000,0.05254387400000
442CEA8MALARIA_EST_INCIDENCE,MALARIA_EST_INCIDENCE,442CEA8,MALARIA_EST_INCIDENCE,2015,YEAR,140,COUNTRY,PUBLISHED,Malaria cases,Central African Republic,410.30993750000000,232.43291670000000,672.05848810000000
442CEA8MALARIA_EST_INCIDENCE,MALARIA_EST_INCIDENCE,442CEA8,MALARIA_EST_INCIDENCE,2015,YEAR,144,COUNTRY,PUBLISHED,Malaria cases,Sri Lanka,0.00000000000000,0.00000000000000,0.00000000000000
442CEA8MALARIA_EST_INCIDENCE,MALARIA_EST_INCIDENCE,442CEA8,MALARIA_EST_INCIDENCE,2015,YEAR,148,COUNTRY,PUBLISHED,Malaria cases,Chad,215.02711110000000,132.84294740000000,327.63775940000000
442CEA8MALARIA_EST_INCIDENCE,MALARIA_EST_INCIDENCE,442CEA8,MALARIA_EST_INCIDENCE,2015,YEAR,156,COUNTRY,PUBLISHED,Malaria cases,China,0.00006700000000,0.00006700000000,0.00006700000000
442CEA8MALARIA_EST_INCIDENCE,MALARIA_EST_INCIDENCE,442CEA8,MALARIA_EST_INCIDENCE,2015,YEAR,170,COUNTRY,PUBLISHED,Malaria cases,Colombia,8.15882792800000,6.06467650900000,10.46808848000000
442CEA8MALARIA_EST_INCIDENCE,MALARIA_EST_INCIDENCE,442CEA8,MALARIA_EST_INCIDENCE,2015,YEAR,174,COUNTRY,PUBLISHED,Malaria cases,Comoros,2.59260584400000,2.59260584400000,2.59260584400000
442CEA8MALARIA_EST_INCIDENCE,MALARIA_EST_INCIDENCE,442CEA8,MALARIA_EST_INCIDENCE,2015,YEAR,175,OVERSEAS DEPARTMENT,PUBLISHED,Malaria cases,Mayotte,0.01850926400000,0.01850926400000,0.01850926400000
442CEA8MALARIA_EST_INCIDENCE,MALARIA_EST_INCIDENCE,442CEA8,MALARIA_EST_INCIDENCE,2015,YEAR,178,COUNTRY,PUBLISHED,Malaria cases,Congo,210.61503690000000,131.04086650000000,318.56064540000000
442CEA8MALARIA_EST_INCIDENCE,MALARIA_EST_INCIDENCE,442CEA8,MALARIA_EST_INCIDENCE,2015,YEAR,180,COUNTRY,PUBLISHED,Malaria cases,Democratic Republic of the Congo,303.03949020000000,233.89638680000000,385.03636820000000
442CEA8MALARIA_EST_INCIDENCE,MALARIA_EST_INCIDENCE,442CEA8,MALARIA_EST_INCIDENCE,2015,YEAR,188,COUNTRY,PUBLISHED,Malaria cases,Costa Rica,0.00000000000000,0.00000000000000,0.00000000000000
442CEA8MALARIA_EST_INCIDENCE,MALARIA_EST_INCIDENCE,442CEA8,MALARIA_EST_INCIDENCE,2015,YEAR,204,COUNTRY,PUBLISHED,Malaria cases,Benin,390.76451490000000,310.27600590000000,486.19902940000000
442CEA8MALARIA_EST_INCIDENCE,MALARIA_EST_INCIDENCE,442CEA8,MALARIA_EST_INCIDENCE,2015,YEAR,214,COUNTRY,PUBLISHED,Malaria cases,Dominican Republic,0.13414033300000,0.11517626500000,0.15467024100000
442CEA8MALARIA_EST_INCIDENCE,MALARIA_EST_INCIDENCE,442CEA8,MALARIA_EST_INCIDENCE,2015,YEAR,218,COUNTRY,PUBLISHED,Malaria cases,Ecuador,0.06801858400000,0.06801858400000,0.06801858400000
442CEA8MALARIA_EST_INCIDENCE,MALARIA_EST_INCIDENCE,442CEA8,MALARIA_EST_INCIDENCE,2015,YEAR,222,COUNTRY,PUBLISHED,Malaria cases,El Salvador,0.00398315600000,0.00398315600000,0.00398315600000
442CEA8MALARIA_EST_INCIDENCE,MALARIA_EST_INCIDENCE,442CEA8,MALARIA_EST_INCIDENCE,2015,YEAR,226,COUNTRY,PUBLISHED,Malaria cases,Equatorial Guinea,333.81547720000000,229.63671390000000,471.98204440000000
442CEA8MALARIA_EST_INCIDENCE,MALARIA_EST_INCIDENCE,442CEA8,MALARIA_EST_INCIDENCE,2015,YEAR,231,COUNTRY,PUBLISHED,Malaria cases,Ethiopia,130.06013580000000,49.51826995000000,238.80602320000000
442CEA8MALARIA_EST_INCIDENCE,MALARIA_EST_INCIDENCE,442CEA8,MALARIA_EST_INCIDENCE,2015,YEAR,232,COUNTRY,PUBLISHED,Malaria cases,Eritrea,20.61473248000000,13.24500587000000,28.72362863000000
442CEA8MALARIA_EST_INCIDENCE,MALARIA_EST_INCIDENCE,442CEA8,MALARIA_EST_INCIDENCE,2015,YEAR,254,OVERSEAS DEPARTMENT,PUBLISHED,Malaria cases,French Guiana,3.13490259400000,2.78205641500000,3.59631682900000
442CEA8MALARIA_EST_INCIDENCE,MALARIA_EST_INCIDENCE,442CEA8,MALARIA_EST_INCIDENCE,2015,YEAR,262,COUNTRY,PUBLISHED,Malaria cases,Djibouti,12.38054661000000,12.38054661000000,12.38054661000000
442CEA8MALARIA_EST_INCIDENCE,MALARIA_EST_INCIDENCE,442CEA8,MALARIA_EST_INCIDENCE,2015,YEAR,266,COUNTRY,PUBLISHED,Malaria cases,Gabon,185.36062660000000,108.83787220000000,293.26723470000000
442CEA8MALARIA_EST_INCIDENCE,MALARIA_EST_INCIDENCE,442CEA8,MALARIA_EST_INCIDENCE,2015,YEAR,268,COUNTRY,PUBLISHED,Malaria cases,Georgia,0.00000000000000,0.00000000000000,0.00000000000000
442CEA8MALARIA_EST_INCIDENCE,MALARIA_EST_INCIDENCE,442CEA8,MALARIA_EST_INCIDENCE,2015,YEAR,270,COUNTRY,PUBLISHED,Malaria cases,Gambia,202.50533930000000,155.48479030000000,254.48607320000000
442CEA8MALARIA_EST_INCIDENCE,MALARIA_EST_INCIDENCE,442CEA8,MALARIA_EST_INCIDENCE,2015,YEAR,288,COUNTRY,PUBLISHED,Malaria cases,Ghana,275.98984210000000,216.12485000000000,347.17583080000000
442CEA8MALARIA_EST_INCIDENCE,MALARIA_EST_INCIDENCE,442CEA8,MALARIA_EST_INCIDENCE,2015,YEAR,320,COUNTRY,PUBLISHED,Malaria cases,Guatemala,0.53759570500000,0.47912325600000,0.61953924000000
442CEA8MALARIA_EST_INCIDENCE,MALARIA_EST_INCIDENCE,442CEA8,MALARIA_EST_INCIDENCE,2015,YEAR,324,COUNTRY,PUBLISHED,Malaria cases,Guinea,384.39093160000000,290.81553860000000,503.77258310000000
442CEA8MALARIA_EST_INCIDENCE,MALARIA_EST_INCIDENCE,442CEA8,MALARIA_EST_INCIDENCE,2015,YEAR,328,COUNTRY,PUBLISHED,Malaria cases,Guyana,23.76179688000000,17.81801996000000,32.60492817000000
442CEA8MALARIA_EST_INCIDENCE,MALARIA_EST_INCIDENCE,442CEA8,MALARIA_EST_INCIDENCE,2015,YEAR,332,COUNTRY,PUBLISHED,Malaria cases,Haiti,3.42332652700000,2.27320687800000,4.61983153200000
442CEA8MALARIA_EST_INCIDENCE,MALARIA_EST_INCIDENCE,442CEA8,MALARIA_EST_INCIDENCE,2015,YEAR,340,COUNTRY,PUBLISHED,Malaria cases,Honduras,0.57964778900000,0.44961546000000,0.71302653800000
442CEA8MALARIA_EST_INCIDENCE,MALARIA_EST_INCIDENCE,442CEA8,MALARIA_EST_INCIDENCE,2015,YEAR,356,COUNTRY,PUBLISHED,Malaria cases,India,6.43694560300000,5.23727738300000,7.77036564500000
442CEA8MALARIA_EST_INCIDENCE,MALARIA_EST_INCIDENCE,442CEA8,MALARIA_EST_INCIDENCE,2015,YEAR,360,COUNTRY,PUBLISHED,Malaria cases,Indonesia,3.97019473500000,3.57695774000000,4.42598700900000
442CEA8MALARIA_EST_INCIDENCE,MALARIA_EST_INCIDENCE,442CEA8,MALARIA_EST_INCIDENCE,2001,YEAR,466,COUNTRY,PUBLISHED,Malaria cases,Mali,396.21606330000000,267.92385010000000,571.15472420000000
442CEA8MALARIA_EST_INCIDENCE,MALARIA_EST_INCIDENCE,442CEA8,MALARIA_EST_INCIDENCE,2001,YEAR,478,COUNTRY,PUBLISHED,Malaria cases,Mauritania,93.67360035000000,46.07011120000000,172.80644690000000
442CEA8MALARIA_EST_INCIDENCE,MALARIA_EST_INCIDENCE,442CEA8,MALARIA_EST_INCIDENCE,2001,YEAR,484,COUNTRY,PUBLISHED,Malaria cases,Mexico,2.35427171200000,2.35427171200000,2.35427171200000
442CEA8MALARIA_EST_INCIDENCE,MALARIA_EST_INCIDENCE,442CEA8,MALARIA_EST_INCIDENCE,2001,YEAR,504,COUNTRY,PUBLISHED,Malaria cases,Morocco,0.00000000000000,0.00000000000000,0.00000000000000
442CEA8MALARIA_EST_INCIDENCE,MALARIA_EST_INCIDENCE,442CEA8,MALARIA_EST_INCIDENCE,2001,YEAR,508,COUNTRY,PUBLISHED,Malaria cases,Mozambique,489.94248430000000,404.84732250000000,587.06308900000000
442CEA8MALARIA_EST_INCIDENCE,MALARIA_EST_INCIDENCE,442CEA8,MALARIA_EST_INCIDENCE,2001,YEAR,512,COUNTRY,PUBLISHED,Malaria cases,Oman,0.00086572000000,0.00086572000000,0.00086572000000
442CEA8MALARIA_EST_INCIDENCE,MALARIA_EST_INCIDENCE,442CEA8,MALARIA_EST_INCIDENCE,2001,YEAR,516,COUNTRY,PUBLISHED,Malaria cases,Namibia,69.80992937000000,37.78614561000000,125.43699900000000
442CEA8MALARIA_EST_INCIDENCE,MALARIA_EST_INCIDENCE,442CEA8,MALARIA_EST_INCIDENCE,2001,YEAR,524,COUNTRY,PUBLISHED,Malaria cases,Nepal,7.69893623100000,2.99355187500000,16.59930086000000
442CEA8MALARIA_EST_INCIDENCE,MALARIA_EST_INCIDENCE,442CEA8,MALARIA_EST_INCIDENCE,2001,YEAR,548,COUNTRY,PUBLISHED,Malaria cases,Vanuatu,97.90034078000000,67.43395051000000,143.48626660000000
442CEA8MALARIA_EST_INCIDENCE,MALARIA_EST_INCIDENCE,442CEA8,MALARIA_EST_INCIDENCE,2001,YEAR,558,COUNTRY,PUBLISHED,Malaria cases,Nicaragua,2.96496583000000,2.45952570400000,3.49766019000000
442CEA8MALARIA_EST_INCIDENCE,MALARIA_EST_INCIDENCE,442CEA8,MALARIA_EST_INCIDENCE,2001,YEAR,562,COUNTRY,PUBLISHED,Malaria cases,Niger,350.71393360000000,196.76053240000000,582.72777480000000
442CEA8MALARIA_EST_INCIDENCE,MALARIA_EST_INCIDENCE,442CEA8,MALARIA_EST_INCIDENCE,2001,YEAR,566,COUNTRY,PUBLISHED,Malaria cases,Nigeria,394.49168100000000,306.73396860000000,501.43092150000000
442CEA8MALARIA_EST_INCIDENCE,MALARIA_EST_INCIDENCE,442CEA8,MALARIA_EST_INCIDENCE,2001,YEAR,586,COUNTRY,PUBLISHED,Malaria cases,Pakistan,6.62772102800000,2.79074153000000,15.05884651000000
442CEA8MALARIA_EST_INCIDENCE,MALARIA_EST_INCIDENCE,442CEA8,MALARIA_EST_INCIDENCE,2001,YEAR,591,COUNTRY,PUBLISHED,Malaria cases,Panama,0.47505845800000,0.45706750400000,0.50715043200000
442CEA8MALARIA_EST_INCIDENCE,MALARIA_EST_INCIDENCE,442CEA8,MALARIA_EST_INCIDENCE,2001,YEAR,598,COUNTRY,PUBLISHED,Malaria cases,Papua New Guinea,251.99797150000000,88.95866410000000,450.06156570000000
442CEA8MALARIA_EST_INCIDENCE,MALARIA_EST_INCIDENCE,442CEA8,MALARIA_EST_INCIDENCE,2001,YEAR,600,COUNTRY,PUBLISHED,Malaria cases,Paraguay,14.48949431000000,14.48949431000000,14.48949431000000
442CEA8MALARIA_EST_INCIDENCE,MALARIA_EST_INCIDENCE,442CEA8,MALARIA_EST_INCIDENCE,2001,YEAR,604,COUNTRY,PUBLISHED,Malaria cases,Peru,9.92076381600000,7.84977710500000,12.08514689000000
442CEA8MALARIA_EST_INCIDENCE,MALARIA_EST_INCIDENCE,442CEA8,MALARIA_EST_INCIDENCE,2001,YEAR,608,COUNTRY,PUBLISHED,Malaria cases,Philippines,1.18843938700000,0.88538755500000,1.54293815400000
442CEA8MALARIA_EST_INCIDENCE,MALARIA_EST_INCIDENCE,442CEA8,MALARIA_EST_INCIDENCE,2003,YEAR,356,COUNTRY,PUBLISHED,Malaria cases,India,20.27791195000000,15.84207586000000,25.98778818000000
442CEA8MALARIA_EST_INCIDENCE,MALARIA_EST_INCIDENCE,442CEA8,MALARIA_EST_INCIDENCE,2003,YEAR,360,COUNTRY,PUBLISHED,Malaria cases,Indonesia,5.28387705300000,4.36720152800000,6.48924942500000
442CEA8MALARIA_EST_INCIDENCE,MALARIA_EST_INCIDENCE,442CEA8,MALARIA_EST_INCIDENCE,2003,YEAR,364,COUNTRY,PUBLISHED,Malaria cases,Iran (Islamic Republic of),33.55769696000000,33.55769696000000,33.55769696000000
442CEA8MALARIA_EST_INCIDENCE,MALARIA_EST_INCIDENCE,442CEA8,MALARIA_EST_INCIDENCE,2003,YEAR,368,COUNTRY,PUBLISHED,Malaria cases,Iraq,0.09958830100000,0.09958830100000,0.09958830100000
442CEA8MALARIA_EST_INCIDENCE,MALARIA_EST_INCIDENCE,442CEA8,MALARIA_EST_INCIDENCE,2003,YEAR,384,COUNTRY,PUBLISHED,Malaria cases,Côte d'Ivoire,509.61374060000000,415.20805140000000,620.82117730000000
442CEA8MALARIA_EST_INCIDENCE,MALARIA_EST_INCIDENCE,442CEA8,MALARIA_EST_INCIDENCE,2003,YEAR,404,COUNTRY,PUBLISHED,Malaria cases,Kenya,220.13844380000000,173.68531420000000,274.35797700000000
442CEA8MALARIA_EST_INCIDENCE,MALARIA_EST_INCIDENCE,442CEA8,MALARIA_EST_INCIDENCE,2003,YEAR,408,COUNTRY,PUBLISHED,Malaria cases,Democratic People's Republic of Korea,1.75604762900000,1.75604762900000,1.75604762900000
442CEA8MALARIA_EST_INCIDENCE,MALARIA_EST_INCIDENCE,442CEA8,MALARIA_EST_INCIDENCE,2003,YEAR,410,COUNTRY,PUBLISHED,Malaria cases,Republic of Korea,0.35207551700000,0.35207551700000,0.35207551700000
442CEA8MALARIA_EST_INCIDENCE,MALARIA_EST_INCIDENCE,442CEA8,MALARIA_EST_INCIDENCE,2003,YEAR,417,COUNTRY,PUBLISHED,Malaria cases,Kyrgyzstan,0.11455271800000,0.11455271800000,0.11455271800000
442CEA8MALARIA_EST_INCIDENCE,MALARIA_EST_INCIDENCE,442CEA8,MALARIA_EST_INCIDENCE,2003,YEAR,418,COUNTRY,PUBLISHED,Malaria cases,Lao People's Democratic Republic,15.41733210000000,10.94862463000000,20.80552272000000
442CEA8MALARIA_EST_INCIDENCE,MALARIA_EST_INCIDENCE,442CEA8,MALARIA_EST_INCIDENCE,2003,YEAR,430,COUNTRY,PUBLISHED,Malaria cases,Liberia,423.21444370000000,295.67100930000000,586.13991620000000
442CEA8MALARIA_EST_INCIDENCE,MALARIA_EST_INCIDENCE,442CEA8,MALARIA_EST_INCIDENCE,2003,YEAR,450,COUNTRY,PUBLISHED,Malaria cases,Madagascar,65.29889326000000,1.48643169000000,148.14482910000000
442CEA8MALARIA_EST_INCIDENCE,MALARIA_EST_INCIDENCE,442CEA8,MALARIA_EST_INCIDENCE,2003,YEAR,454,COUNTRY,PUBLISHED,Malaria cases,Malawi,404.31236550000000,323.52394280000000,496.77762290000000
442CEA8MALARIA_EST_INCIDENCE,MALARIA_EST_INCIDENCE,442CEA8,MALARIA_EST_INCIDENCE,2003,YEAR,458,COUNTRY,PUBLISHED,Malaria cases,Malaysia,6.42028233800000,6.42028233800000,6.42028233800000
442CEA8MALARIA_EST_INCIDENCE,MALARIA_EST_INCIDENCE,442CEA8,MALARIA_EST_INCIDENCE,2003,YEAR,466,COUNTRY,PUBLISHED,Malaria cases,Mali,412.35612120000000,275.30981010000000,589.13520430000000
442CEA8MALARIA_EST_INCIDENCE,MALARIA_EST_INCIDENCE,442CEA8,MALARIA_EST_INCIDENCE,2003,YEAR,478,COUNTRY,PUBLISHED,Malaria cases,Mauritania,96.00627541000000,42.07366688000000,197.86898570000000
442CEA8MALARIA_EST_INCIDENCE,MALARIA_EST_INCIDENCE,442CEA8,MALARIA_EST_INCIDENCE,2003,YEAR,484,COUNTRY,PUBLISHED,Malaria cases,Mexico,1.74931200100000,1.74931200100000,1.74931200100000
442CEA8MALARIA_EST_INCIDENCE,MALARIA_EST_INCIDENCE,442CEA8,MALARIA_EST_INCIDENCE,2003,YEAR,504,COUNTRY,PUBLISHED,Malaria cases,Morocco,0.00013526600000,0.00013526600000,0.00013526600000
442CEA8MALARIA_EST_INCIDENCE,MALARIA_EST_INCIDENCE,442CEA8,MALARIA_EST_INCIDENCE,2003,YEAR,508,COUNTRY,PUBLISHED,Malaria cases,Mozambique,483.85175180000000,397.21742840000000,584.29202180000000
442CEA8MALARIA_EST_INCIDENCE,MALARIA_EST_INCIDENCE,442CEA8,MALARIA_EST_INCIDENCE,2003,YEAR,512,COUNTRY,PUBLISHED,Malaria cases,Oman,0.00253829100000,0.00253829100000,0.00253829100000
442CEA8MALARIA_EST_INCIDENCE,MALARIA_EST_INCIDENCE,442CEA8,MALARIA_EST_INCIDENCE,2003,YEAR,516,COUNTRY,PUBLISHED,Malaria cases,Namibia,44.39199835000000,18.69008651000000,91.49542111000000
442CEA8MALARIA_EST_INCIDENCE,MALARIA_EST_INCIDENCE,442CEA8,MALARIA_EST_INCIDENCE,2003,YEAR,524,COUNTRY,PUBLISHED,Malaria cases,Nepal,9.76571322600000,4.06328451900000,20.05075608000000
442CEA8MALARIA_EST_INCIDENCE,MALARIA_EST_INCIDENCE,442CEA8,MALARIA_EST_INCIDENCE,2003,YEAR,548,COUNTRY,PUBLISHED,Malaria cases,Vanuatu,212.64184590000000,139.51461050000000,319.83812880000000
442CEA8MALARIA_EST_INCIDENCE,MALARIA_EST_INCIDENCE,442CEA8,MALARIA_EST_INCIDENCE,2003,YEAR,558,COUNTRY,PUBLISHED,Malaria cases,Nicaragua,1.85513625400000,1.54001714500000,2.18333421700000
442CEA8MALARIA_EST_INCIDENCE,MALARIA_EST_INCIDENCE,442CEA8,MALARIA_EST_INCIDENCE,2003,YEAR,562,COUNTRY,PUBLISHED,Malaria cases,Niger,298.92058940000000,177.07681160000000,475.59812530000000
442CEA8MALARIA_EST_INCIDENCE,MALARIA_EST_INCIDENCE,442CEA8,MALARIA_EST_INCIDENCE,2003,YEAR,566,COUNTRY,PUBLISHED,Malaria cases,Nigeria,382.08798660000000,298.42326160000000,484.06887280000000
442CEA8MALARIA_EST_INCIDENCE,MALARIA_EST_INCIDENCE,442CEA8,MALARIA_EST_INCIDENCE,2003,YEAR,586,COUNTRY,PUBLISHED,Malaria cases,Pakistan,5.62873964600000,2.41725395200000,13.15360448000000
442CEA8MALARIA_EST_INCIDENCE,MALARIA_EST_INCIDENCE,442CEA8,MALARIA_EST_INCIDENCE,2003,YEAR,591,COUNTRY,PUBLISHED,Malaria cases,Panama,2.21741836200000,2.13459855800000,2.36527744600000
442CEA8MALARIA_EST_INCIDENCE,MALARIA_EST_INCIDENCE,442CEA8,MALARIA_EST_INCIDENCE,2003,YEAR,598,COUNTRY,PUBLISHED,Malaria cases,Papua New Guinea,217.70177220000000,68.78091220000000,399.98552820000000
442CEA8MALARIA_EST_INCIDENCE,MALARIA_EST_INCIDENCE,442CEA8,MALARIA_EST_INCIDENCE,2003,YEAR,600,COUNTRY,PUBLISHED,Malaria cases,Paraguay,7.23855416700000,7.23855416700000,7.23855416700000
442CEA8MALARIA_EST_INCIDENCE,MALARIA_EST_INCIDENCE,442CEA8,MALARIA_EST_INCIDENCE,2004,YEAR,953,WHOREGION,PUBLISHED,Malaria cases,Africa,335.89544660000000,306.47589940000000,379.98369770000000
442CEA8MALARIA_EST_INCIDENCE,MALARIA_EST_INCIDENCE,442CEA8,MALARIA_EST_INCIDENCE,2004,YEAR,954,WHOREGION,PUBLISHED,Malaria cases,Americas,9.18865936600000,8.56724223000000,9.88930611400000
442CEA8MALARIA_EST_INCIDENCE,MALARIA_EST_INCIDENCE,442CEA8,MALARIA_EST_INCIDENCE,2004,YEAR,955,WHOREGION,PUBLISHED,Malaria cases,South-East Asia,21.60854382000000,17.00654275000000,27.91768932000000
442CEA8MALARIA_EST_INCIDENCE,MALARIA_EST_INCIDENCE,442CEA8,MALARIA_EST_INCIDENCE,2004,YEAR,956,WHOREGION,PUBLISHED,Malaria cases,Europe,0.32207114900000,0.32207114900000,0.32207114900000
442CEA8MALARIA_EST_INCIDENCE,MALARIA_EST_INCIDENCE,442CEA8,MALARIA_EST_INCIDENCE,2004,YEAR,957,WHOREGION,PUBLISHED,Malaria cases,Eastern Mediterranean,13.75895681000000,11.21067902000000,23.25838693000000
442CEA8MALARIA_EST_INCIDENCE,MALARIA_EST_INCIDENCE,442CEA8,MALARIA_EST_INCIDENCE,2004,YEAR,958,WHOREGION,PUBLISHED,Malaria cases,Western Pacific,4.18408231700000,2.95108643300000,5.70360170700000
442CEA8MALARIA_EST_INCIDENCE,MALARIA_EST_INCIDENCE,442CEA8,MALARIA_EST_INCIDENCE,2005,YEAR,001,GLOBAL,PUBLISHED,Malaria cases,World,76.07828766000000,70.52045867000000,83.68475179000000
442CEA8MALARIA_EST_INCIDENCE,MALARIA_EST_INCIDENCE,442CEA8,MALARIA_EST_INCIDENCE,2005,YEAR,004,COUNTRY,PUBLISHED,Malaria cases,Afghanistan,28.41896717000000,16.69160487000000,45.66593462000000
442CEA8MALARIA_EST_INCIDENCE,MALARIA_EST_INCIDENCE,442CEA8,MALARIA_EST_INCIDENCE,2005,YEAR,012,COUNTRY,PUBLISHED,Malaria cases,Algeria,0.00051418200000,0.00051418200000,0.00051418200000
442CEA8MALARIA_EST_INCIDENCE,MALARIA_EST_INCIDENCE,442CEA8,MALARIA_EST_INCIDENCE,2005,YEAR,024,COUNTRY,PUBLISHED,Malaria cases,Angola,313.87314190000000,229.46787540000000,423.75204890000000
442CEA8MALARIA_EST_INCIDENCE,MALARIA_EST_INCIDENCE,442CEA8,MALARIA_EST_INCIDENCE,2005,YEAR,031,COUNTRY,PUBLISHED,Malaria cases,Azerbaijan,1.22385402800000,1.22385402800000,1.22385402800000
442CEA8MALARIA_EST_INCIDENCE,MALARIA_EST_INCIDENCE,442CEA8,MALARIA_EST_INCIDENCE,2005,YEAR,032,COUNTRY,PUBLISHED,Malaria cases,Argentina,1.17807255100000,1.17807255100000,1.17807255100000
442CEA8MALARIA_EST_INCIDENCE,MALARIA_EST_INCIDENCE,442CEA8,MALARIA_EST_INCIDENCE,2005,YEAR,050,COUNTRY,PUBLISHED,Malaria cases,Bangladesh,6.61673610100000,2.93078545900000,10.57164573000000
442CEA8MALARIA_EST_INCIDENCE,MALARIA_EST_INCIDENCE,442CEA8,MALARIA_EST_INCIDENCE,2005,YEAR,051,COUNTRY,PUBLISHED,Malaria cases,Armenia,0.00232840400000,0.00232840400000,0.00232840400000
442CEA8MALARIA_EST_INCIDENCE,MALARIA_EST_INCIDENCE,442CEA8,MALARIA_EST_INCIDENCE,2005,YEAR,064,COUNTRY,PUBLISHED,Malaria cases,Bhutan,3.72616276700000,3.72616276700000,3.72616276700000
442CEA8MALARIA_EST_INCIDENCE,MALARIA_EST_INCIDENCE,442CEA8,MALARIA_EST_INCIDENCE,2005,YEAR,068,COUNTRY,PUBLISHED,Malaria cases,Bolivia (Plurinational State of),6.42758965600000,5.03003160300000,7.91252746500000
442CEA8MALARIA_EST_INCIDENCE,MALARIA_EST_INCIDENCE,442CEA8,MALARIA_EST_INCIDENCE,2005,YEAR,072,COUNTRY,PUBLISHED,Malaria cases,Botswana,1.20183538100000,0.69191614000000,2.33152784800000
442CEA8MALARIA_EST_INCIDENCE,MALARIA_EST_INCIDENCE,442CEA8,MALARIA_EST_INCIDENCE,2005,YEAR,076,COUNTRY,PUBLISHED,Malaria cases,Brazil,17.55792031000000,16.62457533000000,18.87684146000000
442CEA8MALARIA_EST_INCIDENCE,MALARIA_EST_INCIDENCE,442CEA8,MALARIA_EST_INCIDENCE,2005,YEAR,084,COUNTRY,PUBLISHED,Malaria cases,Belize,8.02532458800000,8.02532458800000,8.02532458800000
442CEA8MALARIA_EST_INCIDENCE,MALARIA_EST_INCIDENCE,442CEA8,MALARIA_EST_INCIDENCE,2005,YEAR,090,COUNTRY,PUBLISHED,Malaria cases,Solomon Islands,598.04620610000000,320.42110910000000,970.90020050000000
442CEA8MALARIA_EST_INCIDENCE,MALARIA_EST_INCIDENCE,442CEA8,MALARIA_EST_INCIDENCE,2005,YEAR,104,COUNTRY,PUBLISHED,Malaria cases,Myanmar,34.40253505000000,24.16967063000000,51.44845225000000
442CEA8MALARIA_EST_INCIDENCE,MALARIA_EST_INCIDENCE,442CEA8,MALARIA_EST_INCIDENCE,2005,YEAR,108,COUNTRY,PUBLISHED,Malaria cases,Burundi,284.48305520000000,209.94550890000000,377.36832300000000
442CEA8MALARIA_EST_INCIDENCE,MALARIA_EST_INCIDENCE,442CEA8,MALARIA_EST_INCIDENCE,2005,YEAR,116,COUNTRY,PUBLISHED,Malaria cases,Cambodia,40.65769687000000,34.42521238000000,48.16381609000000
442CEA8MALARIA_EST_INCIDENCE,MALARIA_EST_INCIDENCE,442CEA8,MALARIA_EST_INCIDENCE,2005,YEAR,120,COUNTRY,PUBLISHED,Malaria cases,Cameroon,435.57843890000000,346.03274750000000,541.67849170000000
442CEA8MALARIA_EST_INCIDENCE,MALARIA_EST_INCIDENCE,442CEA8,MALARIA_EST_INCIDENCE,2005,YEAR,132,COUNTRY,PUBLISHED,Malaria cases,Cabo Verde,0.53912629800000,0.53912629800000,0.53912629800000
442CEA8MALARIA_EST_INCIDENCE,MALARIA_EST_INCIDENCE,442CEA8,MALARIA_EST_INCIDENCE,2005,YEAR,140,COUNTRY,PUBLISHED,Malaria cases,Central African Republic,465.25959420000000,296.27738230000000,700.83832690000000
442CEA8MALARIA_EST_INCIDENCE,MALARIA_EST_INCIDENCE,442CEA8,MALARIA_EST_INCIDENCE,2005,YEAR,144,COUNTRY,PUBLISHED,Malaria cases,Sri Lanka,0.35270334200000,0.35270334200000,0.35270334200000
442CEA8MALARIA_EST_INCIDENCE,MALARIA_EST_INCIDENCE,442CEA8,MALARIA_EST_INCIDENCE,2005,YEAR,148,COUNTRY,PUBLISHED,Malaria cases,Chad,241.26602860000000,139.81736710000000,384.07084860000000
442CEA8MALARIA_EST_INCIDENCE,MALARIA_EST_INCIDENCE,442CEA8,MALARIA_EST_INCIDENCE,2005,YEAR,156,COUNTRY,PUBLISHED,Malaria cases,China,0.04003799800000,0.04003799800000,0.04003799800000
442CEA8MALARIA_EST_INCIDENCE,MALARIA_EST_INCIDENCE,442CEA8,MALARIA_EST_INCIDENCE,2005,YEAR,170,COUNTRY,PUBLISHED,Malaria cases,Colombia,17.89430482000000,13.81577805000000,22.16231776000000
442CEA8MALARIA_EST_INCIDENCE,MALARIA_EST_INCIDENCE,442CEA8,MALARIA_EST_INCIDENCE,2006,YEAR,604,COUNTRY,PUBLISHED,Malaria cases,Peru,7.19604175500000,6.13075718600000,8.33802034000000
442CEA8MALARIA_EST_INCIDENCE,MALARIA_EST_INCIDENCE,442CEA8,MALARIA_EST_INCIDENCE,2006,YEAR,608,COUNTRY,PUBLISHED,Malaria cases,Philippines,1.98254884300000,1.39717546900000,2.63523913600000
442CEA8MALARIA_EST_INCIDENCE,MALARIA_EST_INCIDENCE,442CEA8,MALARIA_EST_INCIDENCE,2006,YEAR,624,COUNTRY,PUBLISHED,Malaria cases,Guinea-Bissau,78.21228261000000,44.87872553000000,128.27373590000000
442CEA8MALARIA_EST_INCIDENCE,MALARIA_EST_INCIDENCE,442CEA8,MALARIA_EST_INCIDENCE,2006,YEAR,626,COUNTRY,PUBLISHED,Malaria cases,Timor-Leste,178.86266490000000,110.36923870000000,254.52262820000000
442CEA8MALARIA_EST_INCIDENCE,MALARIA_EST_INCIDENCE,442CEA8,MALARIA_EST_INCIDENCE,2006,YEAR,646,COUNTRY,PUBLISHED,Malaria cases,Rwanda,150.06076840000000,35.50572541000000,237.97698490000000
442CEA8MALARIA_EST_INCIDENCE,MALARIA_EST_INCIDENCE,442CEA8,MALARIA_EST_INCIDENCE,2006,YEAR,678,COUNTRY,PUBLISHED,Malaria cases,Sao Tome and Principe,31.06775015000000,31.06775015000000,31.06775015000000
442CEA8MALARIA_EST_INCIDENCE,MALARIA_EST_INCIDENCE,442CEA8,MALARIA_EST_INCIDENCE,2006,YEAR,682,COUNTRY,PUBLISHED,Malaria cases,Saudi Arabia,0.55538607200000,0.55538607200000,0.55538607200000
442CEA8MALARIA_EST_INCIDENCE,MALARIA_EST_INCIDENCE,442CEA8,MALARIA_EST_INCIDENCE,2006,YEAR,686,COUNTRY,PUBLISHED,Malaria cases,Senegal,121.53378920000000,38.41200994000000,214.46730570000000
442CEA8MALARIA_EST_INCIDENCE,MALARIA_EST_INCIDENCE,442CEA8,MALARIA_EST_INCIDENCE,2006,YEAR,694,COUNTRY,PUBLISHED,Malaria cases,Sierra Leone,397.64823900000000,278.93017750000000,552.78347760000000
442CEA8MALARIA_EST_INCIDENCE,MALARIA_EST_INCIDENCE,442CEA8,MALARIA_EST_INCIDENCE,2007,YEAR,740,COUNTRY,PUBLISHED,Malaria cases,Suriname,14.07606686000000,14.07606686000000,14.07606686000000
442CEA8MALARIA_EST_INCIDENCE,MALARIA_EST_INCIDENCE,442CEA8,MALARIA_EST_INCIDENCE,2007,YEAR,748,COUNTRY,PUBLISHED,Malaria cases,Eswatini,0.27505181800000,0.27505181800000,0.27505181800000
442CEA8MALARIA_EST_INCIDENCE,MALARIA_EST_INCIDENCE,442CEA8,MALARIA_EST_INCIDENCE,2007,YEAR,760,COUNTRY,PUBLISHED,Malaria cases,Syrian Arab Republic,0.00000000000000,0.00000000000000,0.00000000000000
442CEA8MALARIA_EST_INCIDENCE,MALARIA_EST_INCIDENCE,442CEA8,MALARIA_EST_INCIDENCE,2007,YEAR,762,COUNTRY,PUBLISHED,Malaria cases,Tajikistan,0.26425796600000,0.26425796600000,0.26425796600000
442CEA8MALARIA_EST_INCIDENCE,MALARIA_EST_INCIDENCE,442CEA8,MALARIA_EST_INCIDENCE,2007,YEAR,764,COUNTRY,PUBLISHED,Malaria cases,Thailand,2.60559868400000,2.60559868400000,2.60559868400000
442CEA8MALARIA_EST_INCIDENCE,MALARIA_EST_INCIDENCE,442CEA8,MALARIA_EST_INCIDENCE,2007,YEAR,768,COUNTRY,PUBLISHED,Malaria cases,Togo,447.26472870000000,342.63243930000000,575.82362910000000
442CEA8MALARIA_EST_INCIDENCE,MALARIA_EST_INCIDENCE,442CEA8,MALARIA_EST_INCIDENCE,2007,YEAR,792,COUNTRY,PUBLISHED,Malaria cases,Türkiye,0.06806141100000,0.06806141100000,0.06806141100000
442CEA8MALARIA_EST_INCIDENCE,MALARIA_EST_INCIDENCE,442CEA8,MALARIA_EST_INCIDENCE,2007,YEAR,795,COUNTRY,PUBLISHED,Malaria cases,Turkmenistan,0.00000000000000,0.00000000000000,0.00000000000000
442CEA8MALARIA_EST_INCIDENCE,MALARIA_EST_INCIDENCE,442CEA8,MALARIA_EST_INCIDENCE,2007,YEAR,800,COUNTRY,PUBLISHED,Malaria cases,Uganda,417.90528110000000,333.55100830000000,516.79280780000000
442CEA8MALARIA_EST_INCIDENCE,MALARIA_EST_INCIDENCE,442CEA8,MALARIA_EST_INCIDENCE,2007,YEAR,818,COUNTRY,PUBLISHED,Malaria cases,Egypt,0.00000000000000,0.00000000000000,0.00000000000000
442CEA8MALARIA_EST_INCIDENCE,MALARIA_EST_INCIDENCE,442CEA8,MALARIA_EST_INCIDENCE,2007,YEAR,834,COUNTRY,PUBLISHED,Malaria cases,United Republic of Tanzania,197.88955430000000,149.24284090000000,255.95744240000000
442CEA8MALARIA_EST_INCIDENCE,MALARIA_EST_INCIDENCE,442CEA8,MALARIA_EST_INCIDENCE,2007,YEAR,854,COUNTRY,PUBLISHED,Malaria cases,Burkina Faso,519.26782560000000,409.30660280000000,648.87235390000000
442CEA8MALARIA_EST_INCIDENCE,MALARIA_EST_INCIDENCE,442CEA8,MALARIA_EST_INCIDENCE,2007,YEAR,860,COUNTRY,PUBLISHED,Malaria cases,Uzbekistan,1.10799231800000,1.10799231800000,1.10799231800000
442CEA8MALARIA_EST_INCIDENCE,MALARIA_EST_INCIDENCE,442CEA8,MALARIA_EST_INCIDENCE,2007,YEAR,862,COUNTRY,PUBLISHED,Malaria cases,Venezuela (Bolivarian Republic of),3.53237807100000,3.15015406100000,4.11657057400000
442CEA8MALARIA_EST_INCIDENCE,MALARIA_EST_INCIDENCE,442CEA8,MALARIA_EST_INCIDENCE,2007,YEAR,887,COUNTRY,PUBLISHED,Malaria cases,Yemen,54.46072937000000,27.74746449000000,116.31254970000000
442CEA8MALARIA_EST_INCIDENCE,MALARIA_EST_INCIDENCE,442CEA8,MALARIA_EST_INCIDENCE,2007,YEAR,894,COUNTRY,PUBLISHED,Malaria cases,Zambia,194.65932780000000,151.46681860000000,246.24425940000000
442CEA8MALARIA_EST_INCIDENCE,MALARIA_EST_INCIDENCE,442CEA8,MALARIA_EST_INCIDENCE,2007,YEAR,953,WHOREGION,PUBLISHED,Malaria cases,Africa,303.32326160000000,279.13401930000000,333.81940700000000
442CEA8MALARIA_EST_INCIDENCE,MALARIA_EST_INCIDENCE,442CEA8,MALARIA_EST_INCIDENCE,2007,YEAR,954,WHOREGION,PUBLISHED,Malaria cases,Americas,7.59601321900000,6.96392479400000,8.24363001800000
442CEA8MALARIA_EST_INCIDENCE,MALARIA_EST_INCIDENCE,442CEA8,MALARIA_EST_INCIDENCE,2007,YEAR,955,WHOREGION,PUBLISHED,Malaria cases,South-East Asia,15.07140471000000,11.73984141000000,19.80560119000000
442CEA8MALARIA_EST_INCIDENCE,MALARIA_EST_INCIDENCE,442CEA8,MALARIA_EST_INCIDENCE,2007,YEAR,956,WHOREGION,PUBLISHED,Malaria cases,Europe,0.03891720200000,0.03891720200000,0.03891720200000
442CEA8MALARIA_EST_INCIDENCE,MALARIA_EST_INCIDENCE,442CEA8,MALARIA_EST_INCIDENCE,2007,YEAR,957,WHOREGION,PUBLISHED,Malaria cases,Eastern Mediterranean,11.42775116000000,9.17847718400000,15.38481815000000
442CEA8MALARIA_EST_INCIDENCE,MALARIA_EST_INCIDENCE,442CEA8,MALARIA_EST_INCIDENCE,2007,YEAR,958,WHOREGION,PUBLISHED,Malaria cases,Western Pacific,3.32901386100000,2.38625429100000,4.51059414900000
442CEA8MALARIA_EST_INCIDENCE,MALARIA_EST_INCIDENCE,442CEA8,MALARIA_EST_INCIDENCE,2008,YEAR,001,GLOBAL,PUBLISHED,Malaria cases,World,68.43515298000000,63.73220834000000,74.24364979000000
442CEA8MALARIA_EST_INCIDENCE,MALARIA_EST_INCIDENCE,442CEA8,MALARIA_EST_INCIDENCE,2008,YEAR,004,COUNTRY,PUBLISHED,Malaria cases,Afghanistan,19.70536804000000,10.32556072000000,34.68417852000000
442CEA8MALARIA_EST_INCIDENCE,MALARIA_EST_INCIDENCE,442CEA8,MALARIA_EST_INCIDENCE,2008,YEAR,012,COUNTRY,PUBLISHED,Malaria cases,Algeria,0.00146688700000,0.00146688700000,0.00146688700000
442CEA8MALARIA_EST_INCIDENCE,MALARIA_EST_INCIDENCE,442CEA8,MALARIA_EST_INCIDENCE,2008,YEAR,024,COUNTRY,PUBLISHED,Malaria cases,Angola,228.05703140000000,172.79294170000000,296.19782950000000
442CEA8MALARIA_EST_INCIDENCE,MALARIA_EST_INCIDENCE,442CEA8,MALARIA_EST_INCIDENCE,2008,YEAR,031,COUNTRY,PUBLISHED,Malaria cases,Azerbaijan,0.35005834300000,0.35005834300000,0.35005834300000
442CEA8MALARIA_EST_INCIDENCE,MALARIA_EST_INCIDENCE,442CEA8,MALARIA_EST_INCIDENCE,2008,YEAR,032,COUNTRY,PUBLISHED,Malaria cases,Argentina,0.51949337000000,0.51949337000000,0.51949337000000
442CEA8MALARIA_EST_INCIDENCE,MALARIA_EST_INCIDENCE,442CEA8,MALARIA_EST_INCIDENCE,2008,YEAR,050,COUNTRY,PUBLISHED,Malaria cases,Bangladesh,7.51405436000000,5.96645763100000,9.33156743400000
442CEA8MALARIA_EST_INCIDENCE,MALARIA_EST_INCIDENCE,442CEA8,MALARIA_EST_INCIDENCE,2008,YEAR,051,COUNTRY,PUBLISHED,Malaria cases,Armenia,0.00000000000000,0.00000000000000,0.00000000000000
442CEA8MALARIA_EST_INCIDENCE,MALARIA_EST_INCIDENCE,442CEA8,MALARIA_EST_INCIDENCE,2008,YEAR,064,COUNTRY,PUBLISHED,Malaria cases,Bhutan,0.64776530800000,0.64776530800000,0.64776530800000
442CEA8MALARIA_EST_INCIDENCE,MALARIA_EST_INCIDENCE,442CEA8,MALARIA_EST_INCIDENCE,2008,YEAR,068,COUNTRY,PUBLISHED,Malaria cases,Bolivia (Plurinational State of),2.95589341600000,2.30720235500000,3.61622009000000
442CEA8MALARIA_EST_INCIDENCE,MALARIA_EST_INCIDENCE,442CEA8,MALARIA_EST_INCIDENCE,2008,YEAR,072,COUNTRY,PUBLISHED,Malaria cases,Botswana,1.90053922100000,0.92048908100000,3.76710156600000
442CEA8MALARIA_EST_INCIDENCE,MALARIA_EST_INCIDENCE,442CEA8,MALARIA_EST_INCIDENCE,2008,YEAR,076,COUNTRY,PUBLISHED,Malaria cases,Brazil,8.68670733000000,8.34435191700000,9.27121841900000
442CEA8MALARIA_EST_INCIDENCE,MALARIA_EST_INCIDENCE,442CEA8,MALARIA_EST_INCIDENCE,2008,YEAR,084,COUNTRY,PUBLISHED,Malaria cases,Belize,2.57131837200000,2.57131837200000,2.57131837200000
442CEA8MALARIA_EST_INCIDENCE,MALARIA_EST_INCIDENCE,442CEA8,MALARIA_EST_INCIDENCE,2008,YEAR,090,COUNTRY,PUBLISHED,Malaria cases,Solomon Islands,184.86922820000000,133.03312280000000,264.84126530000000
442CEA8MALARIA_EST_INCIDENCE,MALARIA_EST_INCIDENCE,442CEA8,MALARIA_EST_INCIDENCE,2008,YEAR,104,COUNTRY,PUBLISHED,Malaria cases,Myanmar,37.32908821000000,27.43590914000000,53.57113327000000
442CEA8MALARIA_EST_INCIDENCE,MALARIA_EST_INCIDENCE,442CEA8,MALARIA_EST_INCIDENCE,2008,YEAR,108,COUNTRY,PUBLISHED,Malaria cases,Burundi,288.77484430000000,205.41490010000000,394.87123360000000
442CEA8MALARIA_EST_INCIDENCE,MALARIA_EST_INCIDENCE,442CEA8,MALARIA_EST_INCIDENCE,2008,YEAR,116,COUNTRY,PUBLISHED,Malaria cases,Cambodia,21.49380026000000,16.20544447000000,29.20513359000000
442CEA8MALARIA_EST_INCIDENCE,MALARIA_EST_INCIDENCE,442CEA8,MALARIA_EST_INCIDENCE,2008,YEAR,120,COUNTRY,PUBLISHED,Malaria cases,Cameroon,391.63476190000000,305.43670560000000,494.92717960000000
442CEA8MALARIA_EST_INCIDENCE,MALARIA_EST_INCIDENCE,442CEA8,MALARIA_EST_INCIDENCE,2008,YEAR,132,COUNTRY,PUBLISHED,Malaria cases,Cabo Verde,0.26850374400000,0.26850374400000,0.26850374400000
442CEA8MALARIA_EST_INCIDENCE,MALARIA_EST_INCIDENCE,442CEA8,MALARIA_EST_INCIDENCE,2008,YEAR,140,COUNTRY,PUBLISHED,Malaria cases,Central African Republic,465.74356610000000,312.17751850000000,669.69785260000000
442CEA8MALARIA_EST_INCIDENCE,MALARIA_EST_INCIDENCE,442CEA8,MALARIA_EST_INCIDENCE,2008,YEAR,144,COUNTRY,PUBLISHED,Malaria cases,Sri Lanka,0.13678258700000,0.13678258700000,0.13678258700000
442CEA8MALARIA_EST_INCIDENCE,MALARIA_EST_INCIDENCE,442CEA8,MALARIA_EST_INCIDENCE,2008,YEAR,148,COUNTRY,PUBLISHED,Malaria cases,Chad,237.85551990000000,162.60358240000000,335.50257120000000
442CEA8MALARIA_EST_INCIDENCE,MALARIA_EST_INCIDENCE,442CEA8,MALARIA_EST_INCIDENCE,2008,YEAR,156,COUNTRY,PUBLISHED,Malaria cases,China,0.02984777000000,0.02984777000000,0.02984777000000
442CEA8MALARIA_EST_INCIDENCE,MALARIA_EST_INCIDENCE,442CEA8,MALARIA_EST_INCIDENCE,2008,YEAR,170,COUNTRY,PUBLISHED,Malaria cases,Colombia,11.35102204000000,8.68339612400000,14.12063230000000
442CEA8MALARIA_EST_INCIDENCE,MALARIA_EST_INCIDENCE,442CEA8,MALARIA_EST_INCIDENCE,2008,YEAR,174,COUNTRY,PUBLISHED,Malaria cases,Comoros,56.61147898000000,37.94968116000000,76.09640446000000
442CEA8MALARIA_EST_INCIDENCE,MALARIA_EST_INCIDENCE,442CEA8,MALARIA_EST_INCIDENCE,2008,YEAR,175,OVERSEAS DEPARTMENT,PUBLISHED,Malaria cases,Mayotte,4.58237867100000,4.58237867100000,4.58237867100000
442CEA8MALARIA_EST_INCIDENCE,MALARIA_EST_INCIDENCE,442CEA8,MALARIA_EST_INCIDENCE,2008,YEAR,178,COUNTRY,PUBLISHED,Malaria cases,Congo,226.41428250000000,153.59340920000000,322.85520520000000
442CEA8MALARIA_EST_INCIDENCE,MALARIA_EST_INCIDENCE,442CEA8,MALARIA_EST_INCIDENCE,2008,YEAR,180,COUNTRY,PUBLISHED,Malaria cases,Democratic Republic of the Congo,429.82772210000000,349.35248760000000,522.87059540000000
442CEA8MALARIA_EST_INCIDENCE,MALARIA_EST_INCIDENCE,442CEA8,MALARIA_EST_INCIDENCE,2008,YEAR,188,COUNTRY,PUBLISHED,Malaria cases,Costa Rica,0.62161402100000,0.62161402100000,0.62161402100000
442CEA8MALARIA_EST_INCIDENCE,MALARIA_EST_INCIDENCE,442CEA8,MALARIA_EST_INCIDENCE,2008,YEAR,204,COUNTRY,PUBLISHED,Malaria cases,Benin,473.51260760000000,372.36497380000000,590.82893080000000
442CEA8MALARIA_EST_INCIDENCE,MALARIA_EST_INCIDENCE,442CEA8,MALARIA_EST_INCIDENCE,2008,YEAR,214,COUNTRY,PUBLISHED,Malaria cases,Dominican Republic,0.44850524500000,0.36752776500000,0.53327558100000
442CEA8MALARIA_EST_INCIDENCE,MALARIA_EST_INCIDENCE,442CEA8,MALARIA_EST_INCIDENCE,2008,YEAR,218,COUNTRY,PUBLISHED,Malaria cases,Ecuador,0.59214745400000,0.59214745400000,0.59214745400000
442CEA8MALARIA_EST_INCIDENCE,MALARIA_EST_INCIDENCE,442CEA8,MALARIA_EST_INCIDENCE,2008,YEAR,222,COUNTRY,PUBLISHED,Malaria cases,El Salvador,0.02696195200000,0.02696195200000,0.02696195200000
442CEA8MALARIA_EST_INCIDENCE,MALARIA_EST_INCIDENCE,442CEA8,MALARIA_EST_INCIDENCE,2008,YEAR,226,COUNTRY,PUBLISHED,Malaria cases,Equatorial Guinea,332.62611450000000,238.33227300000000,450.71673900000000
442CEA8MALARIA_EST_INCIDENCE,MALARIA_EST_INCIDENCE,442CEA8,MALARIA_EST_INCIDENCE,2008,YEAR,231,COUNTRY,PUBLISHED,Malaria cases,Ethiopia,96.30427143000000,34.87723006000000,283.27314950000000
442CEA8MALARIA_EST_INCIDENCE,MALARIA_EST_INCIDENCE,442CEA8,MALARIA_EST_INCIDENCE,2008,YEAR,232,COUNTRY,PUBLISHED,Malaria cases,Eritrea,7.37378862600000,4.74092674600000,10.26058941000000
442CEA8MALARIA_EST_INCIDENCE,MALARIA_EST_INCIDENCE,442CEA8,MALARIA_EST_INCIDENCE,2008,YEAR,254,OVERSEAS DEPARTMENT,PUBLISHED,Malaria cases,French Guiana,31.04865141000000,27.65920028000000,35.89300846000000
442CEA8MALARIA_EST_INCIDENCE,MALARIA_EST_INCIDENCE,442CEA8,MALARIA_EST_INCIDENCE,2008,YEAR,262,COUNTRY,PUBLISHED,Malaria cases,Djibouti,3.07254308600000,2.36751618400000,3.77607628600000
442CEA8MALARIA_EST_INCIDENCE,MALARIA_EST_INCIDENCE,442CEA8,MALARIA_EST_INCIDENCE,2008,YEAR,266,COUNTRY,PUBLISHED,Malaria cases,Gabon,124.41457840000000,60.53782258000000,227.99530230000000
442CEA8MALARIA_EST_INCIDENCE,MALARIA_EST_INCIDENCE,442CEA8,MALARIA_EST_INCIDENCE,2008,YEAR,268,COUNTRY,PUBLISHED,Malaria cases,Georgia,0.15224176000000,0.15224176000000,0.15224176000000
442CEA8MALARIA_EST_INCIDENCE,MALARIA_EST_INCIDENCE,442CEA8,MALARIA_EST_INCIDENCE,2008,YEAR,270,COUNTRY,PUBLISHED,Malaria cases,Gambia,246.85783000000000,181.42456040000000,320.48300690000000
442CEA8MALARIA_EST_INCIDENCE,MALARIA_EST_INCIDENCE,442CEA8,MALARIA_EST_INCIDENCE,2008,YEAR,288,COUNTRY,PUBLISHED,Malaria cases,Ghana,314.58086550000000,247.31289400000000,392.75095090000000
442CEA8MALARIA_EST_INCIDENCE,MALARIA_EST_INCIDENCE,442CEA8,MALARIA_EST_INCIDENCE,2008,YEAR,320,COUNTRY,PUBLISHED,Malaria cases,Guatemala,0.80047977500000,0.71312187000000,0.92966538500000
442CEA8MALARIA_EST_INCIDENCE,MALARIA_EST_INCIDENCE,442CEA8,MALARIA_EST_INCIDENCE,2008,YEAR,324,COUNTRY,PUBLISHED,Malaria cases,Guinea,378.78054550000000,276.56054440000000,508.88386590000000
442CEA8MALARIA_EST_INCIDENCE,MALARIA_EST_INCIDENCE,442CEA8,MALARIA_EST_INCIDENCE,2008,YEAR,328,COUNTRY,PUBLISHED,Malaria cases,Guyana,21.68681405000000,17.96165814000000,25.74200974000000
442CEA8MALARIA_EST_INCIDENCE,MALARIA_EST_INCIDENCE,442CEA8,MALARIA_EST_INCIDENCE,2008,YEAR,332,COUNTRY,PUBLISHED,Malaria cases,Haiti,10.51722469000000,6.27805936000000,16.58295248000000
442CEA8MALARIA_EST_INCIDENCE,MALARIA_EST_INCIDENCE,442CEA8,MALARIA_EST_INCIDENCE,2008,YEAR,340,COUNTRY,PUBLISHED,Malaria cases,Honduras,1.61770762200000,1.22488202700000,2.02017801300000
442CEA8MALARIA_EST_INCIDENCE,MALARIA_EST_INCIDENCE,442CEA8,MALARIA_EST_INCIDENCE,2009,YEAR,958,WHOREGION,PUBLISHED,Malaria cases,Western Pacific,3.69789486600000,2.63064127100000,5.00242207500000
442CEA8MALARIA_EST_INCIDENCE,MALARIA_EST_INCIDENCE,442CEA8,MALARIA_EST_INCIDENCE,2010,YEAR,001,GLOBAL,PUBLISHED,Malaria cases,World,68.05147165000000,62.97504620000000,74.90093673000000
442CEA8MALARIA_EST_INCIDENCE,MALARIA_EST_INCIDENCE,442CEA8,MALARIA_EST_INCIDENCE,2010,YEAR,004,COUNTRY,PUBLISHED,Malaria cases,Afghanistan,13.37215945000000,7.61100325700000,21.03162056000000
442CEA8MALARIA_EST_INCIDENCE,MALARIA_EST_INCIDENCE,442CEA8,MALARIA_EST_INCIDENCE,2010,YEAR,012,COUNTRY,PUBLISHED,Malaria cases,Algeria,0.00047043400000,0.00047043400000,0.00047043400000
442CEA8MALARIA_EST_INCIDENCE,MALARIA_EST_INCIDENCE,442CEA8,MALARIA_EST_INCIDENCE,2010,YEAR,024,COUNTRY,PUBLISHED,Malaria cases,Angola,170.36178640000000,129.14487550000000,219.71942800000000
442CEA8MALARIA_EST_INCIDENCE,MALARIA_EST_INCIDENCE,442CEA8,MALARIA_EST_INCIDENCE,2010,YEAR,031,COUNTRY,PUBLISHED,Malaria cases,Azerbaijan,0.23766856600000,0.23766856600000,0.23766856600000
442CEA8MALARIA_EST_INCIDENCE,MALARIA_EST_INCIDENCE,442CEA8,MALARIA_EST_INCIDENCE,2010,YEAR,032,COUNTRY,PUBLISHED,Malaria cases,Argentina,0.26157341300000,0.26157341300000,0.26157341300000
442CEA8MALARIA_EST_INCIDENCE,MALARIA_EST_INCIDENCE,442CEA8,MALARIA_EST_INCIDENCE,2010,YEAR,050,COUNTRY,PUBLISHED,Malaria cases,Bangladesh,4.22530308300000,3.59990860100000,4.89391110000000
442CEA8MALARIA_EST_INCIDENCE,MALARIA_EST_INCIDENCE,442CEA8,MALARIA_EST_INCIDENCE,2010,YEAR,051,COUNTRY,PUBLISHED,Malaria cases,Armenia,0.00000000000000,0.00000000000000,0.00000000000000
442CEA8MALARIA_EST_INCIDENCE,MALARIA_EST_INCIDENCE,442CEA8,MALARIA_EST_INCIDENCE,2010,YEAR,064,COUNTRY,PUBLISHED,Malaria cases,Bhutan,0.83974214500000,0.83974214500000,0.83974214500000
442CEA8MALARIA_EST_INCIDENCE,MALARIA_EST_INCIDENCE,442CEA8,MALARIA_EST_INCIDENCE,2010,YEAR,068,COUNTRY,PUBLISHED,Malaria cases,Bolivia (Plurinational State of),4.03924818300000,3.15818595600000,4.97035452900000
442CEA8MALARIA_EST_INCIDENCE,MALARIA_EST_INCIDENCE,442CEA8,MALARIA_EST_INCIDENCE,2010,YEAR,072,COUNTRY,PUBLISHED,Malaria cases,Botswana,1.65367001200000,0.98522825300000,2.95134471000000
442CEA8MALARIA_EST_INCIDENCE,MALARIA_EST_INCIDENCE,442CEA8,MALARIA_EST_INCIDENCE,2010,YEAR,076,COUNTRY,PUBLISHED,Malaria cases,Brazil,9.91885073700000,8.85568466900000,10.73186670000000
442CEA8MALARIA_EST_INCIDENCE,MALARIA_EST_INCIDENCE,442CEA8,MALARIA_EST_INCIDENCE,2010,YEAR,084,COUNTRY,PUBLISHED,Malaria cases,Belize,0.67882825200000,0.67882825200000,0.67882825200000
442CEA8MALARIA_EST_INCIDENCE,MALARIA_EST_INCIDENCE,442CEA8,MALARIA_EST_INCIDENCE,2000,YEAR,686,COUNTRY,PUBLISHED,Malaria cases,Senegal,230.36718540000000,156.35084510000000,327.36337130000000
442CEA8MALARIA_EST_INCIDENCE,MALARIA_EST_INCIDENCE,442CEA8,MALARIA_EST_INCIDENCE,2000,YEAR,694,COUNTRY,PUBLISHED,Malaria cases,Sierra Leone,424.57734190000000,284.93988850000000,625.66311210000000
442CEA8MALARIA_EST_INCIDENCE,MALARIA_EST_INCIDENCE,442CEA8,MALARIA_EST_INCIDENCE,2000,YEAR,704,COUNTRY,PUBLISHED,Malaria cases,Viet Nam,3.54217605700000,2.78600613100000,4.71816007800000
442CEA8MALARIA_EST_INCIDENCE,MALARIA_EST_INCIDENCE,442CEA8,MALARIA_EST_INCIDENCE,2000,YEAR,072,COUNTRY,PUBLISHED,Malaria cases,Botswana,17.22551887000000,11.75824205000000,30.61872848000000
442CEA8MALARIA_EST_INCIDENCE,MALARIA_EST_INCIDENCE,442CEA8,MALARIA_EST_INCIDENCE,2000,YEAR,076,COUNTRY,PUBLISHED,Malaria cases,Brazil,21.53558919000000,18.20435971000000,25.10045092000000
442CEA8MALARIA_EST_INCIDENCE,MALARIA_EST_INCIDENCE,442CEA8,MALARIA_EST_INCIDENCE,2000,YEAR,084,COUNTRY,PUBLISHED,Malaria cases,Belize,8.94367172000000,8.94367172000000,8.94367172000000
442CEA8MALARIA_EST_INCIDENCE,MALARIA_EST_INCIDENCE,442CEA8,MALARIA_EST_INCIDENCE,2000,YEAR,090,COUNTRY,PUBLISHED,Malaria cases,Solomon Islands,583.81797170000000,303.87202340000000,955.22113730000000
442CEA8MALARIA_EST_INCIDENCE,MALARIA_EST_INCIDENCE,442CEA8,MALARIA_EST_INCIDENCE,2000,YEAR,104,COUNTRY,PUBLISHED,Malaria cases,Myanmar,34.40253775000000,23.92336942000000,50.75388900000000
442CEA8MALARIA_EST_INCIDENCE,MALARIA_EST_INCIDENCE,442CEA8,MALARIA_EST_INCIDENCE,2000,YEAR,108,COUNTRY,PUBLISHED,Malaria cases,Burundi,427.48137500000000,302.28963800000000,579.13102440000000
442CEA8MALARIA_EST_INCIDENCE,MALARIA_EST_INCIDENCE,442CEA8,MALARIA_EST_INCIDENCE,2000,YEAR,116,COUNTRY,PUBLISHED,Malaria cases,Cambodia,75.47313893000000,46.85473506000000,110.39728610000000
442CEA8MALARIA_EST_INCIDENCE,MALARIA_EST_INCIDENCE,442CEA8,MALARIA_EST_INCIDENCE,2000,YEAR,120,COUNTRY,PUBLISHED,Malaria cases,Cameroon,394.84756240000000,304.05536090000000,500.85136550000000
442CEA8MALARIA_EST_INCIDENCE,MALARIA_EST_INCIDENCE,442CEA8,MALARIA_EST_INCIDENCE,2000,YEAR,132,COUNTRY,PUBLISHED,Malaria cases,Cabo Verde,1.22176783000000,1.22176783000000,1.22176783000000
442CEA8MALARIA_EST_INCIDENCE,MALARIA_EST_INCIDENCE,442CEA8,MALARIA_EST_INCIDENCE,2000,YEAR,140,COUNTRY,PUBLISHED,Malaria cases,Central African Republic,438.11994320000000,272.29623000000000,669.84507420000000
442CEA8MALARIA_EST_INCIDENCE,MALARIA_EST_INCIDENCE,442CEA8,MALARIA_EST_INCIDENCE,2002,YEAR,140,COUNTRY,PUBLISHED,Malaria cases,Central African Republic,447.84685870000000,273.58752710000000,693.91829590000000
442CEA8MALARIA_EST_INCIDENCE,MALARIA_EST_INCIDENCE,442CEA8,MALARIA_EST_INCIDENCE,2002,YEAR,144,COUNTRY,PUBLISHED,Malaria cases,Sri Lanka,9.09068557600000,9.09068557600000,9.09068557600000
442CEA8MALARIA_EST_INCIDENCE,MALARIA_EST_INCIDENCE,442CEA8,MALARIA_EST_INCIDENCE,2002,YEAR,148,COUNTRY,PUBLISHED,Malaria cases,Chad,243.17524680000000,138.27982330000000,405.94185910000000
442CEA8MALARIA_EST_INCIDENCE,MALARIA_EST_INCIDENCE,442CEA8,MALARIA_EST_INCIDENCE,2002,YEAR,156,COUNTRY,PUBLISHED,Malaria cases,China,0.04741789400000,0.04741789400000,0.04741789400000
442CEA8MALARIA_EST_INCIDENCE,MALARIA_EST_INCIDENCE,442CEA8,MALARIA_EST_INCIDENCE,2002,YEAR,170,COUNTRY,PUBLISHED,Malaria cases,Colombia,32.64437445000000,24.47395010000000,41.33329338000000
442CEA8MALARIA_EST_INCIDENCE,MALARIA_EST_INCIDENCE,442CEA8,MALARIA_EST_INCIDENCE,2002,YEAR,174,COUNTRY,PUBLISHED,Malaria cases,Comoros,63.81022073000000,42.77691203000000,85.77389014000000
442CEA8MALARIA_EST_INCIDENCE,MALARIA_EST_INCIDENCE,442CEA8,MALARIA_EST_INCIDENCE,2002,YEAR,178,COUNTRY,PUBLISHED,Malaria cases,Congo,327.04124720000000,214.78560150000000,477.89832640000000
442CEA8MALARIA_EST_INCIDENCE,MALARIA_EST_INCIDENCE,442CEA8,MALARIA_EST_INCIDENCE,2002,YEAR,180,COUNTRY,PUBLISHED,Malaria cases,Democratic Republic of the Congo,460.70393660000000,366.48837140000000,566.85507660000000
442CEA8MALARIA_EST_INCIDENCE,MALARIA_EST_INCIDENCE,442CEA8,MALARIA_EST_INCIDENCE,2002,YEAR,188,COUNTRY,PUBLISHED,Malaria cases,Costa Rica,0.71573982700000,0.71573982700000,0.71573982700000
442CEA8MALARIA_EST_INCIDENCE,MALARIA_EST_INCIDENCE,442CEA8,MALARIA_EST_INCIDENCE,2002,YEAR,204,COUNTRY,PUBLISHED,Malaria cases,Benin,453.46316930000000,342.68142250000000,589.41200140000000
442CEA8MALARIA_EST_INCIDENCE,MALARIA_EST_INCIDENCE,442CEA8,MALARIA_EST_INCIDENCE,2002,YEAR,214,COUNTRY,PUBLISHED,Malaria cases,Dominican Republic,0.34557099000000,0.27994326500000,0.41325470900000
442CEA8MALARIA_EST_INCIDENCE,MALARIA_EST_INCIDENCE,442CEA8,MALARIA_EST_INCIDENCE,2002,YEAR,218,COUNTRY,PUBLISHED,Malaria cases,Ecuador,11.65216051000000,11.65216051000000,11.65216051000000
442CEA8MALARIA_EST_INCIDENCE,MALARIA_EST_INCIDENCE,442CEA8,MALARIA_EST_INCIDENCE,2002,YEAR,222,COUNTRY,PUBLISHED,Malaria cases,El Salvador,0.09627371400000,0.09627371400000,0.09627371400000
442CEA8MALARIA_EST_INCIDENCE,MALARIA_EST_INCIDENCE,442CEA8,MALARIA_EST_INCIDENCE,2002,YEAR,226,COUNTRY,PUBLISHED,Malaria cases,Equatorial Guinea,325.04132430000000,219.14485990000000,465.93976870000000
442CEA8MALARIA_EST_INCIDENCE,MALARIA_EST_INCIDENCE,442CEA8,MALARIA_EST_INCIDENCE,2002,YEAR,231,COUNTRY,PUBLISHED,Malaria cases,Ethiopia,193.54595940000000,69.42656566000000,376.41310480000000
442CEA8MALARIA_EST_INCIDENCE,MALARIA_EST_INCIDENCE,442CEA8,MALARIA_EST_INCIDENCE,2002,YEAR,232,COUNTRY,PUBLISHED,Malaria cases,Eritrea,13.71638185000000,5.09006977900000,26.65560444000000
442CEA8MALARIA_EST_INCIDENCE,MALARIA_EST_INCIDENCE,442CEA8,MALARIA_EST_INCIDENCE,2002,YEAR,254,OVERSEAS DEPARTMENT,PUBLISHED,Malaria cases,French Guiana,44.47217421000000,39.12283034000000,52.44095777000000
442CEA8MALARIA_EST_INCIDENCE,MALARIA_EST_INCIDENCE,442CEA8,MALARIA_EST_INCIDENCE,2002,YEAR,262,COUNTRY,PUBLISHED,Malaria cases,Djibouti,3.07232793000000,2.36668141700000,3.77629832300000
442CEA8MALARIA_EST_INCIDENCE,MALARIA_EST_INCIDENCE,442CEA8,MALARIA_EST_INCIDENCE,2004,YEAR,064,COUNTRY,PUBLISHED,Malaria cases,Bhutan,5.54630018200000,5.54630018200000,5.54630018200000
442CEA8MALARIA_EST_INCIDENCE,MALARIA_EST_INCIDENCE,442CEA8,MALARIA_EST_INCIDENCE,2004,YEAR,068,COUNTRY,PUBLISHED,Malaria cases,Bolivia (Plurinational State of),4.83893988800000,3.77898191200000,5.94509960900000
442CEA8MALARIA_EST_INCIDENCE,MALARIA_EST_INCIDENCE,442CEA8,MALARIA_EST_INCIDENCE,2004,YEAR,072,COUNTRY,PUBLISHED,Malaria cases,Botswana,1.01660878300000,0.20782888900000,3.01314329900000
442CEA8MALARIA_EST_INCIDENCE,MALARIA_EST_INCIDENCE,442CEA8,MALARIA_EST_INCIDENCE,2004,YEAR,076,COUNTRY,PUBLISHED,Malaria cases,Brazil,13.93463980000000,12.96152482000000,15.14598353000000
442CEA8MALARIA_EST_INCIDENCE,MALARIA_EST_INCIDENCE,442CEA8,MALARIA_EST_INCIDENCE,2004,YEAR,084,COUNTRY,PUBLISHED,Malaria cases,Belize,5.68639479400000,5.68639479400000,5.68639479400000
442CEA8MALARIA_EST_INCIDENCE,MALARIA_EST_INCIDENCE,442CEA8,MALARIA_EST_INCIDENCE,2004,YEAR,090,COUNTRY,PUBLISHED,Malaria cases,Solomon Islands,718.98038580000000,399.58828510000000,1162.74022900000000
442CEA8MALARIA_EST_INCIDENCE,MALARIA_EST_INCIDENCE,442CEA8,MALARIA_EST_INCIDENCE,2004,YEAR,104,COUNTRY,PUBLISHED,Malaria cases,Myanmar,34.40253157000000,24.02020027000000,50.94795947000000
442CEA8MALARIA_EST_INCIDENCE,MALARIA_EST_INCIDENCE,442CEA8,MALARIA_EST_INCIDENCE,2004,YEAR,108,COUNTRY,PUBLISHED,Malaria cases,Burundi,295.97289220000000,219.00844810000000,390.96213120000000
442CEA8MALARIA_EST_INCIDENCE,MALARIA_EST_INCIDENCE,442CEA8,MALARIA_EST_INCIDENCE,2004,YEAR,116,COUNTRY,PUBLISHED,Malaria cases,Cambodia,42.78171692000000,34.77231849000000,52.69126318000000
442CEA8MALARIA_EST_INCIDENCE,MALARIA_EST_INCIDENCE,442CEA8,MALARIA_EST_INCIDENCE,2004,YEAR,120,COUNTRY,PUBLISHED,Malaria cases,Cameroon,438.73361450000000,347.55342510000000,551.21026250000000
442CEA8MALARIA_EST_INCIDENCE,MALARIA_EST_INCIDENCE,442CEA8,MALARIA_EST_INCIDENCE,2004,YEAR,132,COUNTRY,PUBLISHED,Malaria cases,Cabo Verde,0.36105138200000,0.36105138200000,0.36105138200000
442CEA8MALARIA_EST_INCIDENCE,MALARIA_EST_INCIDENCE,442CEA8,MALARIA_EST_INCIDENCE,2004,YEAR,140,COUNTRY,PUBLISHED,Malaria cases,Central African Republic,461.27170550000000,286.06551400000000,708.13081080000000
442CEA8MALARIA_EST_INCIDENCE,MALARIA_EST_INCIDENCE,442CEA8,MALARIA_EST_INCIDENCE,2004,YEAR,144,COUNTRY,PUBLISHED,Malaria cases,Sri Lanka,0.80516883800000,0.80516883800000,0.80516883800000
442CEA8MALARIA_EST_INCIDENCE,MALARIA_EST_INCIDENCE,442CEA8,MALARIA_EST_INCIDENCE,2004,YEAR,148,COUNTRY,PUBLISHED,Malaria cases,Chad,237.39154340000000,133.53703410000000,394.82002890000000
442CEA8MALARIA_EST_INCIDENCE,MALARIA_EST_INCIDENCE,442CEA8,MALARIA_EST_INCIDENCE,2004,YEAR,156,COUNTRY,PUBLISHED,Malaria cases,China,0.04994267000000,0.04994267000000,0.04994267000000
442CEA8MALARIA_EST_INCIDENCE,MALARIA_EST_INCIDENCE,442CEA8,MALARIA_EST_INCIDENCE,2004,YEAR,170,COUNTRY,PUBLISHED,Malaria cases,Colombia,21.46991457000000,16.43914828000000,26.74325086000000
442CEA8MALARIA_EST_INCIDENCE,MALARIA_EST_INCIDENCE,442CEA8,MALARIA_EST_INCIDENCE,2004,YEAR,174,COUNTRY,PUBLISHED,Malaria cases,Comoros,61.30662093000000,41.09839092000000,82.40859371000000
442CEA8MALARIA_EST_INCIDENCE,MALARIA_EST_INCIDENCE,442CEA8,MALARIA_EST_INCIDENCE,2004,YEAR,175,OVERSEAS DEPARTMENT,PUBLISHED,Malaria cases,Mayotte,19.29519308000000,19.29519308000000,19.29519308000000
442CEA8MALARIA_EST_INCIDENCE,MALARIA_EST_INCIDENCE,442CEA8,MALARIA_EST_INCIDENCE,2004,YEAR,178,COUNTRY,PUBLISHED,Malaria cases,Congo,325.79285010000000,209.02793790000000,481.01632310000000
442CEA8MALARIA_EST_INCIDENCE,MALARIA_EST_INCIDENCE,442CEA8,MALARIA_EST_INCIDENCE,2004,YEAR,180,COUNTRY,PUBLISHED,Malaria cases,Democratic Republic of the Congo,467.62179570000000,375.05332710000000,577.43741850000000
442CEA8MALARIA_EST_INCIDENCE,MALARIA_EST_INCIDENCE,442CEA8,MALARIA_EST_INCIDENCE,2004,YEAR,188,COUNTRY,PUBLISHED,Malaria cases,Costa Rica,0.87685464300000,0.87685464300000,0.87685464300000
442CEA8MALARIA_EST_INCIDENCE,MALARIA_EST_INCIDENCE,442CEA8,MALARIA_EST_INCIDENCE,2004,YEAR,204,COUNTRY,PUBLISHED,Malaria cases,Benin,495.55293760000000,392.85774560000000,611.54471010000000
442CEA8MALARIA_EST_INCIDENCE,MALARIA_EST_INCIDENCE,442CEA8,MALARIA_EST_INCIDENCE,2004,YEAR,214,COUNTRY,PUBLISHED,Malaria cases,Dominican Republic,0.60735897300000,0.49509925500000,0.72660252200000
442CEA8MALARIA_EST_INCIDENCE,MALARIA_EST_INCIDENCE,442CEA8,MALARIA_EST_INCIDENCE,2004,YEAR,218,COUNTRY,PUBLISHED,Malaria cases,Ecuador,3.72533843500000,3.72533843500000,3.72533843500000
442CEA8MALARIA_EST_INCIDENCE,MALARIA_EST_INCIDENCE,442CEA8,MALARIA_EST_INCIDENCE,2004,YEAR,222,COUNTRY,PUBLISHED,Malaria cases,El Salvador,0.09188250900000,0.09188250900000,0.09188250900000
442CEA8MALARIA_EST_INCIDENCE,MALARIA_EST_INCIDENCE,442CEA8,MALARIA_EST_INCIDENCE,2004,YEAR,226,COUNTRY,PUBLISHED,Malaria cases,Equatorial Guinea,346.23231500000000,249.53623450000000,469.67308620000000
442CEA8MALARIA_EST_INCIDENCE,MALARIA_EST_INCIDENCE,442CEA8,MALARIA_EST_INCIDENCE,2004,YEAR,231,COUNTRY,PUBLISHED,Malaria cases,Ethiopia,217.88367080000000,78.13944861000000,652.34440830000000
442CEA8MALARIA_EST_INCIDENCE,MALARIA_EST_INCIDENCE,442CEA8,MALARIA_EST_INCIDENCE,2005,YEAR,704,COUNTRY,PUBLISHED,Malaria cases,Viet Nam,0.67943756300000,0.56722218400000,0.84779514300000
442CEA8MALARIA_EST_INCIDENCE,MALARIA_EST_INCIDENCE,442CEA8,MALARIA_EST_INCIDENCE,2005,YEAR,706,COUNTRY,PUBLISHED,Malaria cases,Somalia,131.65727000000000,95.94125098000000,175.09347790000000
442CEA8MALARIA_EST_INCIDENCE,MALARIA_EST_INCIDENCE,442CEA8,MALARIA_EST_INCIDENCE,2005,YEAR,710,COUNTRY,PUBLISHED,Malaria cases,South Africa,1.56698227900000,1.56698227900000,1.56698227900000
442CEA8MALARIA_EST_INCIDENCE,MALARIA_EST_INCIDENCE,442CEA8,MALARIA_EST_INCIDENCE,2005,YEAR,716,COUNTRY,PUBLISHED,Malaria cases,Zimbabwe,102.58844770000000,22.92300518000000,253.02048390000000
442CEA8MALARIA_EST_INCIDENCE,MALARIA_EST_INCIDENCE,442CEA8,MALARIA_EST_INCIDENCE,2005,YEAR,728,COUNTRY,PUBLISHED,Malaria cases,South Sudan,305.85747860000000,210.06323600000000,430.85558470000000
442CEA8MALARIA_EST_INCIDENCE,MALARIA_EST_INCIDENCE,442CEA8,MALARIA_EST_INCIDENCE,2005,YEAR,729,COUNTRY,PUBLISHED,Malaria cases,Sudan,53.24647853000000,36.43987692000000,75.28244354000000
442CEA8MALARIA_EST_INCIDENCE,MALARIA_EST_INCIDENCE,442CEA8,MALARIA_EST_INCIDENCE,2005,YEAR,740,COUNTRY,PUBLISHED,Malaria cases,Suriname,119.04513570000000,119.04513570000000,119.04513570000000
442CEA8MALARIA_EST_INCIDENCE,MALARIA_EST_INCIDENCE,442CEA8,MALARIA_EST_INCIDENCE,2005,YEAR,748,COUNTRY,PUBLISHED,Malaria cases,Eswatini,0.92345577700000,0.92345577700000,0.92345577700000
442CEA8MALARIA_EST_INCIDENCE,MALARIA_EST_INCIDENCE,442CEA8,MALARIA_EST_INCIDENCE,2005,YEAR,760,COUNTRY,PUBLISHED,Malaria cases,Syrian Arab Republic,0.00000000000000,0.00000000000000,0.00000000000000
442CEA8MALARIA_EST_INCIDENCE,MALARIA_EST_INCIDENCE,442CEA8,MALARIA_EST_INCIDENCE,2005,YEAR,762,COUNTRY,PUBLISHED,Malaria cases,Tajikistan,0.99833279700000,0.99833279700000,0.99833279700000
442CEA8MALARIA_EST_INCIDENCE,MALARIA_EST_INCIDENCE,442CEA8,MALARIA_EST_INCIDENCE,2005,YEAR,764,COUNTRY,PUBLISHED,Malaria cases,Thailand,2.37733651600000,2.37733651600000,2.37733651600000
442CEA8MALARIA_EST_INCIDENCE,MALARIA_EST_INCIDENCE,442CEA8,MALARIA_EST_INCIDENCE,2005,YEAR,768,COUNTRY,PUBLISHED,Malaria cases,Togo,481.50601810000000,381.38942820000000,598.54384730000000
442CEA8MALARIA_EST_INCIDENCE,MALARIA_EST_INCIDENCE,442CEA8,MALARIA_EST_INCIDENCE,2005,YEAR,792,COUNTRY,PUBLISHED,Malaria cases,Türkiye,0.46245124500000,0.46245124500000,0.46245124500000
442CEA8MALARIA_EST_INCIDENCE,MALARIA_EST_INCIDENCE,442CEA8,MALARIA_EST_INCIDENCE,2005,YEAR,795,COUNTRY,PUBLISHED,Malaria cases,Turkmenistan,0.00304510400000,0.00304510400000,0.00304510400000
442CEA8MALARIA_EST_INCIDENCE,MALARIA_EST_INCIDENCE,442CEA8,MALARIA_EST_INCIDENCE,2005,YEAR,800,COUNTRY,PUBLISHED,Malaria cases,Uganda,426.27210270000000,325.29826070000000,546.93360190000000
442CEA8MALARIA_EST_INCIDENCE,MALARIA_EST_INCIDENCE,442CEA8,MALARIA_EST_INCIDENCE,2005,YEAR,818,COUNTRY,PUBLISHED,Malaria cases,Egypt,0.00000000000000,0.00000000000000,0.00000000000000
442CEA8MALARIA_EST_INCIDENCE,MALARIA_EST_INCIDENCE,442CEA8,MALARIA_EST_INCIDENCE,2005,YEAR,834,COUNTRY,PUBLISHED,Malaria cases,United Republic of Tanzania,251.67882890000000,194.38707770000000,318.16620180000000
442CEA8MALARIA_EST_INCIDENCE,MALARIA_EST_INCIDENCE,442CEA8,MALARIA_EST_INCIDENCE,2005,YEAR,854,COUNTRY,PUBLISHED,Malaria cases,Burkina Faso,528.51945110000000,417.66700600000000,660.60844960000000
442CEA8MALARIA_EST_INCIDENCE,MALARIA_EST_INCIDENCE,442CEA8,MALARIA_EST_INCIDENCE,2005,YEAR,860,COUNTRY,PUBLISHED,Malaria cases,Uzbekistan,3.87008650800000,3.87008650800000,3.87008650800000
442CEA8MALARIA_EST_INCIDENCE,MALARIA_EST_INCIDENCE,442CEA8,MALARIA_EST_INCIDENCE,2005,YEAR,862,COUNTRY,PUBLISHED,Malaria cases,Venezuela (Bolivarian Republic of),3.95575238000000,3.50842397800000,4.64522772200000
442CEA8MALARIA_EST_INCIDENCE,MALARIA_EST_INCIDENCE,442CEA8,MALARIA_EST_INCIDENCE,2005,YEAR,887,COUNTRY,PUBLISHED,Malaria cases,Yemen,68.36326764000000,30.29918862000000,326.53636610000000
442CEA8MALARIA_EST_INCIDENCE,MALARIA_EST_INCIDENCE,442CEA8,MALARIA_EST_INCIDENCE,2005,YEAR,894,COUNTRY,PUBLISHED,Malaria cases,Zambia,262.52380890000000,204.49657300000000,333.52985480000000
442CEA8MALARIA_EST_INCIDENCE,MALARIA_EST_INCIDENCE,442CEA8,MALARIA_EST_INCIDENCE,2005,YEAR,953,WHOREGION,PUBLISHED,Malaria cases,Africa,324.28502850000000,299.09012140000000,358.37309170000000
442CEA8MALARIA_EST_INCIDENCE,MALARIA_EST_INCIDENCE,442CEA8,MALARIA_EST_INCIDENCE,2005,YEAR,954,WHOREGION,PUBLISHED,Malaria cases,Americas,10.05804043000000,9.48685486500000,10.71607377000000
442CEA8MALARIA_EST_INCIDENCE,MALARIA_EST_INCIDENCE,442CEA8,MALARIA_EST_INCIDENCE,2005,YEAR,955,WHOREGION,PUBLISHED,Malaria cases,South-East Asia,22.13631652000000,16.87272074000000,29.56210128000000
442CEA8MALARIA_EST_INCIDENCE,MALARIA_EST_INCIDENCE,442CEA8,MALARIA_EST_INCIDENCE,2005,YEAR,956,WHOREGION,PUBLISHED,Malaria cases,Europe,0.16815059700000,0.16815059700000,0.16815059700000
442CEA8MALARIA_EST_INCIDENCE,MALARIA_EST_INCIDENCE,442CEA8,MALARIA_EST_INCIDENCE,2005,YEAR,957,WHOREGION,PUBLISHED,Malaria cases,Eastern Mediterranean,13.93767965000000,11.10945853000000,24.42937584000000
442CEA8MALARIA_EST_INCIDENCE,MALARIA_EST_INCIDENCE,442CEA8,MALARIA_EST_INCIDENCE,2005,YEAR,958,WHOREGION,PUBLISHED,Malaria cases,Western Pacific,3.81776703100000,2.75535757200000,5.12319454800000
442CEA8MALARIA_EST_INCIDENCE,MALARIA_EST_INCIDENCE,442CEA8,MALARIA_EST_INCIDENCE,2006,YEAR,001,GLOBAL,PUBLISHED,Malaria cases,World,72.96763641000000,67.77261906000000,80.20941474000000
442CEA8MALARIA_EST_INCIDENCE,MALARIA_EST_INCIDENCE,442CEA8,MALARIA_EST_INCIDENCE,2006,YEAR,004,COUNTRY,PUBLISHED,Malaria cases,Afghanistan,21.30559806000000,11.24933423000000,36.54535074000000
442CEA8MALARIA_EST_INCIDENCE,MALARIA_EST_INCIDENCE,442CEA8,MALARIA_EST_INCIDENCE,2006,YEAR,012,COUNTRY,PUBLISHED,Malaria cases,Algeria,0.00050631800000,0.00050631800000,0.00050631800000
442CEA8MALARIA_EST_INCIDENCE,MALARIA_EST_INCIDENCE,442CEA8,MALARIA_EST_INCIDENCE,2006,YEAR,024,COUNTRY,PUBLISHED,Malaria cases,Angola,299.90493760000000,228.16224670000000,386.88998410000000
442CEA8MALARIA_EST_INCIDENCE,MALARIA_EST_INCIDENCE,442CEA8,MALARIA_EST_INCIDENCE,2006,YEAR,031,COUNTRY,PUBLISHED,Malaria cases,Azerbaijan,0.70372976800000,0.70372976800000,0.70372976800000
442CEA8MALARIA_EST_INCIDENCE,MALARIA_EST_INCIDENCE,442CEA8,MALARIA_EST_INCIDENCE,2006,YEAR,704,COUNTRY,PUBLISHED,Malaria cases,Viet Nam,0.72031505600000,0.60861420500000,0.88559904100000
442CEA8MALARIA_EST_INCIDENCE,MALARIA_EST_INCIDENCE,442CEA8,MALARIA_EST_INCIDENCE,2006,YEAR,706,COUNTRY,PUBLISHED,Malaria cases,Somalia,118.99338350000000,87.42485195000000,158.76841070000000
442CEA8MALARIA_EST_INCIDENCE,MALARIA_EST_INCIDENCE,442CEA8,MALARIA_EST_INCIDENCE,2006,YEAR,710,COUNTRY,PUBLISHED,Malaria cases,South Africa,2.41968372100000,2.41968372100000,2.41968372100000
442CEA8MALARIA_EST_INCIDENCE,MALARIA_EST_INCIDENCE,442CEA8,MALARIA_EST_INCIDENCE,2006,YEAR,716,COUNTRY,PUBLISHED,Malaria cases,Zimbabwe,102.58850080000000,23.53679702000000,257.51377570000000
442CEA8MALARIA_EST_INCIDENCE,MALARIA_EST_INCIDENCE,442CEA8,MALARIA_EST_INCIDENCE,2006,YEAR,728,COUNTRY,PUBLISHED,Malaria cases,South Sudan,292.75952960000000,211.84362400000000,394.19165690000000
442CEA8MALARIA_EST_INCIDENCE,MALARIA_EST_INCIDENCE,442CEA8,MALARIA_EST_INCIDENCE,2006,YEAR,729,COUNTRY,PUBLISHED,Malaria cases,Sudan,52.20402886000000,36.92580840000000,71.87693747000000
442CEA8MALARIA_EST_INCIDENCE,MALARIA_EST_INCIDENCE,442CEA8,MALARIA_EST_INCIDENCE,2006,YEAR,740,COUNTRY,PUBLISHED,Malaria cases,Suriname,42.41572309000000,42.41572309000000,42.41572309000000
442CEA8MALARIA_EST_INCIDENCE,MALARIA_EST_INCIDENCE,442CEA8,MALARIA_EST_INCIDENCE,2006,YEAR,748,COUNTRY,PUBLISHED,Malaria cases,Eswatini,0.51046956600000,0.51046956600000,0.51046956600000
442CEA8MALARIA_EST_INCIDENCE,MALARIA_EST_INCIDENCE,442CEA8,MALARIA_EST_INCIDENCE,2006,YEAR,760,COUNTRY,PUBLISHED,Malaria cases,Syrian Arab Republic,0.00000000000000,0.00000000000000,0.00000000000000
442CEA8MALARIA_EST_INCIDENCE,MALARIA_EST_INCIDENCE,442CEA8,MALARIA_EST_INCIDENCE,2010,YEAR,458,COUNTRY,PUBLISHED,Malaria cases,Malaysia,4.53137282100000,4.53137282100000,4.53137282100000
442CEA8MALARIA_EST_INCIDENCE,MALARIA_EST_INCIDENCE,442CEA8,MALARIA_EST_INCIDENCE,2012,YEAR,508,COUNTRY,PUBLISHED,Malaria cases,Mozambique,375.23217950000000,306.83496390000000,454.07317170000000
442CEA8MALARIA_EST_INCIDENCE,MALARIA_EST_INCIDENCE,442CEA8,MALARIA_EST_INCIDENCE,2012,YEAR,512,COUNTRY,PUBLISHED,Malaria cases,Oman,0.00000000000000,0.00000000000000,0.00000000000000
442CEA8MALARIA_EST_INCIDENCE,MALARIA_EST_INCIDENCE,442CEA8,MALARIA_EST_INCIDENCE,2012,YEAR,516,COUNTRY,PUBLISHED,Malaria cases,Namibia,3.13202135900000,1.28010466100000,5.39666625700000
442CEA8MALARIA_EST_INCIDENCE,MALARIA_EST_INCIDENCE,442CEA8,MALARIA_EST_INCIDENCE,2012,YEAR,524,COUNTRY,PUBLISHED,Malaria cases,Nepal,1.70848934900000,1.05807350600000,3.44354331800000
442CEA8MALARIA_EST_INCIDENCE,MALARIA_EST_INCIDENCE,442CEA8,MALARIA_EST_INCIDENCE,2012,YEAR,548,COUNTRY,PUBLISHED,Malaria cases,Vanuatu,34.38161707000000,26.00418671000000,46.95891242000000
442CEA8MALARIA_EST_INCIDENCE,MALARIA_EST_INCIDENCE,442CEA8,MALARIA_EST_INCIDENCE,2012,YEAR,558,COUNTRY,PUBLISHED,Malaria cases,Nicaragua,0.30116700300000,0.25033062900000,0.35469924500000
442CEA8MALARIA_EST_INCIDENCE,MALARIA_EST_INCIDENCE,442CEA8,MALARIA_EST_INCIDENCE,2012,YEAR,562,COUNTRY,PUBLISHED,Malaria cases,Niger,427.96954990000000,291.93101480000000,606.12282700000000
442CEA8MALARIA_EST_INCIDENCE,MALARIA_EST_INCIDENCE,442CEA8,MALARIA_EST_INCIDENCE,2012,YEAR,566,COUNTRY,PUBLISHED,Malaria cases,Nigeria,316.22041820000000,255.23952120000000,389.00729030000000
442CEA8MALARIA_EST_INCIDENCE,MALARIA_EST_INCIDENCE,442CEA8,MALARIA_EST_INCIDENCE,2012,YEAR,586,COUNTRY,PUBLISHED,Malaria cases,Pakistan,8.09452893500000,3.82468103700000,16.36085543000000
442CEA8MALARIA_EST_INCIDENCE,MALARIA_EST_INCIDENCE,442CEA8,MALARIA_EST_INCIDENCE,2012,YEAR,591,COUNTRY,PUBLISHED,Malaria cases,Panama,0.35256269000000,0.33946069800000,0.37638449300000
442CEA8MALARIA_EST_INCIDENCE,MALARIA_EST_INCIDENCE,442CEA8,MALARIA_EST_INCIDENCE,2012,YEAR,598,COUNTRY,PUBLISHED,Malaria cases,Papua New Guinea,154.66609090000000,50.49661321000000,317.25566700000000
442CEA8MALARIA_EST_INCIDENCE,MALARIA_EST_INCIDENCE,442CEA8,MALARIA_EST_INCIDENCE,2012,YEAR,600,COUNTRY,PUBLISHED,Malaria cases,Paraguay,0.00000000000000,0.00000000000000,0.00000000000000
442CEA8MALARIA_EST_INCIDENCE,MALARIA_EST_INCIDENCE,442CEA8,MALARIA_EST_INCIDENCE,2012,YEAR,604,COUNTRY,PUBLISHED,Malaria cases,Peru,3.48408579200000,2.85459255800000,4.14821568200000
442CEA8MALARIA_EST_INCIDENCE,MALARIA_EST_INCIDENCE,442CEA8,MALARIA_EST_INCIDENCE,2012,YEAR,608,COUNTRY,PUBLISHED,Malaria cases,Philippines,0.32973573800000,0.23852521900000,0.42921889000000
442CEA8MALARIA_EST_INCIDENCE,MALARIA_EST_INCIDENCE,442CEA8,MALARIA_EST_INCIDENCE,2012,YEAR,624,COUNTRY,PUBLISHED,Malaria cases,Guinea-Bissau,126.55442360000000,63.93074186000000,226.17337180000000
442CEA8MALARIA_EST_INCIDENCE,MALARIA_EST_INCIDENCE,442CEA8,MALARIA_EST_INCIDENCE,2012,YEAR,626,COUNTRY,PUBLISHED,Malaria cases,Timor-Leste,6.80457573300000,5.73934062200000,7.98322043900000
442CEA8MALARIA_EST_INCIDENCE,MALARIA_EST_INCIDENCE,442CEA8,MALARIA_EST_INCIDENCE,2012,YEAR,646,COUNTRY,PUBLISHED,Malaria cases,Rwanda,59.68531014000000,47.15994634000000,72.62751294000000
442CEA8MALARIA_EST_INCIDENCE,MALARIA_EST_INCIDENCE,442CEA8,MALARIA_EST_INCIDENCE,2012,YEAR,678,COUNTRY,PUBLISHED,Malaria cases,Sao Tome and Principe,66.24823822000000,66.24823822000000,66.24823822000000
442CEA8MALARIA_EST_INCIDENCE,MALARIA_EST_INCIDENCE,442CEA8,MALARIA_EST_INCIDENCE,2002,YEAR,001,GLOBAL,PUBLISHED,Malaria cases,World,78.03082229000000,72.79036103000000,84.76984525000000
442CEA8MALARIA_EST_INCIDENCE,MALARIA_EST_INCIDENCE,442CEA8,MALARIA_EST_INCIDENCE,2002,YEAR,004,COUNTRY,PUBLISHED,Malaria cases,Afghanistan,83.78813399000000,55.50926617000000,127.60647560000000
442CEA8MALARIA_EST_INCIDENCE,MALARIA_EST_INCIDENCE,442CEA8,MALARIA_EST_INCIDENCE,2002,YEAR,012,COUNTRY,PUBLISHED,Malaria cases,Algeria,0.00536180400000,0.00536180400000,0.00536180400000
442CEA8MALARIA_EST_INCIDENCE,MALARIA_EST_INCIDENCE,442CEA8,MALARIA_EST_INCIDENCE,2002,YEAR,024,COUNTRY,PUBLISHED,Malaria cases,Angola,315.69719670000000,214.33264020000000,455.72112460000000
442CEA8MALARIA_EST_INCIDENCE,MALARIA_EST_INCIDENCE,442CEA8,MALARIA_EST_INCIDENCE,2002,YEAR,031,COUNTRY,PUBLISHED,Malaria cases,Azerbaijan,2.63706194700000,2.63706194700000,2.63706194700000
442CEA8MALARIA_EST_INCIDENCE,MALARIA_EST_INCIDENCE,442CEA8,MALARIA_EST_INCIDENCE,2002,YEAR,032,COUNTRY,PUBLISHED,Malaria cases,Argentina,0.65738958500000,0.65738958500000,0.65738958500000
442CEA8MALARIA_EST_INCIDENCE,MALARIA_EST_INCIDENCE,442CEA8,MALARIA_EST_INCIDENCE,2002,YEAR,050,COUNTRY,PUBLISHED,Malaria cases,Bangladesh,6.61674719900000,2.86093069600000,10.55261380000000
442CEA8MALARIA_EST_INCIDENCE,MALARIA_EST_INCIDENCE,442CEA8,MALARIA_EST_INCIDENCE,2002,YEAR,051,COUNTRY,PUBLISHED,Malaria cases,Armenia,0.01701776700000,0.01701776700000,0.01701776700000
442CEA8MALARIA_EST_INCIDENCE,MALARIA_EST_INCIDENCE,442CEA8,MALARIA_EST_INCIDENCE,2002,YEAR,064,COUNTRY,PUBLISHED,Malaria cases,Bhutan,14.09118257000000,14.09118257000000,14.09118257000000
442CEA8MALARIA_EST_INCIDENCE,MALARIA_EST_INCIDENCE,442CEA8,MALARIA_EST_INCIDENCE,2002,YEAR,068,COUNTRY,PUBLISHED,Malaria cases,Bolivia (Plurinational State of),4.89570620200000,3.75647254600000,6.07184711400000
442CEA8MALARIA_EST_INCIDENCE,MALARIA_EST_INCIDENCE,442CEA8,MALARIA_EST_INCIDENCE,2002,YEAR,072,COUNTRY,PUBLISHED,Malaria cases,Botswana,3.16924603800000,1.78084222800000,6.34975214900000
442CEA8MALARIA_EST_INCIDENCE,MALARIA_EST_INCIDENCE,442CEA8,MALARIA_EST_INCIDENCE,2002,YEAR,076,COUNTRY,PUBLISHED,Malaria cases,Brazil,11.23737923000000,10.01989391000000,12.59331861000000
442CEA8MALARIA_EST_INCIDENCE,MALARIA_EST_INCIDENCE,442CEA8,MALARIA_EST_INCIDENCE,2002,YEAR,084,COUNTRY,PUBLISHED,Malaria cases,Belize,6.41965524100000,6.41965524100000,6.41965524100000
442CEA8MALARIA_EST_INCIDENCE,MALARIA_EST_INCIDENCE,442CEA8,MALARIA_EST_INCIDENCE,2002,YEAR,090,COUNTRY,PUBLISHED,Malaria cases,Solomon Islands,618.21388060000000,338.32184930000000,1013.30435800000000
442CEA8MALARIA_EST_INCIDENCE,MALARIA_EST_INCIDENCE,442CEA8,MALARIA_EST_INCIDENCE,2002,YEAR,104,COUNTRY,PUBLISHED,Malaria cases,Myanmar,34.40253513000000,24.00830973000000,50.57807393000000
442CEA8MALARIA_EST_INCIDENCE,MALARIA_EST_INCIDENCE,442CEA8,MALARIA_EST_INCIDENCE,2002,YEAR,108,COUNTRY,PUBLISHED,Malaria cases,Burundi,388.12525900000000,288.59975160000000,506.13019720000000
442CEA8MALARIA_EST_INCIDENCE,MALARIA_EST_INCIDENCE,442CEA8,MALARIA_EST_INCIDENCE,2002,YEAR,116,COUNTRY,PUBLISHED,Malaria cases,Cambodia,38.16367182000000,28.04663231000000,50.59158623000000
442CEA8MALARIA_EST_INCIDENCE,MALARIA_EST_INCIDENCE,442CEA8,MALARIA_EST_INCIDENCE,2002,YEAR,120,COUNTRY,PUBLISHED,Malaria cases,Cameroon,437.17396560000000,348.21988480000000,542.53156030000000
442CEA8MALARIA_EST_INCIDENCE,MALARIA_EST_INCIDENCE,442CEA8,MALARIA_EST_INCIDENCE,2002,YEAR,132,COUNTRY,PUBLISHED,Malaria cases,Cabo Verde,0.62586983600000,0.62586983600000,0.62586983600000
442CEA8MALARIA_EST_INCIDENCE,MALARIA_EST_INCIDENCE,442CEA8,MALARIA_EST_INCIDENCE,2003,YEAR,860,COUNTRY,PUBLISHED,Malaria cases,Uzbekistan,2.87814554100000,2.87814554100000,2.87814554100000
442CEA8MALARIA_EST_INCIDENCE,MALARIA_EST_INCIDENCE,442CEA8,MALARIA_EST_INCIDENCE,2003,YEAR,862,COUNTRY,PUBLISHED,Malaria cases,Venezuela (Bolivarian Republic of),2.89734149800000,2.55700814800000,3.40173265800000
442CEA8MALARIA_EST_INCIDENCE,MALARIA_EST_INCIDENCE,442CEA8,MALARIA_EST_INCIDENCE,2003,YEAR,887,COUNTRY,PUBLISHED,Malaria cases,Yemen,86.05801105000000,36.12601697000000,375.73930160000000
442CEA8MALARIA_EST_INCIDENCE,MALARIA_EST_INCIDENCE,442CEA8,MALARIA_EST_INCIDENCE,2003,YEAR,894,COUNTRY,PUBLISHED,Malaria cases,Zambia,348.02521400000000,274.60515430000000,435.46378710000000
442CEA8MALARIA_EST_INCIDENCE,MALARIA_EST_INCIDENCE,442CEA8,MALARIA_EST_INCIDENCE,2003,YEAR,953,WHOREGION,PUBLISHED,Malaria cases,Africa,343.73593510000000,317.30882000000000,376.88305090000000
442CEA8MALARIA_EST_INCIDENCE,MALARIA_EST_INCIDENCE,442CEA8,MALARIA_EST_INCIDENCE,2003,YEAR,954,WHOREGION,PUBLISHED,Malaria cases,Americas,9.42883962700000,8.66701333500000,10.26027411000000
442CEA8MALARIA_EST_INCIDENCE,MALARIA_EST_INCIDENCE,442CEA8,MALARIA_EST_INCIDENCE,2003,YEAR,955,WHOREGION,PUBLISHED,Malaria cases,South-East Asia,20.15747376000000,15.94631066000000,25.59559284000000
442CEA8MALARIA_EST_INCIDENCE,MALARIA_EST_INCIDENCE,442CEA8,MALARIA_EST_INCIDENCE,2003,YEAR,956,WHOREGION,PUBLISHED,Malaria cases,Europe,0.53355052400000,0.53355052400000,0.53355052400000
442CEA8MALARIA_EST_INCIDENCE,MALARIA_EST_INCIDENCE,442CEA8,MALARIA_EST_INCIDENCE,2003,YEAR,957,WHOREGION,PUBLISHED,Malaria cases,Eastern Mediterranean,17.37332776000000,13.81887581000000,29.40352335000000
442CEA8MALARIA_EST_INCIDENCE,MALARIA_EST_INCIDENCE,442CEA8,MALARIA_EST_INCIDENCE,2003,YEAR,958,WHOREGION,PUBLISHED,Malaria cases,Western Pacific,3.95262437200000,2.91239475400000,5.20619886800000
442CEA8MALARIA_EST_INCIDENCE,MALARIA_EST_INCIDENCE,442CEA8,MALARIA_EST_INCIDENCE,2004,YEAR,001,GLOBAL,PUBLISHED,Malaria cases,World,77.51574415000000,71.50441743000000,86.46443101000000
442CEA8MALARIA_EST_INCIDENCE,MALARIA_EST_INCIDENCE,442CEA8,MALARIA_EST_INCIDENCE,2004,YEAR,004,COUNTRY,PUBLISHED,Malaria cases,Afghanistan,39.41327514000000,26.39863434000000,58.92526626000000
442CEA8MALARIA_EST_INCIDENCE,MALARIA_EST_INCIDENCE,442CEA8,MALARIA_EST_INCIDENCE,2004,YEAR,012,COUNTRY,PUBLISHED,Malaria cases,Algeria,0.00104352300000,0.00104352300000,0.00104352300000
442CEA8MALARIA_EST_INCIDENCE,MALARIA_EST_INCIDENCE,442CEA8,MALARIA_EST_INCIDENCE,2004,YEAR,024,COUNTRY,PUBLISHED,Malaria cases,Angola,312.64686830000000,220.43147490000000,432.51356430000000
442CEA8MALARIA_EST_INCIDENCE,MALARIA_EST_INCIDENCE,442CEA8,MALARIA_EST_INCIDENCE,2004,YEAR,031,COUNTRY,PUBLISHED,Malaria cases,Azerbaijan,1.97678051100000,1.97678051100000,1.97678051100000
442CEA8MALARIA_EST_INCIDENCE,MALARIA_EST_INCIDENCE,442CEA8,MALARIA_EST_INCIDENCE,2004,YEAR,032,COUNTRY,PUBLISHED,Malaria cases,Argentina,0.59769475300000,0.59769475300000,0.59769475300000
442CEA8MALARIA_EST_INCIDENCE,MALARIA_EST_INCIDENCE,442CEA8,MALARIA_EST_INCIDENCE,2004,YEAR,050,COUNTRY,PUBLISHED,Malaria cases,Bangladesh,6.61672167900000,2.84446405500000,10.70667798000000
442CEA8MALARIA_EST_INCIDENCE,MALARIA_EST_INCIDENCE,442CEA8,MALARIA_EST_INCIDENCE,2004,YEAR,051,COUNTRY,PUBLISHED,Malaria cases,Armenia,0.01554983000000,0.01554983000000,0.01554983000000
442CEA8MALARIA_EST_INCIDENCE,MALARIA_EST_INCIDENCE,442CEA8,MALARIA_EST_INCIDENCE,2005,YEAR,410,COUNTRY,PUBLISHED,Malaria cases,Republic of Korea,0.40870368700000,0.40870368700000,0.40870368700000
442CEA8MALARIA_EST_INCIDENCE,MALARIA_EST_INCIDENCE,442CEA8,MALARIA_EST_INCIDENCE,2005,YEAR,417,COUNTRY,PUBLISHED,Malaria cases,Kyrgyzstan,0.05498348300000,0.05498348300000,0.05498348300000
442CEA8MALARIA_EST_INCIDENCE,MALARIA_EST_INCIDENCE,442CEA8,MALARIA_EST_INCIDENCE,2005,YEAR,418,COUNTRY,PUBLISHED,Malaria cases,Lao People's Democratic Republic,11.46056938000000,7.49312241400000,16.59763160000000
442CEA8MALARIA_EST_INCIDENCE,MALARIA_EST_INCIDENCE,442CEA8,MALARIA_EST_INCIDENCE,2005,YEAR,430,COUNTRY,PUBLISHED,Malaria cases,Liberia,403.18459720000000,275.88457670000000,558.11140910000000
442CEA8MALARIA_EST_INCIDENCE,MALARIA_EST_INCIDENCE,442CEA8,MALARIA_EST_INCIDENCE,2005,YEAR,450,COUNTRY,PUBLISHED,Malaria cases,Madagascar,34.59614673000000,1.29162342100000,79.20253839000000
442CEA8MALARIA_EST_INCIDENCE,MALARIA_EST_INCIDENCE,442CEA8,MALARIA_EST_INCIDENCE,2005,YEAR,454,COUNTRY,PUBLISHED,Malaria cases,Malawi,373.64855270000000,295.89260920000000,460.11053830000000
442CEA8MALARIA_EST_INCIDENCE,MALARIA_EST_INCIDENCE,442CEA8,MALARIA_EST_INCIDENCE,2005,YEAR,458,COUNTRY,PUBLISHED,Malaria cases,Malaysia,5.38878814700000,5.38878814700000,5.38878814700000
442CEA8MALARIA_EST_INCIDENCE,MALARIA_EST_INCIDENCE,442CEA8,MALARIA_EST_INCIDENCE,2005,YEAR,466,COUNTRY,PUBLISHED,Malaria cases,Mali,419.83400730000000,291.44042320000000,605.11051970000000
442CEA8MALARIA_EST_INCIDENCE,MALARIA_EST_INCIDENCE,442CEA8,MALARIA_EST_INCIDENCE,2005,YEAR,478,COUNTRY,PUBLISHED,Malaria cases,Mauritania,84.32803980000000,26.14228777000000,163.77824970000000
442CEA8MALARIA_EST_INCIDENCE,MALARIA_EST_INCIDENCE,442CEA8,MALARIA_EST_INCIDENCE,2005,YEAR,484,COUNTRY,PUBLISHED,Malaria cases,Mexico,1.32266228200000,1.32266228200000,1.32266228200000
442CEA8MALARIA_EST_INCIDENCE,MALARIA_EST_INCIDENCE,442CEA8,MALARIA_EST_INCIDENCE,2005,YEAR,504,COUNTRY,PUBLISHED,Malaria cases,Morocco,0.00000000000000,0.00000000000000,0.00000000000000
442CEA8MALARIA_EST_INCIDENCE,MALARIA_EST_INCIDENCE,442CEA8,MALARIA_EST_INCIDENCE,2005,YEAR,508,COUNTRY,PUBLISHED,Malaria cases,Mozambique,442.24854020000000,357.70409240000000,542.24423330000000
442CEA8MALARIA_EST_INCIDENCE,MALARIA_EST_INCIDENCE,442CEA8,MALARIA_EST_INCIDENCE,2005,YEAR,512,COUNTRY,PUBLISHED,Malaria cases,Oman,0.00000000000000,0.00000000000000,0.00000000000000
442CEA8MALARIA_EST_INCIDENCE,MALARIA_EST_INCIDENCE,442CEA8,MALARIA_EST_INCIDENCE,2005,YEAR,516,COUNTRY,PUBLISHED,Malaria cases,Namibia,41.83477752000000,21.70979465000000,76.90092852000000
442CEA8MALARIA_EST_INCIDENCE,MALARIA_EST_INCIDENCE,442CEA8,MALARIA_EST_INCIDENCE,2005,YEAR,524,COUNTRY,PUBLISHED,Malaria cases,Nepal,4.71556924400000,1.94669050900000,10.91282911000000
442CEA8MALARIA_EST_INCIDENCE,MALARIA_EST_INCIDENCE,442CEA8,MALARIA_EST_INCIDENCE,2005,YEAR,548,COUNTRY,PUBLISHED,Malaria cases,Vanuatu,121.57904730000000,79.08984153000000,184.77557410000000
442CEA8MALARIA_EST_INCIDENCE,MALARIA_EST_INCIDENCE,442CEA8,MALARIA_EST_INCIDENCE,2005,YEAR,558,COUNTRY,PUBLISHED,Malaria cases,Nicaragua,1.78938671600000,1.48732666600000,2.10910238800000
442CEA8MALARIA_EST_INCIDENCE,MALARIA_EST_INCIDENCE,442CEA8,MALARIA_EST_INCIDENCE,2005,YEAR,562,COUNTRY,PUBLISHED,Malaria cases,Niger,310.49292640000000,195.40408210000000,468.38343190000000
442CEA8MALARIA_EST_INCIDENCE,MALARIA_EST_INCIDENCE,442CEA8,MALARIA_EST_INCIDENCE,2005,YEAR,566,COUNTRY,PUBLISHED,Malaria cases,Nigeria,395.89714200000000,318.82262070000000,487.00662840000000
442CEA8MALARIA_EST_INCIDENCE,MALARIA_EST_INCIDENCE,442CEA8,MALARIA_EST_INCIDENCE,2005,YEAR,586,COUNTRY,PUBLISHED,Malaria cases,Pakistan,4.89982576200000,2.16795651000000,11.51488882000000
442CEA8MALARIA_EST_INCIDENCE,MALARIA_EST_INCIDENCE,442CEA8,MALARIA_EST_INCIDENCE,2005,YEAR,591,COUNTRY,PUBLISHED,Malaria cases,Panama,1.73940308900000,1.67498075200000,1.85067803400000
442CEA8MALARIA_EST_INCIDENCE,MALARIA_EST_INCIDENCE,442CEA8,MALARIA_EST_INCIDENCE,2005,YEAR,598,COUNTRY,PUBLISHED,Malaria cases,Papua New Guinea,216.26645430000000,71.51642733000000,392.89643520000000
442CEA8MALARIA_EST_INCIDENCE,MALARIA_EST_INCIDENCE,442CEA8,MALARIA_EST_INCIDENCE,2005,YEAR,600,COUNTRY,PUBLISHED,Malaria cases,Paraguay,1.90179013000000,1.90179013000000,1.90179013000000
442CEA8MALARIA_EST_INCIDENCE,MALARIA_EST_INCIDENCE,442CEA8,MALARIA_EST_INCIDENCE,2005,YEAR,604,COUNTRY,PUBLISHED,Malaria cases,Peru,9.79739185000000,8.34762991700000,11.38698774000000
442CEA8MALARIA_EST_INCIDENCE,MALARIA_EST_INCIDENCE,442CEA8,MALARIA_EST_INCIDENCE,2005,YEAR,608,COUNTRY,PUBLISHED,Malaria cases,Philippines,1.62798925500000,1.16882172000000,2.14521445700000
442CEA8MALARIA_EST_INCIDENCE,MALARIA_EST_INCIDENCE,442CEA8,MALARIA_EST_INCIDENCE,2005,YEAR,624,COUNTRY,PUBLISHED,Malaria cases,Guinea-Bissau,93.26389618000000,42.63492655000000,180.21522380000000
442CEA8MALARIA_EST_INCIDENCE,MALARIA_EST_INCIDENCE,442CEA8,MALARIA_EST_INCIDENCE,2005,YEAR,626,COUNTRY,PUBLISHED,Malaria cases,Timor-Leste,172.38352050000000,118.29057790000000,234.31791300000000
442CEA8MALARIA_EST_INCIDENCE,MALARIA_EST_INCIDENCE,442CEA8,MALARIA_EST_INCIDENCE,2005,YEAR,646,COUNTRY,PUBLISHED,Malaria cases,Rwanda,152.05883730000000,34.09995529000000,255.18790160000000
442CEA8MALARIA_EST_INCIDENCE,MALARIA_EST_INCIDENCE,442CEA8,MALARIA_EST_INCIDENCE,2005,YEAR,678,COUNTRY,PUBLISHED,Malaria cases,Sao Tome and Principe,112.21920450000000,112.21920450000000,112.21920450000000
442CEA8MALARIA_EST_INCIDENCE,MALARIA_EST_INCIDENCE,442CEA8,MALARIA_EST_INCIDENCE,2005,YEAR,682,COUNTRY,PUBLISHED,Malaria cases,Saudi Arabia,0.48034334300000,0.48034334300000,0.48034334300000
442CEA8MALARIA_EST_INCIDENCE,MALARIA_EST_INCIDENCE,442CEA8,MALARIA_EST_INCIDENCE,2005,YEAR,686,COUNTRY,PUBLISHED,Malaria cases,Senegal,132.25817300000000,39.21985654000000,230.17950200000000
442CEA8MALARIA_EST_INCIDENCE,MALARIA_EST_INCIDENCE,442CEA8,MALARIA_EST_INCIDENCE,2005,YEAR,694,COUNTRY,PUBLISHED,Malaria cases,Sierra Leone,401.19130190000000,272.85824850000000,569.82005780000000
442CEA8MALARIA_EST_INCIDENCE,MALARIA_EST_INCIDENCE,442CEA8,MALARIA_EST_INCIDENCE,2009,YEAR,012,COUNTRY,PUBLISHED,Malaria cases,Algeria,0.00000000000000,0.00000000000000,0.00000000000000
442CEA8MALARIA_EST_INCIDENCE,MALARIA_EST_INCIDENCE,442CEA8,MALARIA_EST_INCIDENCE,2009,YEAR,024,COUNTRY,PUBLISHED,Malaria cases,Angola,193.50965540000000,145.83467340000000,251.32876090000000
442CEA8MALARIA_EST_INCIDENCE,MALARIA_EST_INCIDENCE,442CEA8,MALARIA_EST_INCIDENCE,2009,YEAR,031,COUNTRY,PUBLISHED,Malaria cases,Azerbaijan,0.37488284900000,0.37488284900000,0.37488284900000
442CEA8MALARIA_EST_INCIDENCE,MALARIA_EST_INCIDENCE,442CEA8,MALARIA_EST_INCIDENCE,2009,YEAR,032,COUNTRY,PUBLISHED,Malaria cases,Argentina,0.45037547600000,0.45037547600000,0.45037547600000
442CEA8MALARIA_EST_INCIDENCE,MALARIA_EST_INCIDENCE,442CEA8,MALARIA_EST_INCIDENCE,2009,YEAR,050,COUNTRY,PUBLISHED,Malaria cases,Bangladesh,4.95722583800000,4.18960707700000,5.79463371400000
442CEA8MALARIA_EST_INCIDENCE,MALARIA_EST_INCIDENCE,442CEA8,MALARIA_EST_INCIDENCE,2009,YEAR,051,COUNTRY,PUBLISHED,Malaria cases,Armenia,0.00000000000000,0.00000000000000,0.00000000000000
442CEA8MALARIA_EST_INCIDENCE,MALARIA_EST_INCIDENCE,442CEA8,MALARIA_EST_INCIDENCE,2009,YEAR,064,COUNTRY,PUBLISHED,Malaria cases,Bhutan,2.05821817100000,2.05821817100000,2.05821817100000
442CEA8MALARIA_EST_INCIDENCE,MALARIA_EST_INCIDENCE,442CEA8,MALARIA_EST_INCIDENCE,2009,YEAR,068,COUNTRY,PUBLISHED,Malaria cases,Bolivia (Plurinational State of),2.93656607900000,2.29331198400000,3.60688834200000
442CEA8MALARIA_EST_INCIDENCE,MALARIA_EST_INCIDENCE,442CEA8,MALARIA_EST_INCIDENCE,2009,YEAR,072,COUNTRY,PUBLISHED,Malaria cases,Botswana,2.06019809400000,1.00774676900000,4.04617904900000
442CEA8MALARIA_EST_INCIDENCE,MALARIA_EST_INCIDENCE,442CEA8,MALARIA_EST_INCIDENCE,2009,YEAR,076,COUNTRY,PUBLISHED,Malaria cases,Brazil,8.43393692600000,8.09840596700000,9.01476355700000
442CEA8MALARIA_EST_INCIDENCE,MALARIA_EST_INCIDENCE,442CEA8,MALARIA_EST_INCIDENCE,2009,YEAR,084,COUNTRY,PUBLISHED,Malaria cases,Belize,1.18681705900000,1.18681705900000,1.18681705900000
442CEA8MALARIA_EST_INCIDENCE,MALARIA_EST_INCIDENCE,442CEA8,MALARIA_EST_INCIDENCE,2009,YEAR,090,COUNTRY,PUBLISHED,Malaria cases,Solomon Islands,146.80510530000000,104.77201880000000,209.08566770000000
442CEA8MALARIA_EST_INCIDENCE,MALARIA_EST_INCIDENCE,442CEA8,MALARIA_EST_INCIDENCE,2009,YEAR,104,COUNTRY,PUBLISHED,Malaria cases,Myanmar,35.20144242000000,25.88713294000000,50.34020405000000
442CEA8MALARIA_EST_INCIDENCE,MALARIA_EST_INCIDENCE,442CEA8,MALARIA_EST_INCIDENCE,2009,YEAR,108,COUNTRY,PUBLISHED,Malaria cases,Burundi,281.56079060000000,204.73406130000000,379.52978410000000
442CEA8MALARIA_EST_INCIDENCE,MALARIA_EST_INCIDENCE,442CEA8,MALARIA_EST_INCIDENCE,2009,YEAR,116,COUNTRY,PUBLISHED,Malaria cases,Cambodia,41.97063600000000,32.61832909000000,53.93002531000000
442CEA8MALARIA_EST_INCIDENCE,MALARIA_EST_INCIDENCE,442CEA8,MALARIA_EST_INCIDENCE,2009,YEAR,120,COUNTRY,PUBLISHED,Malaria cases,Cameroon,351.14981070000000,271.06738610000000,448.01975890000000
442CEA8MALARIA_EST_INCIDENCE,MALARIA_EST_INCIDENCE,442CEA8,MALARIA_EST_INCIDENCE,2009,YEAR,132,COUNTRY,PUBLISHED,Malaria cases,Cabo Verde,0.49393598600000,0.49393598600000,0.49393598600000
442CEA8MALARIA_EST_INCIDENCE,MALARIA_EST_INCIDENCE,442CEA8,MALARIA_EST_INCIDENCE,2009,YEAR,140,COUNTRY,PUBLISHED,Malaria cases,Central African Republic,463.54861490000000,309.06554600000000,670.17936010000000
442CEA8MALARIA_EST_INCIDENCE,MALARIA_EST_INCIDENCE,442CEA8,MALARIA_EST_INCIDENCE,2009,YEAR,144,COUNTRY,PUBLISHED,Malaria cases,Sri Lanka,0.11122794800000,0.11122794800000,0.11122794800000
442CEA8MALARIA_EST_INCIDENCE,MALARIA_EST_INCIDENCE,442CEA8,MALARIA_EST_INCIDENCE,2009,YEAR,148,COUNTRY,PUBLISHED,Malaria cases,Chad,245.10418480000000,186.50147200000000,318.48245670000000
442CEA8MALARIA_EST_INCIDENCE,MALARIA_EST_INCIDENCE,442CEA8,MALARIA_EST_INCIDENCE,2009,YEAR,156,COUNTRY,PUBLISHED,Malaria cases,China,0.01654051400000,0.01654051400000,0.01654051400000
442CEA8MALARIA_EST_INCIDENCE,MALARIA_EST_INCIDENCE,442CEA8,MALARIA_EST_INCIDENCE,2010,YEAR,328,COUNTRY,PUBLISHED,Malaria cases,Guyana,39.54723085000000,32.29066567000000,47.29898726000000
442CEA8MALARIA_EST_INCIDENCE,MALARIA_EST_INCIDENCE,442CEA8,MALARIA_EST_INCIDENCE,2010,YEAR,332,COUNTRY,PUBLISHED,Malaria cases,Haiti,9.71369617800000,5.51814600200000,15.76019432000000
442CEA8MALARIA_EST_INCIDENCE,MALARIA_EST_INCIDENCE,442CEA8,MALARIA_EST_INCIDENCE,2010,YEAR,340,COUNTRY,PUBLISHED,Malaria cases,Honduras,1.75617998400000,1.36410105800000,2.16725186200000
442CEA8MALARIA_EST_INCIDENCE,MALARIA_EST_INCIDENCE,442CEA8,MALARIA_EST_INCIDENCE,2010,YEAR,356,COUNTRY,PUBLISHED,Malaria cases,India,13.09211972000000,10.19457362000000,16.84405806000000
442CEA8MALARIA_EST_INCIDENCE,MALARIA_EST_INCIDENCE,442CEA8,MALARIA_EST_INCIDENCE,2010,YEAR,360,COUNTRY,PUBLISHED,Malaria cases,Indonesia,8.08532671500000,7.27590246700000,9.00709029300000
442CEA8MALARIA_EST_INCIDENCE,MALARIA_EST_INCIDENCE,442CEA8,MALARIA_EST_INCIDENCE,2010,YEAR,364,COUNTRY,PUBLISHED,Malaria cases,Iran (Islamic Republic of),2.33659638700000,2.33659638700000,2.33659638700000
442CEA8MALARIA_EST_INCIDENCE,MALARIA_EST_INCIDENCE,442CEA8,MALARIA_EST_INCIDENCE,2010,YEAR,368,COUNTRY,PUBLISHED,Malaria cases,Iraq,0.00000000000000,0.00000000000000,0.00000000000000
442CEA8MALARIA_EST_INCIDENCE,MALARIA_EST_INCIDENCE,442CEA8,MALARIA_EST_INCIDENCE,2010,YEAR,384,COUNTRY,PUBLISHED,Malaria cases,Côte d'Ivoire,458.12231770000000,375.98387190000000,553.84726980000000
442CEA8MALARIA_EST_INCIDENCE,MALARIA_EST_INCIDENCE,442CEA8,MALARIA_EST_INCIDENCE,2010,YEAR,398,COUNTRY,PUBLISHED,Malaria cases,Kazakhstan,0.00000000000000,0.00000000000000,0.00000000000000
442CEA8MALARIA_EST_INCIDENCE,MALARIA_EST_INCIDENCE,442CEA8,MALARIA_EST_INCIDENCE,2010,YEAR,404,COUNTRY,PUBLISHED,Malaria cases,Kenya,80.27255074000000,59.38186066000000,106.70332060000000
442CEA8MALARIA_EST_INCIDENCE,MALARIA_EST_INCIDENCE,442CEA8,MALARIA_EST_INCIDENCE,2010,YEAR,408,COUNTRY,PUBLISHED,Malaria cases,Democratic People's Republic of Korea,1.38406037500000,1.38406037500000,1.38406037500000
442CEA8MALARIA_EST_INCIDENCE,MALARIA_EST_INCIDENCE,442CEA8,MALARIA_EST_INCIDENCE,2010,YEAR,410,COUNTRY,PUBLISHED,Malaria cases,Republic of Korea,0.37113490200000,0.37113490200000,0.37113490200000
442CEA8MALARIA_EST_INCIDENCE,MALARIA_EST_INCIDENCE,442CEA8,MALARIA_EST_INCIDENCE,2010,YEAR,417,COUNTRY,PUBLISHED,Malaria cases,Kyrgyzstan,0.00070035000000,0.00070035000000,0.00070035000000
442CEA8MALARIA_EST_INCIDENCE,MALARIA_EST_INCIDENCE,442CEA8,MALARIA_EST_INCIDENCE,2010,YEAR,418,COUNTRY,PUBLISHED,Malaria cases,Lao People's Democratic Republic,13.27888604000000,9.40559190200000,17.84638927000000
442CEA8MALARIA_EST_INCIDENCE,MALARIA_EST_INCIDENCE,442CEA8,MALARIA_EST_INCIDENCE,2010,YEAR,430,COUNTRY,PUBLISHED,Malaria cases,Liberia,322.14349240000000,244.82855530000000,415.01895220000000
442CEA8MALARIA_EST_INCIDENCE,MALARIA_EST_INCIDENCE,442CEA8,MALARIA_EST_INCIDENCE,2010,YEAR,450,COUNTRY,PUBLISHED,Malaria cases,Madagascar,44.52075296000000,25.72563464000000,72.14342948000000
442CEA8MALARIA_EST_INCIDENCE,MALARIA_EST_INCIDENCE,442CEA8,MALARIA_EST_INCIDENCE,2010,YEAR,454,COUNTRY,PUBLISHED,Malaria cases,Malawi,389.81380790000000,314.84568340000000,476.91226830000000
442CEA8MALARIA_EST_INCIDENCE,MALARIA_EST_INCIDENCE,442CEA8,MALARIA_EST_INCIDENCE,2012,YEAR,156,COUNTRY,PUBLISHED,Malaria cases,China,0.00042600700000,0.00042600700000,0.00042600700000
442CEA8MALARIA_EST_INCIDENCE,MALARIA_EST_INCIDENCE,442CEA8,MALARIA_EST_INCIDENCE,2012,YEAR,170,COUNTRY,PUBLISHED,Malaria cases,Colombia,8.31694582700000,6.31801498700000,10.39692579000000
442CEA8MALARIA_EST_INCIDENCE,MALARIA_EST_INCIDENCE,442CEA8,MALARIA_EST_INCIDENCE,2012,YEAR,174,COUNTRY,PUBLISHED,Malaria cases,Comoros,73.11895474000000,73.11895474000000,73.11895474000000
442CEA8MALARIA_EST_INCIDENCE,MALARIA_EST_INCIDENCE,442CEA8,MALARIA_EST_INCIDENCE,2012,YEAR,175,OVERSEAS DEPARTMENT,PUBLISHED,Malaria cases,Mayotte,0.60193449300000,0.60193449300000,0.60193449300000
442CEA8MALARIA_EST_INCIDENCE,MALARIA_EST_INCIDENCE,442CEA8,MALARIA_EST_INCIDENCE,2012,YEAR,178,COUNTRY,PUBLISHED,Malaria cases,Congo,215.89933450000000,138.32253790000000,322.95489880000000
442CEA8MALARIA_EST_INCIDENCE,MALARIA_EST_INCIDENCE,442CEA8,MALARIA_EST_INCIDENCE,2012,YEAR,180,COUNTRY,PUBLISHED,Malaria cases,Democratic Republic of the Congo,335.79674120000000,264.68085640000000,419.65889750000000
442CEA8MALARIA_EST_INCIDENCE,MALARIA_EST_INCIDENCE,442CEA8,MALARIA_EST_INCIDENCE,2012,YEAR,188,COUNTRY,PUBLISHED,Malaria cases,Costa Rica,0.00428822800000,0.00428822800000,0.00428822800000
442CEA8MALARIA_EST_INCIDENCE,MALARIA_EST_INCIDENCE,442CEA8,MALARIA_EST_INCIDENCE,2012,YEAR,204,COUNTRY,PUBLISHED,Malaria cases,Benin,365.18044400000000,287.17514440000000,456.32199640000000
442CEA8MALARIA_EST_INCIDENCE,MALARIA_EST_INCIDENCE,442CEA8,MALARIA_EST_INCIDENCE,2012,YEAR,214,COUNTRY,PUBLISHED,Malaria cases,Dominican Republic,0.22210271800000,0.18099929300000,0.26591031600000
442CEA8MALARIA_EST_INCIDENCE,MALARIA_EST_INCIDENCE,442CEA8,MALARIA_EST_INCIDENCE,2012,YEAR,218,COUNTRY,PUBLISHED,Malaria cases,Ecuador,0.06164472200000,0.06164472200000,0.06164472200000
442CEA8MALARIA_EST_INCIDENCE,MALARIA_EST_INCIDENCE,442CEA8,MALARIA_EST_INCIDENCE,2012,YEAR,222,COUNTRY,PUBLISHED,Malaria cases,El Salvador,0.01047427500000,0.01047427500000,0.01047427500000
442CEA8MALARIA_EST_INCIDENCE,MALARIA_EST_INCIDENCE,442CEA8,MALARIA_EST_INCIDENCE,2012,YEAR,226,COUNTRY,PUBLISHED,Malaria cases,Equatorial Guinea,312.76792970000000,220.16371690000000,431.66895120000000
442CEA8MALARIA_EST_INCIDENCE,MALARIA_EST_INCIDENCE,442CEA8,MALARIA_EST_INCIDENCE,2012,YEAR,231,COUNTRY,PUBLISHED,Malaria cases,Ethiopia,159.67384510000000,78.74926310000000,366.03992700000000
442CEA8MALARIA_EST_INCIDENCE,MALARIA_EST_INCIDENCE,442CEA8,MALARIA_EST_INCIDENCE,2012,YEAR,232,COUNTRY,PUBLISHED,Malaria cases,Eritrea,17.28126683000000,10.87916712000000,24.83486105000000
442CEA8MALARIA_EST_INCIDENCE,MALARIA_EST_INCIDENCE,442CEA8,MALARIA_EST_INCIDENCE,2012,YEAR,254,OVERSEAS DEPARTMENT,PUBLISHED,Malaria cases,French Guiana,7.75113987400000,6.90542726900000,8.97190763300000
442CEA8MALARIA_EST_INCIDENCE,MALARIA_EST_INCIDENCE,442CEA8,MALARIA_EST_INCIDENCE,2012,YEAR,262,COUNTRY,PUBLISHED,Malaria cases,Djibouti,3.07180040300000,2.36695531800000,3.77664548900000
442CEA8MALARIA_EST_INCIDENCE,MALARIA_EST_INCIDENCE,442CEA8,MALARIA_EST_INCIDENCE,2012,YEAR,266,COUNTRY,PUBLISHED,Malaria cases,Gabon,200.15388040000000,103.00215660000000,351.55374800000000
442CEA8MALARIA_EST_INCIDENCE,MALARIA_EST_INCIDENCE,442CEA8,MALARIA_EST_INCIDENCE,2012,YEAR,268,COUNTRY,PUBLISHED,Malaria cases,Georgia,0.00000000000000,0.00000000000000,0.00000000000000
442CEA8MALARIA_EST_INCIDENCE,MALARIA_EST_INCIDENCE,442CEA8,MALARIA_EST_INCIDENCE,2012,YEAR,270,COUNTRY,PUBLISHED,Malaria cases,Gambia,256.46935480000000,204.72748680000000,313.82557530000000
442CEA8MALARIA_EST_INCIDENCE,MALARIA_EST_INCIDENCE,442CEA8,MALARIA_EST_INCIDENCE,2012,YEAR,288,COUNTRY,PUBLISHED,Malaria cases,Ghana,367.31759400000000,300.22251680000000,448.10287490000000
442CEA8MALARIA_EST_INCIDENCE,MALARIA_EST_INCIDENCE,442CEA8,MALARIA_EST_INCIDENCE,2012,YEAR,320,COUNTRY,PUBLISHED,Malaria cases,Guatemala,0.54970932200000,0.48931328000000,0.63626747200000
442CEA8MALARIA_EST_INCIDENCE,MALARIA_EST_INCIDENCE,442CEA8,MALARIA_EST_INCIDENCE,2012,YEAR,324,COUNTRY,PUBLISHED,Malaria cases,Guinea,431.74851990000000,357.97213180000000,518.19470950000000
442CEA8MALARIA_EST_INCIDENCE,MALARIA_EST_INCIDENCE,442CEA8,MALARIA_EST_INCIDENCE,2012,YEAR,328,COUNTRY,PUBLISHED,Malaria cases,Guyana,58.38496666000000,48.60720660000000,69.13282808000000
442CEA8MALARIA_EST_INCIDENCE,MALARIA_EST_INCIDENCE,442CEA8,MALARIA_EST_INCIDENCE,2012,YEAR,332,COUNTRY,PUBLISHED,Malaria cases,Haiti,7.28558353700000,4.44347512100000,11.33839710000000
442CEA8MALARIA_EST_INCIDENCE,MALARIA_EST_INCIDENCE,442CEA8,MALARIA_EST_INCIDENCE,2012,YEAR,340,COUNTRY,PUBLISHED,Malaria cases,Honduras,1.10284672800000,0.86393460600000,1.35316291300000
442CEA8MALARIA_EST_INCIDENCE,MALARIA_EST_INCIDENCE,442CEA8,MALARIA_EST_INCIDENCE,2012,YEAR,356,COUNTRY,PUBLISHED,Malaria cases,India,8.09724639800000,6.36096136000000,10.18752116000000
442CEA8MALARIA_EST_INCIDENCE,MALARIA_EST_INCIDENCE,442CEA8,MALARIA_EST_INCIDENCE,2012,YEAR,360,COUNTRY,PUBLISHED,Malaria cases,Indonesia,7.11132761900000,6.40901950300000,7.93462150200000
442CEA8MALARIA_EST_INCIDENCE,MALARIA_EST_INCIDENCE,442CEA8,MALARIA_EST_INCIDENCE,2012,YEAR,364,COUNTRY,PUBLISHED,Malaria cases,Iran (Islamic Republic of),0.93290373700000,0.93290373700000,0.93290373700000
442CEA8MALARIA_EST_INCIDENCE,MALARIA_EST_INCIDENCE,442CEA8,MALARIA_EST_INCIDENCE,2012,YEAR,368,COUNTRY,PUBLISHED,Malaria cases,Iraq,0.00000000000000,0.00000000000000,0.00000000000000
442CEA8MALARIA_EST_INCIDENCE,MALARIA_EST_INCIDENCE,442CEA8,MALARIA_EST_INCIDENCE,2012,YEAR,384,COUNTRY,PUBLISHED,Malaria cases,Côte d'Ivoire,375.19170470000000,300.30354230000000,468.52735560000000
442CEA8MALARIA_EST_INCIDENCE,MALARIA_EST_INCIDENCE,442CEA8,MALARIA_EST_INCIDENCE,2012,YEAR,398,COUNTRY,PUBLISHED,Malaria cases,Kazakhstan,0.00000000000000,0.00000000000000,0.00000000000000
442CEA8MALARIA_EST_INCIDENCE,MALARIA_EST_INCIDENCE,442CEA8,MALARIA_EST_INCIDENCE,2012,YEAR,404,COUNTRY,PUBLISHED,Malaria cases,Kenya,84.22515220000000,63.26461290000000,110.13683870000000
442CEA8MALARIA_EST_INCIDENCE,MALARIA_EST_INCIDENCE,442CEA8,MALARIA_EST_INCIDENCE,2012,YEAR,408,COUNTRY,PUBLISHED,Malaria cases,Democratic People's Republic of Korea,2.21689828400000,2.21689828400000,2.21689828400000
442CEA8MALARIA_EST_INCIDENCE,MALARIA_EST_INCIDENCE,442CEA8,MALARIA_EST_INCIDENCE,2012,YEAR,410,COUNTRY,PUBLISHED,Malaria cases,Republic of Korea,0.11348024300000,0.11348024300000,0.11348024300000
442CEA8MALARIA_EST_INCIDENCE,MALARIA_EST_INCIDENCE,442CEA8,MALARIA_EST_INCIDENCE,2012,YEAR,417,COUNTRY,PUBLISHED,Malaria cases,Kyrgyzstan,0.00000000000000,0.00000000000000,0.00000000000000
442CEA8MALARIA_EST_INCIDENCE,MALARIA_EST_INCIDENCE,442CEA8,MALARIA_EST_INCIDENCE,2012,YEAR,418,COUNTRY,PUBLISHED,Malaria cases,Lao People's Democratic Republic,23.56651920000000,17.11348243000000,31.22501148000000
442CEA8MALARIA_EST_INCIDENCE,MALARIA_EST_INCIDENCE,442CEA8,MALARIA_EST_INCIDENCE,2012,YEAR,430,COUNTRY,PUBLISHED,Malaria cases,Liberia,266.12178290000000,187.47433420000000,366.91504630000000
442CEA8MALARIA_EST_INCIDENCE,MALARIA_EST_INCIDENCE,442CEA8,MALARIA_EST_INCIDENCE,2012,YEAR,450,COUNTRY,PUBLISHED,Malaria cases,Madagascar,70.78624992000000,43.32339312000000,111.13567990000000
442CEA8MALARIA_EST_INCIDENCE,MALARIA_EST_INCIDENCE,442CEA8,MALARIA_EST_INCIDENCE,2012,YEAR,454,COUNTRY,PUBLISHED,Malaria cases,Malawi,354.95876180000000,279.91551270000000,443.37484710000000
442CEA8MALARIA_EST_INCIDENCE,MALARIA_EST_INCIDENCE,442CEA8,MALARIA_EST_INCIDENCE,2012,YEAR,458,COUNTRY,PUBLISHED,Malaria cases,Malaysia,3.08635472200000,3.08635472200000,3.08635472200000
442CEA8MALARIA_EST_INCIDENCE,MALARIA_EST_INCIDENCE,442CEA8,MALARIA_EST_INCIDENCE,2012,YEAR,466,COUNTRY,PUBLISHED,Malaria cases,Mali,424.28610230000000,302.06986570000000,576.06410000000000
442CEA8MALARIA_EST_INCIDENCE,MALARIA_EST_INCIDENCE,442CEA8,MALARIA_EST_INCIDENCE,2012,YEAR,478,COUNTRY,PUBLISHED,Malaria cases,Mauritania,24.33632842000000,1.52469554000000,59.41856998000000
442CEA8MALARIA_EST_INCIDENCE,MALARIA_EST_INCIDENCE,442CEA8,MALARIA_EST_INCIDENCE,2012,YEAR,484,COUNTRY,PUBLISHED,Malaria cases,Mexico,0.33635555300000,0.33635555300000,0.33635555300000
442CEA8MALARIA_EST_INCIDENCE,MALARIA_EST_INCIDENCE,442CEA8,MALARIA_EST_INCIDENCE,2012,YEAR,504,COUNTRY,PUBLISHED,Malaria cases,Morocco,0.00000000000000,0.00000000000000,0.00000000000000
442CEA8MALARIA_EST_INCIDENCE,MALARIA_EST_INCIDENCE,442CEA8,MALARIA_EST_INCIDENCE,2019,YEAR,140,COUNTRY,PUBLISHED,Malaria cases,Central African Republic,383.29278830000000,193.03144700000000,689.63162200000000
442CEA8MALARIA_EST_INCIDENCE,MALARIA_EST_INCIDENCE,442CEA8,MALARIA_EST_INCIDENCE,2019,YEAR,144,COUNTRY,PUBLISHED,Malaria cases,Sri Lanka,0.00000000000000,0.00000000000000,0.00000000000000
442CEA8MALARIA_EST_INCIDENCE,MALARIA_EST_INCIDENCE,442CEA8,MALARIA_EST_INCIDENCE,2019,YEAR,148,COUNTRY,PUBLISHED,Malaria cases,Chad,217.21974690000000,136.74747020000000,327.51771260000000
442CEA8MALARIA_EST_INCIDENCE,MALARIA_EST_INCIDENCE,442CEA8,MALARIA_EST_INCIDENCE,2019,YEAR,156,COUNTRY,PUBLISHED,Malaria cases,China,0.00000000000000,0.00000000000000,0.00000000000000
442CEA8MALARIA_EST_INCIDENCE,MALARIA_EST_INCIDENCE,442CEA8,MALARIA_EST_INCIDENCE,2019,YEAR,170,COUNTRY,PUBLISHED,Malaria cases,Colombia,11.15898015000000,8.33178192900000,14.31791495000000
442CEA8MALARIA_EST_INCIDENCE,MALARIA_EST_INCIDENCE,442CEA8,MALARIA_EST_INCIDENCE,2019,YEAR,174,COUNTRY,PUBLISHED,Malaria cases,Comoros,22.37413200000000,22.37413200000000,22.37413200000000
442CEA8MALARIA_EST_INCIDENCE,MALARIA_EST_INCIDENCE,442CEA8,MALARIA_EST_INCIDENCE,2019,YEAR,175,OVERSEAS DEPARTMENT,PUBLISHED,Malaria cases,Mayotte,0.06613756600000,0.06613756600000,0.06613756600000
442CEA8MALARIA_EST_INCIDENCE,MALARIA_EST_INCIDENCE,442CEA8,MALARIA_EST_INCIDENCE,2019,YEAR,178,COUNTRY,PUBLISHED,Malaria cases,Congo,245.93971400000000,149.24416840000000,383.25232290000000
442CEA8MALARIA_EST_INCIDENCE,MALARIA_EST_INCIDENCE,442CEA8,MALARIA_EST_INCIDENCE,2019,YEAR,180,COUNTRY,PUBLISHED,Malaria cases,Democratic Republic of the Congo,339.76969480000000,263.55232990000000,432.10872280000000
442CEA8MALARIA_EST_INCIDENCE,MALARIA_EST_INCIDENCE,442CEA8,MALARIA_EST_INCIDENCE,2019,YEAR,188,COUNTRY,PUBLISHED,Malaria cases,Costa Rica,0.05429058500000,0.05429058500000,0.05429058500000
442CEA8MALARIA_EST_INCIDENCE,MALARIA_EST_INCIDENCE,442CEA8,MALARIA_EST_INCIDENCE,2019,YEAR,204,COUNTRY,PUBLISHED,Malaria cases,Benin,399.91183930000000,307.58861160000000,511.29157240000000
442CEA8MALARIA_EST_INCIDENCE,MALARIA_EST_INCIDENCE,442CEA8,MALARIA_EST_INCIDENCE,2019,YEAR,214,COUNTRY,PUBLISHED,Malaria cases,Dominican Republic,0.25463878400000,0.22447542000000,0.28796846700000
442CEA8MALARIA_EST_INCIDENCE,MALARIA_EST_INCIDENCE,442CEA8,MALARIA_EST_INCIDENCE,2019,YEAR,218,COUNTRY,PUBLISHED,Malaria cases,Ecuador,0.18348175700000,0.18348175700000,0.18348175700000
442CEA8MALARIA_EST_INCIDENCE,MALARIA_EST_INCIDENCE,442CEA8,MALARIA_EST_INCIDENCE,2019,YEAR,222,COUNTRY,PUBLISHED,Malaria cases,El Salvador,0.00000000000000,0.00000000000000,0.00000000000000
442CEA8MALARIA_EST_INCIDENCE,MALARIA_EST_INCIDENCE,442CEA8,MALARIA_EST_INCIDENCE,2019,YEAR,226,COUNTRY,PUBLISHED,Malaria cases,Equatorial Guinea,247.39952710000000,167.35625920000000,356.75730780000000
442CEA8MALARIA_EST_INCIDENCE,MALARIA_EST_INCIDENCE,442CEA8,MALARIA_EST_INCIDENCE,2019,YEAR,231,COUNTRY,PUBLISHED,Malaria cases,Ethiopia,33.61048632000000,18.65889904000000,50.03388344000000
442CEA8MALARIA_EST_INCIDENCE,MALARIA_EST_INCIDENCE,442CEA8,MALARIA_EST_INCIDENCE,2019,YEAR,232,COUNTRY,PUBLISHED,Malaria cases,Eritrea,61.84259338000000,39.60246670000000,85.97043881000000
442CEA8MALARIA_EST_INCIDENCE,MALARIA_EST_INCIDENCE,442CEA8,MALARIA_EST_INCIDENCE,2019,YEAR,254,OVERSEAS DEPARTMENT,PUBLISHED,Malaria cases,French Guiana,1.56963018800000,1.39874303000000,1.80380888500000
442CEA8MALARIA_EST_INCIDENCE,MALARIA_EST_INCIDENCE,442CEA8,MALARIA_EST_INCIDENCE,2019,YEAR,262,COUNTRY,PUBLISHED,Malaria cases,Djibouti,60.50874279000000,60.50874279000000,60.50874279000000
442CEA8MALARIA_EST_INCIDENCE,MALARIA_EST_INCIDENCE,442CEA8,MALARIA_EST_INCIDENCE,2019,YEAR,266,COUNTRY,PUBLISHED,Malaria cases,Gabon,190.71616460000000,142.16474370000000,251.47816850000000
442CEA8MALARIA_EST_INCIDENCE,MALARIA_EST_INCIDENCE,442CEA8,MALARIA_EST_INCIDENCE,2019,YEAR,268,COUNTRY,PUBLISHED,Malaria cases,Georgia,0.00000000000000,0.00000000000000,0.00000000000000
442CEA8MALARIA_EST_INCIDENCE,MALARIA_EST_INCIDENCE,442CEA8,MALARIA_EST_INCIDENCE,2019,YEAR,270,COUNTRY,PUBLISHED,Malaria cases,Gambia,44.76271184000000,34.90532976000000,55.90019147000000
442CEA8MALARIA_EST_INCIDENCE,MALARIA_EST_INCIDENCE,442CEA8,MALARIA_EST_INCIDENCE,2019,YEAR,288,COUNTRY,PUBLISHED,Malaria cases,Ghana,215.26884540000000,164.44144310000000,277.98789270000000
442CEA8MALARIA_EST_INCIDENCE,MALARIA_EST_INCIDENCE,442CEA8,MALARIA_EST_INCIDENCE,2019,YEAR,320,COUNTRY,PUBLISHED,Malaria cases,Guatemala,0.18780976000000,0.16697449400000,0.21631037500000
442CEA8MALARIA_EST_INCIDENCE,MALARIA_EST_INCIDENCE,442CEA8,MALARIA_EST_INCIDENCE,2019,YEAR,324,COUNTRY,PUBLISHED,Malaria cases,Guinea,321.20207640000000,222.89420200000000,450.91924830000000
442CEA8MALARIA_EST_INCIDENCE,MALARIA_EST_INCIDENCE,442CEA8,MALARIA_EST_INCIDENCE,2019,YEAR,328,COUNTRY,PUBLISHED,Malaria cases,Guyana,32.25347143000000,27.24146150000000,37.66926882000000
442CEA8MALARIA_EST_INCIDENCE,MALARIA_EST_INCIDENCE,442CEA8,MALARIA_EST_INCIDENCE,2019,YEAR,332,COUNTRY,PUBLISHED,Malaria cases,Haiti,1.78429350000000,1.18831951500000,2.40940852700000
442CEA8MALARIA_EST_INCIDENCE,MALARIA_EST_INCIDENCE,442CEA8,MALARIA_EST_INCIDENCE,2019,YEAR,340,COUNTRY,PUBLISHED,Malaria cases,Honduras,0.05051658500000,0.03885891100000,0.06295143600000
442CEA8MALARIA_EST_INCIDENCE,MALARIA_EST_INCIDENCE,442CEA8,MALARIA_EST_INCIDENCE,2019,YEAR,356,COUNTRY,PUBLISHED,Malaria cases,India,2.84381676600000,1.83184709700000,3.89786373900000
442CEA8MALARIA_EST_INCIDENCE,MALARIA_EST_INCIDENCE,442CEA8,MALARIA_EST_INCIDENCE,2003,YEAR,328,COUNTRY,PUBLISHED,Malaria cases,Guyana,50.68922725000000,41.68763375000000,60.73776604000000
442CEA8MALARIA_EST_INCIDENCE,MALARIA_EST_INCIDENCE,442CEA8,MALARIA_EST_INCIDENCE,2003,YEAR,332,COUNTRY,PUBLISHED,Malaria cases,Haiti,9.71368261800000,5.56269389800000,15.75156716000000
442CEA8MALARIA_EST_INCIDENCE,MALARIA_EST_INCIDENCE,442CEA8,MALARIA_EST_INCIDENCE,2003,YEAR,340,COUNTRY,PUBLISHED,Malaria cases,Honduras,3.21093796900000,2.33335757600000,4.11377584800000
442CEA8MALARIA_EST_INCIDENCE,MALARIA_EST_INCIDENCE,442CEA8,MALARIA_EST_INCIDENCE,2004,YEAR,626,COUNTRY,PUBLISHED,Malaria cases,Timor-Leste,267.84672040000000,162.25732490000000,373.01136300000000
442CEA8MALARIA_EST_INCIDENCE,MALARIA_EST_INCIDENCE,442CEA8,MALARIA_EST_INCIDENCE,2004,YEAR,646,COUNTRY,PUBLISHED,Malaria cases,Rwanda,122.34072900000000,45.92635936000000,205.83106670000000
442CEA8MALARIA_EST_INCIDENCE,MALARIA_EST_INCIDENCE,442CEA8,MALARIA_EST_INCIDENCE,2004,YEAR,678,COUNTRY,PUBLISHED,Malaria cases,Sao Tome and Principe,294.76554330000000,294.76554330000000,294.76554330000000
442CEA8MALARIA_EST_INCIDENCE,MALARIA_EST_INCIDENCE,442CEA8,MALARIA_EST_INCIDENCE,2004,YEAR,682,COUNTRY,PUBLISHED,Malaria cases,Saudi Arabia,0.58410965700000,0.58410965700000,0.58410965700000
442CEA8MALARIA_EST_INCIDENCE,MALARIA_EST_INCIDENCE,442CEA8,MALARIA_EST_INCIDENCE,2004,YEAR,686,COUNTRY,PUBLISHED,Malaria cases,Senegal,129.19736170000000,28.09641413000000,240.81895570000000
442CEA8MALARIA_EST_INCIDENCE,MALARIA_EST_INCIDENCE,442CEA8,MALARIA_EST_INCIDENCE,2004,YEAR,694,COUNTRY,PUBLISHED,Malaria cases,Sierra Leone,405.39173470000000,272.77562420000000,578.80884180000000
442CEA8MALARIA_EST_INCIDENCE,MALARIA_EST_INCIDENCE,442CEA8,MALARIA_EST_INCIDENCE,2004,YEAR,704,COUNTRY,PUBLISHED,Malaria cases,Viet Nam,0.95524429100000,0.78481351900000,1.21797996100000
442CEA8MALARIA_EST_INCIDENCE,MALARIA_EST_INCIDENCE,442CEA8,MALARIA_EST_INCIDENCE,2004,YEAR,706,COUNTRY,PUBLISHED,Malaria cases,Somalia,120.72436940000000,85.95141007000000,164.08431850000000
442CEA8MALARIA_EST_INCIDENCE,MALARIA_EST_INCIDENCE,442CEA8,MALARIA_EST_INCIDENCE,2004,YEAR,710,COUNTRY,PUBLISHED,Malaria cases,South Africa,2.73496869500000,2.73496869500000,2.73496869500000
442CEA8MALARIA_EST_INCIDENCE,MALARIA_EST_INCIDENCE,442CEA8,MALARIA_EST_INCIDENCE,2004,YEAR,716,COUNTRY,PUBLISHED,Malaria cases,Zimbabwe,102.58851580000000,21.98360880000000,251.44678830000000
442CEA8MALARIA_EST_INCIDENCE,MALARIA_EST_INCIDENCE,442CEA8,MALARIA_EST_INCIDENCE,2004,YEAR,728,COUNTRY,PUBLISHED,Malaria cases,South Sudan,315.49551560000000,212.09083770000000,454.08787600000000
442CEA8MALARIA_EST_INCIDENCE,MALARIA_EST_INCIDENCE,442CEA8,MALARIA_EST_INCIDENCE,2004,YEAR,729,COUNTRY,PUBLISHED,Malaria cases,Sudan,54.27527905000000,37.01021729000000,76.47678146000000
442CEA8MALARIA_EST_INCIDENCE,MALARIA_EST_INCIDENCE,442CEA8,MALARIA_EST_INCIDENCE,2004,YEAR,740,COUNTRY,PUBLISHED,Malaria cases,Suriname,110.37335650000000,110.37335650000000,110.37335650000000
442CEA8MALARIA_EST_INCIDENCE,MALARIA_EST_INCIDENCE,442CEA8,MALARIA_EST_INCIDENCE,2004,YEAR,748,COUNTRY,PUBLISHED,Malaria cases,Eswatini,1.91025146100000,1.91025146100000,1.91025146100000
442CEA8MALARIA_EST_INCIDENCE,MALARIA_EST_INCIDENCE,442CEA8,MALARIA_EST_INCIDENCE,2004,YEAR,760,COUNTRY,PUBLISHED,Malaria cases,Syrian Arab Republic,0.00005500000000,0.00005500000000,0.00005500000000
442CEA8MALARIA_EST_INCIDENCE,MALARIA_EST_INCIDENCE,442CEA8,MALARIA_EST_INCIDENCE,2004,YEAR,762,COUNTRY,PUBLISHED,Malaria cases,Tajikistan,1.58198128600000,1.58198128600000,1.58198128600000
442CEA8MALARIA_EST_INCIDENCE,MALARIA_EST_INCIDENCE,442CEA8,MALARIA_EST_INCIDENCE,2004,YEAR,764,COUNTRY,PUBLISHED,Malaria cases,Thailand,2.14892215700000,2.14892215700000,2.14892215700000
442CEA8MALARIA_EST_INCIDENCE,MALARIA_EST_INCIDENCE,442CEA8,MALARIA_EST_INCIDENCE,2004,YEAR,768,COUNTRY,PUBLISHED,Malaria cases,Togo,478.67395250000000,378.86555680000000,595.71895620000000
442CEA8MALARIA_EST_INCIDENCE,MALARIA_EST_INCIDENCE,442CEA8,MALARIA_EST_INCIDENCE,2004,YEAR,792,COUNTRY,PUBLISHED,Malaria cases,Türkiye,1.18918385500000,1.18918385500000,1.18918385500000
442CEA8MALARIA_EST_INCIDENCE,MALARIA_EST_INCIDENCE,442CEA8,MALARIA_EST_INCIDENCE,2004,YEAR,795,COUNTRY,PUBLISHED,Malaria cases,Turkmenistan,0.00930879100000,0.00930879100000,0.00930879100000
442CEA8MALARIA_EST_INCIDENCE,MALARIA_EST_INCIDENCE,442CEA8,MALARIA_EST_INCIDENCE,2004,YEAR,800,COUNTRY,PUBLISHED,Malaria cases,Uganda,442.78415580000000,343.35237990000000,564.04527760000000
442CEA8MALARIA_EST_INCIDENCE,MALARIA_EST_INCIDENCE,442CEA8,MALARIA_EST_INCIDENCE,2004,YEAR,818,COUNTRY,PUBLISHED,Malaria cases,Egypt,0.00000000000000,0.00000000000000,0.00000000000000
442CEA8MALARIA_EST_INCIDENCE,MALARIA_EST_INCIDENCE,442CEA8,MALARIA_EST_INCIDENCE,2004,YEAR,834,COUNTRY,PUBLISHED,Malaria cases,United Republic of Tanzania,264.94702080000000,206.88503370000000,335.47746140000000
442CEA8MALARIA_EST_INCIDENCE,MALARIA_EST_INCIDENCE,442CEA8,MALARIA_EST_INCIDENCE,2004,YEAR,854,COUNTRY,PUBLISHED,Malaria cases,Burkina Faso,559.00941100000000,448.14882680000000,687.41085070000000
442CEA8MALARIA_EST_INCIDENCE,MALARIA_EST_INCIDENCE,442CEA8,MALARIA_EST_INCIDENCE,2004,YEAR,860,COUNTRY,PUBLISHED,Malaria cases,Uzbekistan,2.53563333200000,2.53563333200000,2.53563333200000
442CEA8MALARIA_EST_INCIDENCE,MALARIA_EST_INCIDENCE,442CEA8,MALARIA_EST_INCIDENCE,2004,YEAR,862,COUNTRY,PUBLISHED,Malaria cases,Venezuela (Bolivarian Republic of),4.17481023200000,3.69638391900000,4.89825152900000
442CEA8MALARIA_EST_INCIDENCE,MALARIA_EST_INCIDENCE,442CEA8,MALARIA_EST_INCIDENCE,2004,YEAR,887,COUNTRY,PUBLISHED,Malaria cases,Yemen,67.23547827000000,30.93118964000000,316.38108130000000
442CEA8MALARIA_EST_INCIDENCE,MALARIA_EST_INCIDENCE,442CEA8,MALARIA_EST_INCIDENCE,2004,YEAR,894,COUNTRY,PUBLISHED,Malaria cases,Zambia,300.89058240000000,237.29710620000000,377.09483240000000
442CEA8MALARIA_EST_INCIDENCE,MALARIA_EST_INCIDENCE,442CEA8,MALARIA_EST_INCIDENCE,2007,YEAR,178,COUNTRY,PUBLISHED,Malaria cases,Congo,254.97169900000000,171.57065950000000,362.27232360000000
442CEA8MALARIA_EST_INCIDENCE,MALARIA_EST_INCIDENCE,442CEA8,MALARIA_EST_INCIDENCE,2007,YEAR,180,COUNTRY,PUBLISHED,Malaria cases,Democratic Republic of the Congo,448.31785880000000,363.61365640000000,546.92004840000000
442CEA8MALARIA_EST_INCIDENCE,MALARIA_EST_INCIDENCE,442CEA8,MALARIA_EST_INCIDENCE,2007,YEAR,188,COUNTRY,PUBLISHED,Malaria cases,Costa Rica,0.79773737400000,0.79773737400000,0.79773737400000
442CEA8MALARIA_EST_INCIDENCE,MALARIA_EST_INCIDENCE,442CEA8,MALARIA_EST_INCIDENCE,2007,YEAR,204,COUNTRY,PUBLISHED,Malaria cases,Benin,496.75199900000000,394.79561240000000,615.27606640000000
442CEA8MALARIA_EST_INCIDENCE,MALARIA_EST_INCIDENCE,442CEA8,MALARIA_EST_INCIDENCE,2007,YEAR,214,COUNTRY,PUBLISHED,Malaria cases,Dominican Republic,0.66777194000000,0.54834866600000,0.79429917100000
442CEA8MALARIA_EST_INCIDENCE,MALARIA_EST_INCIDENCE,442CEA8,MALARIA_EST_INCIDENCE,2007,YEAR,218,COUNTRY,PUBLISHED,Malaria cases,Ecuador,1.00909900900000,1.00909900900000,1.00909900900000
442CEA8MALARIA_EST_INCIDENCE,MALARIA_EST_INCIDENCE,442CEA8,MALARIA_EST_INCIDENCE,2007,YEAR,222,COUNTRY,PUBLISHED,Malaria cases,El Salvador,0.03278704600000,0.03278704600000,0.03278704600000
442CEA8MALARIA_EST_INCIDENCE,MALARIA_EST_INCIDENCE,442CEA8,MALARIA_EST_INCIDENCE,2007,YEAR,226,COUNTRY,PUBLISHED,Malaria cases,Equatorial Guinea,353.64810760000000,259.47565930000000,472.58588920000000
442CEA8MALARIA_EST_INCIDENCE,MALARIA_EST_INCIDENCE,442CEA8,MALARIA_EST_INCIDENCE,2007,YEAR,231,COUNTRY,PUBLISHED,Malaria cases,Ethiopia,116.36705430000000,34.14807139000000,369.56675660000000
442CEA8MALARIA_EST_INCIDENCE,MALARIA_EST_INCIDENCE,442CEA8,MALARIA_EST_INCIDENCE,2007,YEAR,232,COUNTRY,PUBLISHED,Malaria cases,Eritrea,13.69484497000000,8.80594060600000,19.16332327000000
442CEA8MALARIA_EST_INCIDENCE,MALARIA_EST_INCIDENCE,442CEA8,MALARIA_EST_INCIDENCE,2007,YEAR,254,OVERSEAS DEPARTMENT,PUBLISHED,Malaria cases,French Guiana,46.58164780000000,41.48381562000000,54.10507474000000
442CEA8MALARIA_EST_INCIDENCE,MALARIA_EST_INCIDENCE,442CEA8,MALARIA_EST_INCIDENCE,2007,YEAR,262,COUNTRY,PUBLISHED,Malaria cases,Djibouti,3.07246597800000,2.36800975900000,3.77692219700000
442CEA8MALARIA_EST_INCIDENCE,MALARIA_EST_INCIDENCE,442CEA8,MALARIA_EST_INCIDENCE,2007,YEAR,266,COUNTRY,PUBLISHED,Malaria cases,Gabon,121.20454660000000,62.97038947000000,208.19283950000000
442CEA8MALARIA_EST_INCIDENCE,MALARIA_EST_INCIDENCE,442CEA8,MALARIA_EST_INCIDENCE,2007,YEAR,268,COUNTRY,PUBLISHED,Malaria cases,Georgia,0.60491493400000,0.60491493400000,0.60491493400000
442CEA8MALARIA_EST_INCIDENCE,MALARIA_EST_INCIDENCE,442CEA8,MALARIA_EST_INCIDENCE,2007,YEAR,270,COUNTRY,PUBLISHED,Malaria cases,Gambia,254.15214750000000,187.91485370000000,327.87535540000000
442CEA8MALARIA_EST_INCIDENCE,MALARIA_EST_INCIDENCE,442CEA8,MALARIA_EST_INCIDENCE,2007,YEAR,288,COUNTRY,PUBLISHED,Malaria cases,Ghana,305.83066890000000,242.23768150000000,382.58784720000000
442CEA8MALARIA_EST_INCIDENCE,MALARIA_EST_INCIDENCE,442CEA8,MALARIA_EST_INCIDENCE,2007,YEAR,320,COUNTRY,PUBLISHED,Malaria cases,Guatemala,1.74574561800000,1.55672586500000,2.03111030900000
442CEA8MALARIA_EST_INCIDENCE,MALARIA_EST_INCIDENCE,442CEA8,MALARIA_EST_INCIDENCE,2007,YEAR,324,COUNTRY,PUBLISHED,Malaria cases,Guinea,384.49041010000000,274.11156060000000,524.31577480000000
442CEA8MALARIA_EST_INCIDENCE,MALARIA_EST_INCIDENCE,442CEA8,MALARIA_EST_INCIDENCE,2007,YEAR,328,COUNTRY,PUBLISHED,Malaria cases,Guyana,20.73963481000000,17.63602251000000,24.22261052000000
442CEA8MALARIA_EST_INCIDENCE,MALARIA_EST_INCIDENCE,442CEA8,MALARIA_EST_INCIDENCE,2007,YEAR,332,COUNTRY,PUBLISHED,Malaria cases,Haiti,8.75202554500000,5.18129596700000,13.81683999000000
442CEA8MALARIA_EST_INCIDENCE,MALARIA_EST_INCIDENCE,442CEA8,MALARIA_EST_INCIDENCE,2007,YEAR,340,COUNTRY,PUBLISHED,Malaria cases,Honduras,2.10828603500000,1.57775872400000,2.66333862200000
442CEA8MALARIA_EST_INCIDENCE,MALARIA_EST_INCIDENCE,442CEA8,MALARIA_EST_INCIDENCE,2007,YEAR,356,COUNTRY,PUBLISHED,Malaria cases,India,14.90204722000000,11.27463044000000,20.00979171000000
442CEA8MALARIA_EST_INCIDENCE,MALARIA_EST_INCIDENCE,442CEA8,MALARIA_EST_INCIDENCE,2007,YEAR,360,COUNTRY,PUBLISHED,Malaria cases,Indonesia,5.28388024800000,4.36499092600000,6.52313340700000
442CEA8MALARIA_EST_INCIDENCE,MALARIA_EST_INCIDENCE,442CEA8,MALARIA_EST_INCIDENCE,2007,YEAR,364,COUNTRY,PUBLISHED,Malaria cases,Iran (Islamic Republic of),20.62773322000000,20.62773322000000,20.62773322000000
442CEA8MALARIA_EST_INCIDENCE,MALARIA_EST_INCIDENCE,442CEA8,MALARIA_EST_INCIDENCE,2007,YEAR,368,COUNTRY,PUBLISHED,Malaria cases,Iraq,0.00054187200000,0.00054187200000,0.00054187200000
442CEA8MALARIA_EST_INCIDENCE,MALARIA_EST_INCIDENCE,442CEA8,MALARIA_EST_INCIDENCE,2007,YEAR,384,COUNTRY,PUBLISHED,Malaria cases,Côte d'Ivoire,391.50725340000000,318.50056000000000,476.50614880000000
442CEA8MALARIA_EST_INCIDENCE,MALARIA_EST_INCIDENCE,442CEA8,MALARIA_EST_INCIDENCE,2007,YEAR,404,COUNTRY,PUBLISHED,Malaria cases,Kenya,94.83510102000000,71.03970205000000,124.56673090000000
442CEA8MALARIA_EST_INCIDENCE,MALARIA_EST_INCIDENCE,442CEA8,MALARIA_EST_INCIDENCE,2007,YEAR,408,COUNTRY,PUBLISHED,Malaria cases,Democratic People's Republic of Korea,0.49765954700000,0.49765954700000,0.49765954700000
442CEA8MALARIA_EST_INCIDENCE,MALARIA_EST_INCIDENCE,442CEA8,MALARIA_EST_INCIDENCE,2007,YEAR,410,COUNTRY,PUBLISHED,Malaria cases,Republic of Korea,0.66034725900000,0.66034725900000,0.66034725900000
442CEA8MALARIA_EST_INCIDENCE,MALARIA_EST_INCIDENCE,442CEA8,MALARIA_EST_INCIDENCE,2007,YEAR,417,COUNTRY,PUBLISHED,Malaria cases,Kyrgyzstan,0.02316363600000,0.02316363600000,0.02316363600000
442CEA8MALARIA_EST_INCIDENCE,MALARIA_EST_INCIDENCE,442CEA8,MALARIA_EST_INCIDENCE,2007,YEAR,418,COUNTRY,PUBLISHED,Malaria cases,Lao People's Democratic Republic,14.49824944000000,9.34409288700000,21.13294071000000
442CEA8MALARIA_EST_INCIDENCE,MALARIA_EST_INCIDENCE,442CEA8,MALARIA_EST_INCIDENCE,2007,YEAR,430,COUNTRY,PUBLISHED,Malaria cases,Liberia,372.67804270000000,285.57665760000000,479.66174610000000
442CEA8MALARIA_EST_INCIDENCE,MALARIA_EST_INCIDENCE,442CEA8,MALARIA_EST_INCIDENCE,2007,YEAR,450,COUNTRY,PUBLISHED,Malaria cases,Madagascar,30.67507217000000,8.81178820400000,59.23336534000000
442CEA8MALARIA_EST_INCIDENCE,MALARIA_EST_INCIDENCE,442CEA8,MALARIA_EST_INCIDENCE,2007,YEAR,454,COUNTRY,PUBLISHED,Malaria cases,Malawi,348.76446480000000,274.18720200000000,434.86502590000000
442CEA8MALARIA_EST_INCIDENCE,MALARIA_EST_INCIDENCE,442CEA8,MALARIA_EST_INCIDENCE,2007,YEAR,458,COUNTRY,PUBLISHED,Malaria cases,Malaysia,3.74837374500000,3.74837374500000,3.74837374500000
442CEA8MALARIA_EST_INCIDENCE,MALARIA_EST_INCIDENCE,442CEA8,MALARIA_EST_INCIDENCE,2007,YEAR,466,COUNTRY,PUBLISHED,Malaria cases,Mali,378.67073260000000,264.55013870000000,532.75481790000000
442CEA8MALARIA_EST_INCIDENCE,MALARIA_EST_INCIDENCE,442CEA8,MALARIA_EST_INCIDENCE,2007,YEAR,478,COUNTRY,PUBLISHED,Malaria cases,Mauritania,75.79971801000000,20.65972553000000,156.33668800000000
442CEA8MALARIA_EST_INCIDENCE,MALARIA_EST_INCIDENCE,442CEA8,MALARIA_EST_INCIDENCE,2007,YEAR,484,COUNTRY,PUBLISHED,Malaria cases,Mexico,1.02384372000000,1.02384372000000,1.02384372000000
442CEA8MALARIA_EST_INCIDENCE,MALARIA_EST_INCIDENCE,442CEA8,MALARIA_EST_INCIDENCE,2007,YEAR,504,COUNTRY,PUBLISHED,Malaria cases,Morocco,0.00000000000000,0.00000000000000,0.00000000000000
442CEA8MALARIA_EST_INCIDENCE,MALARIA_EST_INCIDENCE,442CEA8,MALARIA_EST_INCIDENCE,2007,YEAR,508,COUNTRY,PUBLISHED,Malaria cases,Mozambique,388.02022860000000,320.09738520000000,465.85034460000000
442CEA8MALARIA_EST_INCIDENCE,MALARIA_EST_INCIDENCE,442CEA8,MALARIA_EST_INCIDENCE,2007,YEAR,512,COUNTRY,PUBLISHED,Malaria cases,Oman,0.00155631500000,0.00155631500000,0.00155631500000
442CEA8MALARIA_EST_INCIDENCE,MALARIA_EST_INCIDENCE,442CEA8,MALARIA_EST_INCIDENCE,2007,YEAR,516,COUNTRY,PUBLISHED,Malaria cases,Namibia,12.89613503000000,3.94560693200000,30.22164588000000
442CEA8MALARIA_EST_INCIDENCE,MALARIA_EST_INCIDENCE,442CEA8,MALARIA_EST_INCIDENCE,2007,YEAR,524,COUNTRY,PUBLISHED,Malaria cases,Nepal,5.41725805100000,2.26728863100000,11.55354158000000
442CEA8MALARIA_EST_INCIDENCE,MALARIA_EST_INCIDENCE,442CEA8,MALARIA_EST_INCIDENCE,2007,YEAR,548,COUNTRY,PUBLISHED,Malaria cases,Vanuatu,123.42956310000000,67.96907482000000,538.18025900000000
442CEA8MALARIA_EST_INCIDENCE,MALARIA_EST_INCIDENCE,442CEA8,MALARIA_EST_INCIDENCE,2007,YEAR,558,COUNTRY,PUBLISHED,Malaria cases,Nicaragua,0.35492997100000,0.29477585300000,0.41839153300000
442CEA8MALARIA_EST_INCIDENCE,MALARIA_EST_INCIDENCE,442CEA8,MALARIA_EST_INCIDENCE,2007,YEAR,562,COUNTRY,PUBLISHED,Malaria cases,Niger,315.37350120000000,201.59106810000000,468.43015270000000
442CEA8MALARIA_EST_INCIDENCE,MALARIA_EST_INCIDENCE,442CEA8,MALARIA_EST_INCIDENCE,2007,YEAR,566,COUNTRY,PUBLISHED,Malaria cases,Nigeria,400.60955350000000,324.02819920000000,489.81634260000000
442CEA8MALARIA_EST_INCIDENCE,MALARIA_EST_INCIDENCE,442CEA8,MALARIA_EST_INCIDENCE,2007,YEAR,586,COUNTRY,PUBLISHED,Malaria cases,Pakistan,4.60586160200000,1.95355628600000,11.18644616000000
442CEA8MALARIA_EST_INCIDENCE,MALARIA_EST_INCIDENCE,442CEA8,MALARIA_EST_INCIDENCE,2007,YEAR,591,COUNTRY,PUBLISHED,Malaria cases,Panama,0.58572769600000,0.56358380200000,0.62480515500000
442CEA8MALARIA_EST_INCIDENCE,MALARIA_EST_INCIDENCE,442CEA8,MALARIA_EST_INCIDENCE,2007,YEAR,598,COUNTRY,PUBLISHED,Malaria cases,Papua New Guinea,179.69254430000000,58.80775817000000,327.80083820000000
442CEA8MALARIA_EST_INCIDENCE,MALARIA_EST_INCIDENCE,442CEA8,MALARIA_EST_INCIDENCE,2007,YEAR,600,COUNTRY,PUBLISHED,Malaria cases,Paraguay,6.68042391000000,6.68042391000000,6.68042391000000
442CEA8MALARIA_EST_INCIDENCE,MALARIA_EST_INCIDENCE,442CEA8,MALARIA_EST_INCIDENCE,2007,YEAR,604,COUNTRY,PUBLISHED,Malaria cases,Peru,5.58937906400000,4.75970881600000,6.48875480300000
442CEA8MALARIA_EST_INCIDENCE,MALARIA_EST_INCIDENCE,442CEA8,MALARIA_EST_INCIDENCE,2007,YEAR,608,COUNTRY,PUBLISHED,Malaria cases,Philippines,2.13306047600000,1.46140163400000,2.88300288800000
442CEA8MALARIA_EST_INCIDENCE,MALARIA_EST_INCIDENCE,442CEA8,MALARIA_EST_INCIDENCE,2007,YEAR,624,COUNTRY,PUBLISHED,Malaria cases,Guinea-Bissau,76.50389218000000,52.43705138000000,105.86425770000000
442CEA8MALARIA_EST_INCIDENCE,MALARIA_EST_INCIDENCE,442CEA8,MALARIA_EST_INCIDENCE,2007,YEAR,626,COUNTRY,PUBLISHED,Malaria cases,Timor-Leste,121.35451330000000,87.20673955000000,161.63378860000000
442CEA8MALARIA_EST_INCIDENCE,MALARIA_EST_INCIDENCE,442CEA8,MALARIA_EST_INCIDENCE,2007,YEAR,646,COUNTRY,PUBLISHED,Malaria cases,Rwanda,88.01726672000000,53.14601684000000,131.68674850000000
442CEA8MALARIA_EST_INCIDENCE,MALARIA_EST_INCIDENCE,442CEA8,MALARIA_EST_INCIDENCE,2007,YEAR,678,COUNTRY,PUBLISHED,Malaria cases,Sao Tome and Principe,14.26643646000000,14.26643646000000,14.26643646000000
442CEA8MALARIA_EST_INCIDENCE,MALARIA_EST_INCIDENCE,442CEA8,MALARIA_EST_INCIDENCE,2007,YEAR,682,COUNTRY,PUBLISHED,Malaria cases,Saudi Arabia,0.19469739400000,0.19469739400000,0.19469739400000
442CEA8MALARIA_EST_INCIDENCE,MALARIA_EST_INCIDENCE,442CEA8,MALARIA_EST_INCIDENCE,2007,YEAR,686,COUNTRY,PUBLISHED,Malaria cases,Senegal,98.56509704000000,29.73784409000000,183.75451340000000
442CEA8MALARIA_EST_INCIDENCE,MALARIA_EST_INCIDENCE,442CEA8,MALARIA_EST_INCIDENCE,2007,YEAR,694,COUNTRY,PUBLISHED,Malaria cases,Sierra Leone,405.14600600000000,293.98281750000000,548.46565320000000
442CEA8MALARIA_EST_INCIDENCE,MALARIA_EST_INCIDENCE,442CEA8,MALARIA_EST_INCIDENCE,2007,YEAR,704,COUNTRY,PUBLISHED,Malaria cases,Viet Nam,0.45463043200000,0.39445460500000,0.54384650300000
442CEA8MALARIA_EST_INCIDENCE,MALARIA_EST_INCIDENCE,442CEA8,MALARIA_EST_INCIDENCE,2007,YEAR,706,COUNTRY,PUBLISHED,Malaria cases,Somalia,95.90339870000000,70.82265740000000,127.02937390000000
442CEA8MALARIA_EST_INCIDENCE,MALARIA_EST_INCIDENCE,442CEA8,MALARIA_EST_INCIDENCE,2007,YEAR,710,COUNTRY,PUBLISHED,Malaria cases,South Africa,1.25216263700000,1.25216263700000,1.25216263700000
442CEA8MALARIA_EST_INCIDENCE,MALARIA_EST_INCIDENCE,442CEA8,MALARIA_EST_INCIDENCE,2007,YEAR,716,COUNTRY,PUBLISHED,Malaria cases,Zimbabwe,167.62362800000000,72.05225565000000,292.20190710000000
442CEA8MALARIA_EST_INCIDENCE,MALARIA_EST_INCIDENCE,442CEA8,MALARIA_EST_INCIDENCE,2007,YEAR,728,COUNTRY,PUBLISHED,Malaria cases,South Sudan,274.79968200000000,210.89218560000000,349.95884690000000
442CEA8MALARIA_EST_INCIDENCE,MALARIA_EST_INCIDENCE,442CEA8,MALARIA_EST_INCIDENCE,2007,YEAR,729,COUNTRY,PUBLISHED,Malaria cases,Sudan,45.08191793000000,32.88858863000000,60.54600741000000
442CEA8MALARIA_EST_INCIDENCE,MALARIA_EST_INCIDENCE,442CEA8,MALARIA_EST_INCIDENCE,2009,YEAR,768,COUNTRY,PUBLISHED,Malaria cases,Togo,343.14901180000000,255.45511090000000,451.08203160000000
442CEA8MALARIA_EST_INCIDENCE,MALARIA_EST_INCIDENCE,442CEA8,MALARIA_EST_INCIDENCE,2009,YEAR,792,COUNTRY,PUBLISHED,Malaria cases,Türkiye,0.00806757200000,0.00806757200000,0.00806757200000
442CEA8MALARIA_EST_INCIDENCE,MALARIA_EST_INCIDENCE,442CEA8,MALARIA_EST_INCIDENCE,2009,YEAR,795,COUNTRY,PUBLISHED,Malaria cases,Turkmenistan,0.00000000000000,0.00000000000000,0.00000000000000
442CEA8MALARIA_EST_INCIDENCE,MALARIA_EST_INCIDENCE,442CEA8,MALARIA_EST_INCIDENCE,2009,YEAR,800,COUNTRY,PUBLISHED,Malaria cases,Uganda,422.79985240000000,341.70236490000000,518.94013120000000
442CEA8MALARIA_EST_INCIDENCE,MALARIA_EST_INCIDENCE,442CEA8,MALARIA_EST_INCIDENCE,2009,YEAR,818,COUNTRY,PUBLISHED,Malaria cases,Egypt,0.00000000000000,0.00000000000000,0.00000000000000
442CEA8MALARIA_EST_INCIDENCE,MALARIA_EST_INCIDENCE,442CEA8,MALARIA_EST_INCIDENCE,2009,YEAR,834,COUNTRY,PUBLISHED,Malaria cases,United Republic of Tanzania,155.41708190000000,115.05362870000000,205.54786590000000
442CEA8MALARIA_EST_INCIDENCE,MALARIA_EST_INCIDENCE,442CEA8,MALARIA_EST_INCIDENCE,2009,YEAR,854,COUNTRY,PUBLISHED,Malaria cases,Burkina Faso,568.59421010000000,454.96230920000000,697.21769290000000
442CEA8MALARIA_EST_INCIDENCE,MALARIA_EST_INCIDENCE,442CEA8,MALARIA_EST_INCIDENCE,2009,YEAR,860,COUNTRY,PUBLISHED,Malaria cases,Uzbekistan,0.00000000000000,0.00000000000000,0.00000000000000
442CEA8MALARIA_EST_INCIDENCE,MALARIA_EST_INCIDENCE,442CEA8,MALARIA_EST_INCIDENCE,2009,YEAR,862,COUNTRY,PUBLISHED,Malaria cases,Venezuela (Bolivarian Republic of),2.94862934500000,2.62744275300000,3.42102575900000
442CEA8MALARIA_EST_INCIDENCE,MALARIA_EST_INCIDENCE,442CEA8,MALARIA_EST_INCIDENCE,2009,YEAR,887,COUNTRY,PUBLISHED,Malaria cases,Yemen,42.06641425000000,21.63302250000000,98.35052868000000
442CEA8MALARIA_EST_INCIDENCE,MALARIA_EST_INCIDENCE,442CEA8,MALARIA_EST_INCIDENCE,2009,YEAR,894,COUNTRY,PUBLISHED,Malaria cases,Zambia,166.78444190000000,129.91559950000000,210.04955270000000
442CEA8MALARIA_EST_INCIDENCE,MALARIA_EST_INCIDENCE,442CEA8,MALARIA_EST_INCIDENCE,2009,YEAR,953,WHOREGION,PUBLISHED,Malaria cases,Africa,292.63733880000000,269.15723800000000,321.09022770000000
442CEA8MALARIA_EST_INCIDENCE,MALARIA_EST_INCIDENCE,442CEA8,MALARIA_EST_INCIDENCE,2009,YEAR,954,WHOREGION,PUBLISHED,Malaria cases,Americas,5.14788564200000,4.75188667900000,5.63345764100000
442CEA8MALARIA_EST_INCIDENCE,MALARIA_EST_INCIDENCE,442CEA8,MALARIA_EST_INCIDENCE,2009,YEAR,955,WHOREGION,PUBLISHED,Malaria cases,South-East Asia,14.18479797000000,11.04750517000000,18.59524096000000
442CEA8MALARIA_EST_INCIDENCE,MALARIA_EST_INCIDENCE,442CEA8,MALARIA_EST_INCIDENCE,2009,YEAR,956,WHOREGION,PUBLISHED,Malaria cases,Europe,0.00891916700000,0.00891916700000,0.00891916700000
442CEA8MALARIA_EST_INCIDENCE,MALARIA_EST_INCIDENCE,442CEA8,MALARIA_EST_INCIDENCE,2009,YEAR,957,WHOREGION,PUBLISHED,Malaria cases,Eastern Mediterranean,8.38267713500000,6.51413777700000,12.13989570000000
442CEA8MALARIA_EST_INCIDENCE,MALARIA_EST_INCIDENCE,442CEA8,MALARIA_EST_INCIDENCE,2011,YEAR,332,COUNTRY,PUBLISHED,Malaria cases,Haiti,9.19862368900000,5.57665220600000,14.29493700000000
442CEA8MALARIA_EST_INCIDENCE,MALARIA_EST_INCIDENCE,442CEA8,MALARIA_EST_INCIDENCE,2011,YEAR,340,COUNTRY,PUBLISHED,Malaria cases,Honduras,1.32741990100000,1.04187402900000,1.62072165900000
442CEA8MALARIA_EST_INCIDENCE,MALARIA_EST_INCIDENCE,442CEA8,MALARIA_EST_INCIDENCE,2011,YEAR,356,COUNTRY,PUBLISHED,Malaria cases,India,10.54455854000000,8.28067163700000,13.31586639000000
442CEA8MALARIA_EST_INCIDENCE,MALARIA_EST_INCIDENCE,442CEA8,MALARIA_EST_INCIDENCE,2011,YEAR,360,COUNTRY,PUBLISHED,Malaria cases,Indonesia,7.26165778500000,6.54420587900000,8.08552137000000
442CEA8MALARIA_EST_INCIDENCE,MALARIA_EST_INCIDENCE,442CEA8,MALARIA_EST_INCIDENCE,2011,YEAR,364,COUNTRY,PUBLISHED,Malaria cases,Iran (Islamic Republic of),2.03924547900000,2.03924547900000,2.03924547900000
442CEA8MALARIA_EST_INCIDENCE,MALARIA_EST_INCIDENCE,442CEA8,MALARIA_EST_INCIDENCE,2011,YEAR,368,COUNTRY,PUBLISHED,Malaria cases,Iraq,0.00000000000000,0.00000000000000,0.00000000000000
442CEA8MALARIA_EST_INCIDENCE,MALARIA_EST_INCIDENCE,442CEA8,MALARIA_EST_INCIDENCE,2011,YEAR,384,COUNTRY,PUBLISHED,Malaria cases,Côte d'Ivoire,461.57943010000000,379.91393940000000,557.13711410000000
442CEA8MALARIA_EST_INCIDENCE,MALARIA_EST_INCIDENCE,442CEA8,MALARIA_EST_INCIDENCE,2011,YEAR,398,COUNTRY,PUBLISHED,Malaria cases,Kazakhstan,0.00000000000000,0.00000000000000,0.00000000000000
442CEA8MALARIA_EST_INCIDENCE,MALARIA_EST_INCIDENCE,442CEA8,MALARIA_EST_INCIDENCE,2011,YEAR,404,COUNTRY,PUBLISHED,Malaria cases,Kenya,82.58194793000000,61.28061473000000,109.71695870000000
442CEA8MALARIA_EST_INCIDENCE,MALARIA_EST_INCIDENCE,442CEA8,MALARIA_EST_INCIDENCE,2011,YEAR,408,COUNTRY,PUBLISHED,Malaria cases,Democratic People's Republic of Korea,1.70818162900000,1.70818162900000,1.70818162900000
442CEA8MALARIA_EST_INCIDENCE,MALARIA_EST_INCIDENCE,442CEA8,MALARIA_EST_INCIDENCE,2011,YEAR,410,COUNTRY,PUBLISHED,Malaria cases,Republic of Korea,0.14684778900000,0.14684778900000,0.14684778900000
442CEA8MALARIA_EST_INCIDENCE,MALARIA_EST_INCIDENCE,442CEA8,MALARIA_EST_INCIDENCE,2011,YEAR,417,COUNTRY,PUBLISHED,Malaria cases,Kyrgyzstan,0.00000000000000,0.00000000000000,0.00000000000000
442CEA8MALARIA_EST_INCIDENCE,MALARIA_EST_INCIDENCE,442CEA8,MALARIA_EST_INCIDENCE,2011,YEAR,418,COUNTRY,PUBLISHED,Malaria cases,Lao People's Democratic Republic,9.08077964400000,6.60196394400000,11.97762939000000
442CEA8MALARIA_EST_INCIDENCE,MALARIA_EST_INCIDENCE,442CEA8,MALARIA_EST_INCIDENCE,2011,YEAR,430,COUNTRY,PUBLISHED,Malaria cases,Liberia,299.37685640000000,224.06378030000000,393.17749100000000
442CEA8MALARIA_EST_INCIDENCE,MALARIA_EST_INCIDENCE,442CEA8,MALARIA_EST_INCIDENCE,2011,YEAR,450,COUNTRY,PUBLISHED,Malaria cases,Madagascar,37.07720243000000,22.59654144000000,54.43930298000000
442CEA8MALARIA_EST_INCIDENCE,MALARIA_EST_INCIDENCE,442CEA8,MALARIA_EST_INCIDENCE,2011,YEAR,454,COUNTRY,PUBLISHED,Malaria cases,Malawi,395.24659710000000,318.78056910000000,484.14471820000000
442CEA8MALARIA_EST_INCIDENCE,MALARIA_EST_INCIDENCE,442CEA8,MALARIA_EST_INCIDENCE,2011,YEAR,458,COUNTRY,PUBLISHED,Malaria cases,Malaysia,3.38968230100000,3.38968230100000,3.38968230100000
442CEA8MALARIA_EST_INCIDENCE,MALARIA_EST_INCIDENCE,442CEA8,MALARIA_EST_INCIDENCE,2011,YEAR,466,COUNTRY,PUBLISHED,Malaria cases,Mali,394.18240000000000,281.38794130000000,537.88033940000000
442CEA8MALARIA_EST_INCIDENCE,MALARIA_EST_INCIDENCE,442CEA8,MALARIA_EST_INCIDENCE,2011,YEAR,478,COUNTRY,PUBLISHED,Malaria cases,Mauritania,46.38845773000000,9.15570380500000,99.52013540000000
442CEA8MALARIA_EST_INCIDENCE,MALARIA_EST_INCIDENCE,442CEA8,MALARIA_EST_INCIDENCE,2011,YEAR,484,COUNTRY,PUBLISHED,Malaria cases,Mexico,0.42526856600000,0.42526856600000,0.42526856600000
442CEA8MALARIA_EST_INCIDENCE,MALARIA_EST_INCIDENCE,442CEA8,MALARIA_EST_INCIDENCE,2011,YEAR,504,COUNTRY,PUBLISHED,Malaria cases,Morocco,0.00000000000000,0.00000000000000,0.00000000000000
442CEA8MALARIA_EST_INCIDENCE,MALARIA_EST_INCIDENCE,442CEA8,MALARIA_EST_INCIDENCE,2011,YEAR,508,COUNTRY,PUBLISHED,Malaria cases,Mozambique,375.98821670000000,309.26422320000000,453.35258970000000
442CEA8MALARIA_EST_INCIDENCE,MALARIA_EST_INCIDENCE,442CEA8,MALARIA_EST_INCIDENCE,2011,YEAR,512,COUNTRY,PUBLISHED,Malaria cases,Oman,0.00000000000000,0.00000000000000,0.00000000000000
442CEA8MALARIA_EST_INCIDENCE,MALARIA_EST_INCIDENCE,442CEA8,MALARIA_EST_INCIDENCE,2011,YEAR,516,COUNTRY,PUBLISHED,Malaria cases,Namibia,1.81493210100000,1.25200672700000,2.78109582700000
442CEA8MALARIA_EST_INCIDENCE,MALARIA_EST_INCIDENCE,442CEA8,MALARIA_EST_INCIDENCE,2011,YEAR,524,COUNTRY,PUBLISHED,Malaria cases,Nepal,2.32093757300000,1.21650190100000,4.94127320800000
442CEA8MALARIA_EST_INCIDENCE,MALARIA_EST_INCIDENCE,442CEA8,MALARIA_EST_INCIDENCE,2011,YEAR,548,COUNTRY,PUBLISHED,Malaria cases,Vanuatu,47.77121077000000,36.49655198000000,64.44677644000000
442CEA8MALARIA_EST_INCIDENCE,MALARIA_EST_INCIDENCE,442CEA8,MALARIA_EST_INCIDENCE,2011,YEAR,558,COUNTRY,PUBLISHED,Malaria cases,Nicaragua,0.22867681500000,0.19001070900000,0.27046745400000
442CEA8MALARIA_EST_INCIDENCE,MALARIA_EST_INCIDENCE,442CEA8,MALARIA_EST_INCIDENCE,2011,YEAR,562,COUNTRY,PUBLISHED,Malaria cases,Niger,424.02014450000000,296.54815310000000,584.37129850000000
442CEA8MALARIA_EST_INCIDENCE,MALARIA_EST_INCIDENCE,442CEA8,MALARIA_EST_INCIDENCE,2011,YEAR,566,COUNTRY,PUBLISHED,Malaria cases,Nigeria,339.50662750000000,273.75947210000000,416.17991680000000
442CEA8MALARIA_EST_INCIDENCE,MALARIA_EST_INCIDENCE,442CEA8,MALARIA_EST_INCIDENCE,2011,YEAR,586,COUNTRY,PUBLISHED,Malaria cases,Pakistan,9.51518918500000,4.54654110500000,18.77098954000000
442CEA8MALARIA_EST_INCIDENCE,MALARIA_EST_INCIDENCE,442CEA8,MALARIA_EST_INCIDENCE,2011,YEAR,591,COUNTRY,PUBLISHED,Malaria cases,Panama,0.15032441000000,0.14506103500000,0.16042685700000
442CEA8MALARIA_EST_INCIDENCE,MALARIA_EST_INCIDENCE,442CEA8,MALARIA_EST_INCIDENCE,2011,YEAR,598,COUNTRY,PUBLISHED,Malaria cases,Papua New Guinea,114.39297880000000,41.47868029000000,202.67335540000000
442CEA8MALARIA_EST_INCIDENCE,MALARIA_EST_INCIDENCE,442CEA8,MALARIA_EST_INCIDENCE,2011,YEAR,600,COUNTRY,PUBLISHED,Malaria cases,Paraguay,0.00477723700000,0.00477723700000,0.00477723700000
442CEA8MALARIA_EST_INCIDENCE,MALARIA_EST_INCIDENCE,442CEA8,MALARIA_EST_INCIDENCE,2011,YEAR,604,COUNTRY,PUBLISHED,Malaria cases,Peru,2.68683046500000,2.28073016700000,3.11587056300000
442CEA8MALARIA_EST_INCIDENCE,MALARIA_EST_INCIDENCE,442CEA8,MALARIA_EST_INCIDENCE,2011,YEAR,608,COUNTRY,PUBLISHED,Malaria cases,Philippines,0.41945101600000,0.29758478300000,0.54950573300000
442CEA8MALARIA_EST_INCIDENCE,MALARIA_EST_INCIDENCE,442CEA8,MALARIA_EST_INCIDENCE,2011,YEAR,624,COUNTRY,PUBLISHED,Malaria cases,Guinea-Bissau,129.30607760000000,67.91398541000000,226.91063730000000
442CEA8MALARIA_EST_INCIDENCE,MALARIA_EST_INCIDENCE,442CEA8,MALARIA_EST_INCIDENCE,2011,YEAR,626,COUNTRY,PUBLISHED,Malaria cases,Timor-Leste,29.52421085000000,23.68973625000000,36.08944032000000
442CEA8MALARIA_EST_INCIDENCE,MALARIA_EST_INCIDENCE,442CEA8,MALARIA_EST_INCIDENCE,2011,YEAR,646,COUNTRY,PUBLISHED,Malaria cases,Rwanda,36.94163641000000,27.57434626000000,46.78889660000000
442CEA8MALARIA_EST_INCIDENCE,MALARIA_EST_INCIDENCE,442CEA8,MALARIA_EST_INCIDENCE,2011,YEAR,678,COUNTRY,PUBLISHED,Malaria cases,Sao Tome and Principe,45.47290855000000,45.47290855000000,45.47290855000000
442CEA8MALARIA_EST_INCIDENCE,MALARIA_EST_INCIDENCE,442CEA8,MALARIA_EST_INCIDENCE,2011,YEAR,682,COUNTRY,PUBLISHED,Malaria cases,Saudi Arabia,0.02464854400000,0.02464854400000,0.02464854400000
442CEA8MALARIA_EST_INCIDENCE,MALARIA_EST_INCIDENCE,442CEA8,MALARIA_EST_INCIDENCE,2011,YEAR,686,COUNTRY,PUBLISHED,Malaria cases,Senegal,48.30951649000000,34.05249182000000,64.26115311000000
442CEA8MALARIA_EST_INCIDENCE,MALARIA_EST_INCIDENCE,442CEA8,MALARIA_EST_INCIDENCE,2011,YEAR,694,COUNTRY,PUBLISHED,Malaria cases,Sierra Leone,427.78982700000000,331.89785790000000,543.51693710000000
442CEA8MALARIA_EST_INCIDENCE,MALARIA_EST_INCIDENCE,442CEA8,MALARIA_EST_INCIDENCE,2011,YEAR,704,COUNTRY,PUBLISHED,Malaria cases,Viet Nam,0.30990714800000,0.28469249200000,0.34964707300000
442CEA8MALARIA_EST_INCIDENCE,MALARIA_EST_INCIDENCE,442CEA8,MALARIA_EST_INCIDENCE,2011,YEAR,706,COUNTRY,PUBLISHED,Malaria cases,Somalia,33.62164675000000,23.78744586000000,46.35468097000000
442CEA8MALARIA_EST_INCIDENCE,MALARIA_EST_INCIDENCE,442CEA8,MALARIA_EST_INCIDENCE,2011,YEAR,710,COUNTRY,PUBLISHED,Malaria cases,South Africa,1.86167803900000,1.86167803900000,1.86167803900000
442CEA8MALARIA_EST_INCIDENCE,MALARIA_EST_INCIDENCE,442CEA8,MALARIA_EST_INCIDENCE,2011,YEAR,716,COUNTRY,PUBLISHED,Malaria cases,Zimbabwe,67.44538249000000,44.33334037000000,93.00385516000000
442CEA8MALARIA_EST_INCIDENCE,MALARIA_EST_INCIDENCE,442CEA8,MALARIA_EST_INCIDENCE,2013,YEAR,686,COUNTRY,PUBLISHED,Malaria cases,Senegal,57.86767836000000,41.28246726000000,76.75070304000000
442CEA8MALARIA_EST_INCIDENCE,MALARIA_EST_INCIDENCE,442CEA8,MALARIA_EST_INCIDENCE,2013,YEAR,694,COUNTRY,PUBLISHED,Malaria cases,Sierra Leone,396.12299640000000,319.82110350000000,487.21563180000000
442CEA8MALARIA_EST_INCIDENCE,MALARIA_EST_INCIDENCE,442CEA8,MALARIA_EST_INCIDENCE,2013,YEAR,704,COUNTRY,PUBLISHED,Malaria cases,Viet Nam,0.31100480200000,0.28633115500000,0.34931112500000
442CEA8MALARIA_EST_INCIDENCE,MALARIA_EST_INCIDENCE,442CEA8,MALARIA_EST_INCIDENCE,2013,YEAR,706,COUNTRY,PUBLISHED,Malaria cases,Somalia,40.42660553000000,28.42163863000000,55.46021498000000
442CEA8MALARIA_EST_INCIDENCE,MALARIA_EST_INCIDENCE,442CEA8,MALARIA_EST_INCIDENCE,2013,YEAR,710,COUNTRY,PUBLISHED,Malaria cases,South Africa,1.58105181200000,1.58105181200000,1.58105181200000
442CEA8MALARIA_EST_INCIDENCE,MALARIA_EST_INCIDENCE,442CEA8,MALARIA_EST_INCIDENCE,2013,YEAR,716,COUNTRY,PUBLISHED,Malaria cases,Zimbabwe,78.26947550000000,55.66515126000000,102.48781340000000
442CEA8MALARIA_EST_INCIDENCE,MALARIA_EST_INCIDENCE,442CEA8,MALARIA_EST_INCIDENCE,2013,YEAR,728,COUNTRY,PUBLISHED,Malaria cases,South Sudan,276.10138560000000,209.06550300000000,358.61470590000000
442CEA8MALARIA_EST_INCIDENCE,MALARIA_EST_INCIDENCE,442CEA8,MALARIA_EST_INCIDENCE,2013,YEAR,729,COUNTRY,PUBLISHED,Malaria cases,Sudan,33.69962744000000,24.53113928000000,45.00963760000000
442CEA8MALARIA_EST_INCIDENCE,MALARIA_EST_INCIDENCE,442CEA8,MALARIA_EST_INCIDENCE,2013,YEAR,740,COUNTRY,PUBLISHED,Malaria cases,Suriname,6.24672790400000,6.24672790400000,6.24672790400000
442CEA8MALARIA_EST_INCIDENCE,MALARIA_EST_INCIDENCE,442CEA8,MALARIA_EST_INCIDENCE,2013,YEAR,748,COUNTRY,PUBLISHED,Malaria cases,Eswatini,2.30090677200000,2.30090677200000,2.30090677200000
442CEA8MALARIA_EST_INCIDENCE,MALARIA_EST_INCIDENCE,442CEA8,MALARIA_EST_INCIDENCE,2013,YEAR,760,COUNTRY,PUBLISHED,Malaria cases,Syrian Arab Republic,0.00000000000000,0.00000000000000,0.00000000000000
442CEA8MALARIA_EST_INCIDENCE,MALARIA_EST_INCIDENCE,442CEA8,MALARIA_EST_INCIDENCE,2013,YEAR,762,COUNTRY,PUBLISHED,Malaria cases,Tajikistan,0.00145752100000,0.00145752100000,0.00145752100000
442CEA8MALARIA_EST_INCIDENCE,MALARIA_EST_INCIDENCE,442CEA8,MALARIA_EST_INCIDENCE,2013,YEAR,764,COUNTRY,PUBLISHED,Malaria cases,Thailand,3.13887148500000,3.13887148500000,3.13887148500000
442CEA8MALARIA_EST_INCIDENCE,MALARIA_EST_INCIDENCE,442CEA8,MALARIA_EST_INCIDENCE,2013,YEAR,768,COUNTRY,PUBLISHED,Malaria cases,Togo,369.59089100000000,301.62314110000000,448.02582670000000
442CEA8MALARIA_EST_INCIDENCE,MALARIA_EST_INCIDENCE,442CEA8,MALARIA_EST_INCIDENCE,2013,YEAR,784,COUNTRY,PUBLISHED,Malaria cases,United Arab Emirates,0.00000000000000,0.00000000000000,0.00000000000000
442CEA8MALARIA_EST_INCIDENCE,MALARIA_EST_INCIDENCE,442CEA8,MALARIA_EST_INCIDENCE,2013,YEAR,792,COUNTRY,PUBLISHED,Malaria cases,Türkiye,0.00000000000000,0.00000000000000,0.00000000000000
442CEA8MALARIA_EST_INCIDENCE,MALARIA_EST_INCIDENCE,442CEA8,MALARIA_EST_INCIDENCE,2013,YEAR,795,COUNTRY,PUBLISHED,Malaria cases,Turkmenistan,0.00000000000000,0.00000000000000,0.00000000000000
442CEA8MALARIA_EST_INCIDENCE,MALARIA_EST_INCIDENCE,442CEA8,MALARIA_EST_INCIDENCE,2013,YEAR,800,COUNTRY,PUBLISHED,Malaria cases,Uganda,310.27359340000000,244.56393170000000,387.75446950000000
442CEA8MALARIA_EST_INCIDENCE,MALARIA_EST_INCIDENCE,442CEA8,MALARIA_EST_INCIDENCE,2013,YEAR,818,COUNTRY,PUBLISHED,Malaria cases,Egypt,0.00000000000000,0.00000000000000,0.00000000000000
442CEA8MALARIA_EST_INCIDENCE,MALARIA_EST_INCIDENCE,442CEA8,MALARIA_EST_INCIDENCE,2013,YEAR,834,COUNTRY,PUBLISHED,Malaria cases,United Republic of Tanzania,131.79889250000000,98.46420196000000,174.16767890000000
442CEA8MALARIA_EST_INCIDENCE,MALARIA_EST_INCIDENCE,442CEA8,MALARIA_EST_INCIDENCE,2013,YEAR,854,COUNTRY,PUBLISHED,Malaria cases,Burkina Faso,487.14443390000000,392.27445240000000,598.67424230000000
442CEA8MALARIA_EST_INCIDENCE,MALARIA_EST_INCIDENCE,442CEA8,MALARIA_EST_INCIDENCE,2013,YEAR,860,COUNTRY,PUBLISHED,Malaria cases,Uzbekistan,0.00000000000000,0.00000000000000,0.00000000000000
442CEA8MALARIA_EST_INCIDENCE,MALARIA_EST_INCIDENCE,442CEA8,MALARIA_EST_INCIDENCE,2013,YEAR,862,COUNTRY,PUBLISHED,Malaria cases,Venezuela (Bolivarian Republic of),6.16350560400000,5.47876822700000,7.15471327100000
442CEA8MALARIA_EST_INCIDENCE,MALARIA_EST_INCIDENCE,442CEA8,MALARIA_EST_INCIDENCE,2013,YEAR,887,COUNTRY,PUBLISHED,Malaria cases,Yemen,37.12470527000000,25.93938863000000,53.48495694000000
442CEA8MALARIA_EST_INCIDENCE,MALARIA_EST_INCIDENCE,442CEA8,MALARIA_EST_INCIDENCE,2013,YEAR,894,COUNTRY,PUBLISHED,Malaria cases,Zambia,228.02556560000000,177.38171680000000,287.93337810000000
442CEA8MALARIA_EST_INCIDENCE,MALARIA_EST_INCIDENCE,442CEA8,MALARIA_EST_INCIDENCE,2013,YEAR,953,WHOREGION,PUBLISHED,Malaria cases,Africa,253.96427650000000,235.43236210000000,275.48465890000000
442CEA8MALARIA_EST_INCIDENCE,MALARIA_EST_INCIDENCE,442CEA8,MALARIA_EST_INCIDENCE,2013,YEAR,954,WHOREGION,PUBLISHED,Malaria cases,Americas,4.10363387200000,3.77996632000000,4.48696328100000
442CEA8MALARIA_EST_INCIDENCE,MALARIA_EST_INCIDENCE,442CEA8,MALARIA_EST_INCIDENCE,2013,YEAR,955,WHOREGION,PUBLISHED,Malaria cases,South-East Asia,6.32872037700000,5.12172741600000,7.71949212700000
442CEA8MALARIA_EST_INCIDENCE,MALARIA_EST_INCIDENCE,442CEA8,MALARIA_EST_INCIDENCE,2013,YEAR,956,WHOREGION,PUBLISHED,Malaria cases,Europe,0.00011981800000,0.00011981800000,0.00011981800000
442CEA8MALARIA_EST_INCIDENCE,MALARIA_EST_INCIDENCE,442CEA8,MALARIA_EST_INCIDENCE,2013,YEAR,957,WHOREGION,PUBLISHED,Malaria cases,Eastern Mediterranean,8.78744002600000,6.99126911600000,11.74877039000000
442CEA8MALARIA_EST_INCIDENCE,MALARIA_EST_INCIDENCE,442CEA8,MALARIA_EST_INCIDENCE,2013,YEAR,958,WHOREGION,PUBLISHED,Malaria cases,Western Pacific,3.33054606900000,2.64740503500000,4.16488394700000
442CEA8MALARIA_EST_INCIDENCE,MALARIA_EST_INCIDENCE,442CEA8,MALARIA_EST_INCIDENCE,2014,YEAR,001,GLOBAL,PUBLISHED,Malaria cases,World,58.68533160000000,54.49613707000000,63.41437790000000
442CEA8MALARIA_EST_INCIDENCE,MALARIA_EST_INCIDENCE,442CEA8,MALARIA_EST_INCIDENCE,2014,YEAR,004,COUNTRY,PUBLISHED,Malaria cases,Afghanistan,12.60514093000000,8.72673727400000,17.51593900000000
442CEA8MALARIA_EST_INCIDENCE,MALARIA_EST_INCIDENCE,442CEA8,MALARIA_EST_INCIDENCE,2014,YEAR,012,COUNTRY,PUBLISHED,Malaria cases,Algeria,0.00000000000000,0.00000000000000,0.00000000000000
442CEA8MALARIA_EST_INCIDENCE,MALARIA_EST_INCIDENCE,442CEA8,MALARIA_EST_INCIDENCE,2014,YEAR,024,COUNTRY,PUBLISHED,Malaria cases,Angola,163.85861530000000,120.28763430000000,216.98982820000000
442CEA8MALARIA_EST_INCIDENCE,MALARIA_EST_INCIDENCE,442CEA8,MALARIA_EST_INCIDENCE,2014,YEAR,031,COUNTRY,PUBLISHED,Malaria cases,Azerbaijan,0.00000000000000,0.00000000000000,0.00000000000000
442CEA8MALARIA_EST_INCIDENCE,MALARIA_EST_INCIDENCE,442CEA8,MALARIA_EST_INCIDENCE,2014,YEAR,032,COUNTRY,PUBLISHED,Malaria cases,Argentina,0.00000000000000,0.00000000000000,0.00000000000000
442CEA8MALARIA_EST_INCIDENCE,MALARIA_EST_INCIDENCE,442CEA8,MALARIA_EST_INCIDENCE,2014,YEAR,050,COUNTRY,PUBLISHED,Malaria cases,Bangladesh,3.89299269000000,3.51117553900000,4.32059688200000
442CEA8MALARIA_EST_INCIDENCE,MALARIA_EST_INCIDENCE,442CEA8,MALARIA_EST_INCIDENCE,2014,YEAR,051,COUNTRY,PUBLISHED,Malaria cases,Armenia,0.00000000000000,0.00000000000000,0.00000000000000
442CEA8MALARIA_EST_INCIDENCE,MALARIA_EST_INCIDENCE,442CEA8,MALARIA_EST_INCIDENCE,2014,YEAR,064,COUNTRY,PUBLISHED,Malaria cases,Bhutan,0.03502155700000,0.03502155700000,0.03502155700000
442CEA8MALARIA_EST_INCIDENCE,MALARIA_EST_INCIDENCE,442CEA8,MALARIA_EST_INCIDENCE,2014,YEAR,068,COUNTRY,PUBLISHED,Malaria cases,Bolivia (Plurinational State of),2.23372881800000,1.70079533700000,2.82520777400000
442CEA8MALARIA_EST_INCIDENCE,MALARIA_EST_INCIDENCE,442CEA8,MALARIA_EST_INCIDENCE,2014,YEAR,072,COUNTRY,PUBLISHED,Malaria cases,Botswana,1.44164564300000,1.12220585700000,1.92847882100000
442CEA8MALARIA_EST_INCIDENCE,MALARIA_EST_INCIDENCE,442CEA8,MALARIA_EST_INCIDENCE,2014,YEAR,076,COUNTRY,PUBLISHED,Malaria cases,Brazil,3.60927664300000,3.46657752600000,3.84242925700000
442CEA8MALARIA_EST_INCIDENCE,MALARIA_EST_INCIDENCE,442CEA8,MALARIA_EST_INCIDENCE,2014,YEAR,084,COUNTRY,PUBLISHED,Malaria cases,Belize,0.07891807500000,0.07891807500000,0.07891807500000
442CEA8MALARIA_EST_INCIDENCE,MALARIA_EST_INCIDENCE,442CEA8,MALARIA_EST_INCIDENCE,2014,YEAR,090,COUNTRY,PUBLISHED,Malaria cases,Solomon Islands,56.98515566000000,42.81840167000000,74.52950365000000
442CEA8MALARIA_EST_INCIDENCE,MALARIA_EST_INCIDENCE,442CEA8,MALARIA_EST_INCIDENCE,2014,YEAR,104,COUNTRY,PUBLISHED,Malaria cases,Myanmar,8.68969783300000,6.38641722100000,12.05395759000000
442CEA8MALARIA_EST_INCIDENCE,MALARIA_EST_INCIDENCE,442CEA8,MALARIA_EST_INCIDENCE,2014,YEAR,108,COUNTRY,PUBLISHED,Malaria cases,Burundi,250.85573460000000,185.53320740000000,331.54310940000000
442CEA8MALARIA_EST_INCIDENCE,MALARIA_EST_INCIDENCE,442CEA8,MALARIA_EST_INCIDENCE,2014,YEAR,116,COUNTRY,PUBLISHED,Malaria cases,Cambodia,21.95272015000000,18.98786720000000,25.73811022000000
442CEA8MALARIA_EST_INCIDENCE,MALARIA_EST_INCIDENCE,442CEA8,MALARIA_EST_INCIDENCE,2014,YEAR,120,COUNTRY,PUBLISHED,Malaria cases,Cameroon,272.50689750000000,192.31400400000000,374.67113510000000
442CEA8MALARIA_EST_INCIDENCE,MALARIA_EST_INCIDENCE,442CEA8,MALARIA_EST_INCIDENCE,2014,YEAR,132,COUNTRY,PUBLISHED,Malaria cases,Cabo Verde,0.19518933400000,0.19518933400000,0.19518933400000
442CEA8MALARIA_EST_INCIDENCE,MALARIA_EST_INCIDENCE,442CEA8,MALARIA_EST_INCIDENCE,2014,YEAR,140,COUNTRY,PUBLISHED,Malaria cases,Central African Republic,420.39270790000000,245.50958630000000,672.44439540000000
442CEA8MALARIA_EST_INCIDENCE,MALARIA_EST_INCIDENCE,442CEA8,MALARIA_EST_INCIDENCE,2014,YEAR,144,COUNTRY,PUBLISHED,Malaria cases,Sri Lanka,0.00000000000000,0.00000000000000,0.00000000000000
442CEA8MALARIA_EST_INCIDENCE,MALARIA_EST_INCIDENCE,442CEA8,MALARIA_EST_INCIDENCE,2014,YEAR,148,COUNTRY,PUBLISHED,Malaria cases,Chad,212.00526290000000,132.36297320000000,319.11670600000000
442CEA8MALARIA_EST_INCIDENCE,MALARIA_EST_INCIDENCE,442CEA8,MALARIA_EST_INCIDENCE,2014,YEAR,156,COUNTRY,PUBLISHED,Malaria cases,China,0.00009100000000,0.00009100000000,0.00009100000000
442CEA8MALARIA_EST_INCIDENCE,MALARIA_EST_INCIDENCE,442CEA8,MALARIA_EST_INCIDENCE,2014,YEAR,170,COUNTRY,PUBLISHED,Malaria cases,Colombia,5.53141296300000,4.20907652600000,6.88944109700000
442CEA8MALARIA_EST_INCIDENCE,MALARIA_EST_INCIDENCE,442CEA8,MALARIA_EST_INCIDENCE,2014,YEAR,174,COUNTRY,PUBLISHED,Malaria cases,Comoros,3.09626677100000,3.09626677100000,3.09626677100000
442CEA8MALARIA_EST_INCIDENCE,MALARIA_EST_INCIDENCE,442CEA8,MALARIA_EST_INCIDENCE,2014,YEAR,175,OVERSEAS DEPARTMENT,PUBLISHED,Malaria cases,Mayotte,0.01927896700000,0.01927896700000,0.01927896700000
442CEA8MALARIA_EST_INCIDENCE,MALARIA_EST_INCIDENCE,442CEA8,MALARIA_EST_INCIDENCE,2014,YEAR,178,COUNTRY,PUBLISHED,Malaria cases,Congo,213.05819270000000,136.64234270000000,316.41871890000000
442CEA8MALARIA_EST_INCIDENCE,MALARIA_EST_INCIDENCE,442CEA8,MALARIA_EST_INCIDENCE,2014,YEAR,180,COUNTRY,PUBLISHED,Malaria cases,Democratic Republic of the Congo,297.36293300000000,231.98874510000000,377.41714330000000
442CEA8MALARIA_EST_INCIDENCE,MALARIA_EST_INCIDENCE,442CEA8,MALARIA_EST_INCIDENCE,2014,YEAR,188,COUNTRY,PUBLISHED,Malaria cases,Costa Rica,0.00000000000000,0.00000000000000,0.00000000000000
442CEA8MALARIA_EST_INCIDENCE,MALARIA_EST_INCIDENCE,442CEA8,MALARIA_EST_INCIDENCE,2014,YEAR,204,COUNTRY,PUBLISHED,Malaria cases,Benin,369.11386150000000,284.89993380000000,470.68666710000000
442CEA8MALARIA_EST_INCIDENCE,MALARIA_EST_INCIDENCE,442CEA8,MALARIA_EST_INCIDENCE,2014,YEAR,214,COUNTRY,PUBLISHED,Malaria cases,Dominican Republic,0.09961284700000,0.08482931500000,0.11545234600000
442CEA8MALARIA_EST_INCIDENCE,MALARIA_EST_INCIDENCE,442CEA8,MALARIA_EST_INCIDENCE,2014,YEAR,218,COUNTRY,PUBLISHED,Malaria cases,Ecuador,0.02663114400000,0.02663114400000,0.02663114400000
442CEA8MALARIA_EST_INCIDENCE,MALARIA_EST_INCIDENCE,442CEA8,MALARIA_EST_INCIDENCE,2014,YEAR,222,COUNTRY,PUBLISHED,Malaria cases,El Salvador,0.00479586000000,0.00479586000000,0.00479586000000
442CEA8MALARIA_EST_INCIDENCE,MALARIA_EST_INCIDENCE,442CEA8,MALARIA_EST_INCIDENCE,2014,YEAR,226,COUNTRY,PUBLISHED,Malaria cases,Equatorial Guinea,333.99698680000000,236.47974000000000,463.30282240000000
442CEA8MALARIA_EST_INCIDENCE,MALARIA_EST_INCIDENCE,442CEA8,MALARIA_EST_INCIDENCE,2014,YEAR,231,COUNTRY,PUBLISHED,Malaria cases,Ethiopia,144.06984700000000,54.10456645000000,251.50948510000000
442CEA8MALARIA_EST_INCIDENCE,MALARIA_EST_INCIDENCE,442CEA8,MALARIA_EST_INCIDENCE,2014,YEAR,232,COUNTRY,PUBLISHED,Malaria cases,Eritrea,35.43874137000000,22.80861936000000,49.36337141000000
442CEA8MALARIA_EST_INCIDENCE,MALARIA_EST_INCIDENCE,442CEA8,MALARIA_EST_INCIDENCE,2014,YEAR,254,OVERSEAS DEPARTMENT,PUBLISHED,Malaria cases,French Guiana,3.75285279200000,3.32970303200000,4.32167706000000
442CEA8MALARIA_EST_INCIDENCE,MALARIA_EST_INCIDENCE,442CEA8,MALARIA_EST_INCIDENCE,2014,YEAR,262,COUNTRY,PUBLISHED,Malaria cases,Djibouti,12.55257947000000,12.55257947000000,12.55257947000000
442CEA8MALARIA_EST_INCIDENCE,MALARIA_EST_INCIDENCE,442CEA8,MALARIA_EST_INCIDENCE,2014,YEAR,266,COUNTRY,PUBLISHED,Malaria cases,Gabon,193.86685900000000,107.96071720000000,315.33328210000000
442CEA8MALARIA_EST_INCIDENCE,MALARIA_EST_INCIDENCE,442CEA8,MALARIA_EST_INCIDENCE,2017,YEAR,860,COUNTRY,PUBLISHED,Malaria cases,Uzbekistan,0.00000000000000,0.00000000000000,0.00000000000000
442CEA8MALARIA_EST_INCIDENCE,MALARIA_EST_INCIDENCE,442CEA8,MALARIA_EST_INCIDENCE,2017,YEAR,862,COUNTRY,PUBLISHED,Malaria cases,Venezuela (Bolivarian Republic of),31.56014519000000,28.08775743000000,36.41649023000000
442CEA8MALARIA_EST_INCIDENCE,MALARIA_EST_INCIDENCE,442CEA8,MALARIA_EST_INCIDENCE,2017,YEAR,887,COUNTRY,PUBLISHED,Malaria cases,Yemen,36.21969645000000,24.34855174000000,53.61347967000000
442CEA8MALARIA_EST_INCIDENCE,MALARIA_EST_INCIDENCE,442CEA8,MALARIA_EST_INCIDENCE,2017,YEAR,894,COUNTRY,PUBLISHED,Malaria cases,Zambia,220.10439690000000,172.97316930000000,272.61796830000000
442CEA8MALARIA_EST_INCIDENCE,MALARIA_EST_INCIDENCE,442CEA8,MALARIA_EST_INCIDENCE,2017,YEAR,953,WHOREGION,PUBLISHED,Malaria cases,Africa,241.79486590000000,223.70729520000000,262.89360950000000
442CEA8MALARIA_EST_INCIDENCE,MALARIA_EST_INCIDENCE,442CEA8,MALARIA_EST_INCIDENCE,2017,YEAR,954,WHOREGION,PUBLISHED,Malaria cases,Americas,6.44415421100000,5.99037659200000,7.02237746400000
442CEA8MALARIA_EST_INCIDENCE,MALARIA_EST_INCIDENCE,442CEA8,MALARIA_EST_INCIDENCE,2017,YEAR,955,WHOREGION,PUBLISHED,Malaria cases,South-East Asia,4.39554428400000,3.47881811700000,5.41614784400000
442CEA8MALARIA_EST_INCIDENCE,MALARIA_EST_INCIDENCE,442CEA8,MALARIA_EST_INCIDENCE,2017,YEAR,956,WHOREGION,PUBLISHED,Malaria cases,Europe,0.00000000000000,0.00000000000000,0.00000000000000
442CEA8MALARIA_EST_INCIDENCE,MALARIA_EST_INCIDENCE,442CEA8,MALARIA_EST_INCIDENCE,2017,YEAR,957,WHOREGION,PUBLISHED,Malaria cases,Eastern Mediterranean,11.08362420000000,9.50320082400000,13.09850634000000
442CEA8MALARIA_EST_INCIDENCE,MALARIA_EST_INCIDENCE,442CEA8,MALARIA_EST_INCIDENCE,2017,YEAR,958,WHOREGION,PUBLISHED,Malaria cases,Western Pacific,2.27550759000000,1.85010576000000,2.79126179100000
442CEA8MALARIA_EST_INCIDENCE,MALARIA_EST_INCIDENCE,442CEA8,MALARIA_EST_INCIDENCE,2018,YEAR,001,GLOBAL,PUBLISHED,Malaria cases,World,58.46847851000000,54.22769957000000,63.44634173000000
442CEA8MALARIA_EST_INCIDENCE,MALARIA_EST_INCIDENCE,442CEA8,MALARIA_EST_INCIDENCE,2018,YEAR,004,COUNTRY,PUBLISHED,Malaria cases,Afghanistan,22.33109960000000,17.10178794000000,28.56949496000000
442CEA8MALARIA_EST_INCIDENCE,MALARIA_EST_INCIDENCE,442CEA8,MALARIA_EST_INCIDENCE,2018,YEAR,012,COUNTRY,PUBLISHED,Malaria cases,Algeria,0.00000000000000,0.00000000000000,0.00000000000000
442CEA8MALARIA_EST_INCIDENCE,MALARIA_EST_INCIDENCE,442CEA8,MALARIA_EST_INCIDENCE,2018,YEAR,024,COUNTRY,PUBLISHED,Malaria cases,Angola,232.44298080000000,170.35614580000000,312.92210590000000
442CEA8MALARIA_EST_INCIDENCE,MALARIA_EST_INCIDENCE,442CEA8,MALARIA_EST_INCIDENCE,2018,YEAR,031,COUNTRY,PUBLISHED,Malaria cases,Azerbaijan,0.00000000000000,0.00000000000000,0.00000000000000
442CEA8MALARIA_EST_INCIDENCE,MALARIA_EST_INCIDENCE,442CEA8,MALARIA_EST_INCIDENCE,2018,YEAR,032,COUNTRY,PUBLISHED,Malaria cases,Argentina,0.00000000000000,0.00000000000000,0.00000000000000
442CEA8MALARIA_EST_INCIDENCE,MALARIA_EST_INCIDENCE,442CEA8,MALARIA_EST_INCIDENCE,2018,YEAR,050,COUNTRY,PUBLISHED,Malaria cases,Bangladesh,0.70345862500000,0.62083897900000,0.79220807100000
442CEA8MALARIA_EST_INCIDENCE,MALARIA_EST_INCIDENCE,442CEA8,MALARIA_EST_INCIDENCE,2018,YEAR,051,COUNTRY,PUBLISHED,Malaria cases,Armenia,0.00000000000000,0.00000000000000,0.00000000000000
442CEA8MALARIA_EST_INCIDENCE,MALARIA_EST_INCIDENCE,442CEA8,MALARIA_EST_INCIDENCE,2018,YEAR,064,COUNTRY,PUBLISHED,Malaria cases,Bhutan,0.01067196000000,0.01067196000000,0.01067196000000
442CEA8MALARIA_EST_INCIDENCE,MALARIA_EST_INCIDENCE,442CEA8,MALARIA_EST_INCIDENCE,2018,YEAR,068,COUNTRY,PUBLISHED,Malaria cases,Bolivia (Plurinational State of),1.38651572800000,1.08427483500000,1.70235554400000
442CEA8MALARIA_EST_INCIDENCE,MALARIA_EST_INCIDENCE,442CEA8,MALARIA_EST_INCIDENCE,2018,YEAR,072,COUNTRY,PUBLISHED,Malaria cases,Botswana,0.53074099100000,0.40937253200000,0.73542725600000
442CEA8MALARIA_EST_INCIDENCE,MALARIA_EST_INCIDENCE,442CEA8,MALARIA_EST_INCIDENCE,2018,YEAR,076,COUNTRY,PUBLISHED,Malaria cases,Brazil,5.22978458800000,4.66951087400000,5.65825309300000
442CEA8MALARIA_EST_INCIDENCE,MALARIA_EST_INCIDENCE,442CEA8,MALARIA_EST_INCIDENCE,2018,YEAR,084,COUNTRY,PUBLISHED,Malaria cases,Belize,0.01143484400000,0.01143484400000,0.01143484400000
442CEA8MALARIA_EST_INCIDENCE,MALARIA_EST_INCIDENCE,442CEA8,MALARIA_EST_INCIDENCE,2018,YEAR,090,COUNTRY,PUBLISHED,Malaria cases,Solomon Islands,125.88442600000000,105.49800640000000,150.42503020000000
442CEA8MALARIA_EST_INCIDENCE,MALARIA_EST_INCIDENCE,442CEA8,MALARIA_EST_INCIDENCE,2018,YEAR,104,COUNTRY,PUBLISHED,Malaria cases,Myanmar,2.38638377300000,1.93273568900000,2.87824757000000
442CEA8MALARIA_EST_INCIDENCE,MALARIA_EST_INCIDENCE,442CEA8,MALARIA_EST_INCIDENCE,2018,YEAR,108,COUNTRY,PUBLISHED,Malaria cases,Burundi,350.82094050000000,280.48323040000000,432.22415700000000
442CEA8MALARIA_EST_INCIDENCE,MALARIA_EST_INCIDENCE,442CEA8,MALARIA_EST_INCIDENCE,2018,YEAR,116,COUNTRY,PUBLISHED,Malaria cases,Cambodia,6.05443785700000,5.59862320400000,6.61363228400000
442CEA8MALARIA_EST_INCIDENCE,MALARIA_EST_INCIDENCE,442CEA8,MALARIA_EST_INCIDENCE,2018,YEAR,120,COUNTRY,PUBLISHED,Malaria cases,Cameroon,248.97970820000000,189.89351350000000,319.93940230000000
442CEA8MALARIA_EST_INCIDENCE,MALARIA_EST_INCIDENCE,442CEA8,MALARIA_EST_INCIDENCE,2018,YEAR,132,COUNTRY,PUBLISHED,Malaria cases,Cabo Verde,0.01498273200000,0.01498273200000,0.01498273200000
442CEA8MALARIA_EST_INCIDENCE,MALARIA_EST_INCIDENCE,442CEA8,MALARIA_EST_INCIDENCE,2018,YEAR,140,COUNTRY,PUBLISHED,Malaria cases,Central African Republic,385.26094370000000,200.82941880000000,686.57324140000000
442CEA8MALARIA_EST_INCIDENCE,MALARIA_EST_INCIDENCE,442CEA8,MALARIA_EST_INCIDENCE,2018,YEAR,144,COUNTRY,PUBLISHED,Malaria cases,Sri Lanka,0.00000000000000,0.00000000000000,0.00000000000000
442CEA8MALARIA_EST_INCIDENCE,MALARIA_EST_INCIDENCE,442CEA8,MALARIA_EST_INCIDENCE,2018,YEAR,148,COUNTRY,PUBLISHED,Malaria cases,Chad,224.98581940000000,144.07562580000000,334.89312730000000
442CEA8MALARIA_EST_INCIDENCE,MALARIA_EST_INCIDENCE,442CEA8,MALARIA_EST_INCIDENCE,2018,YEAR,156,COUNTRY,PUBLISHED,Malaria cases,China,0.00000000000000,0.00000000000000,0.00000000000000
442CEA8MALARIA_EST_INCIDENCE,MALARIA_EST_INCIDENCE,442CEA8,MALARIA_EST_INCIDENCE,2018,YEAR,170,COUNTRY,PUBLISHED,Malaria cases,Colombia,8.64484039600000,6.44781705000000,11.09845317000000
442CEA8MALARIA_EST_INCIDENCE,MALARIA_EST_INCIDENCE,442CEA8,MALARIA_EST_INCIDENCE,2018,YEAR,174,COUNTRY,PUBLISHED,Malaria cases,Comoros,19.68143703000000,19.68143703000000,19.68143703000000
442CEA8MALARIA_EST_INCIDENCE,MALARIA_EST_INCIDENCE,442CEA8,MALARIA_EST_INCIDENCE,2018,YEAR,175,OVERSEAS DEPARTMENT,PUBLISHED,Malaria cases,Mayotte,0.05056378600000,0.05056378600000,0.05056378600000
442CEA8MALARIA_EST_INCIDENCE,MALARIA_EST_INCIDENCE,442CEA8,MALARIA_EST_INCIDENCE,2018,YEAR,178,COUNTRY,PUBLISHED,Malaria cases,Congo,249.77157160000000,155.32365440000000,380.81186650000000
442CEA8MALARIA_EST_INCIDENCE,MALARIA_EST_INCIDENCE,442CEA8,MALARIA_EST_INCIDENCE,2018,YEAR,180,COUNTRY,PUBLISHED,Malaria cases,Democratic Republic of the Congo,337.42442320000000,260.68532580000000,427.11354010000000
442CEA8MALARIA_EST_INCIDENCE,MALARIA_EST_INCIDENCE,442CEA8,MALARIA_EST_INCIDENCE,2018,YEAR,188,COUNTRY,PUBLISHED,Malaria cases,Costa Rica,0.04034033400000,0.04034033400000,0.04034033400000
442CEA8MALARIA_EST_INCIDENCE,MALARIA_EST_INCIDENCE,442CEA8,MALARIA_EST_INCIDENCE,2018,YEAR,204,COUNTRY,PUBLISHED,Malaria cases,Benin,407.70907900000000,323.77849460000000,507.23989440000000
442CEA8MALARIA_EST_INCIDENCE,MALARIA_EST_INCIDENCE,442CEA8,MALARIA_EST_INCIDENCE,2018,YEAR,214,COUNTRY,PUBLISHED,Malaria cases,Dominican Republic,0.08688375300000,0.07627585300000,0.09867030800000
442CEA8MALARIA_EST_INCIDENCE,MALARIA_EST_INCIDENCE,442CEA8,MALARIA_EST_INCIDENCE,2018,YEAR,218,COUNTRY,PUBLISHED,Malaria cases,Ecuador,0.17108298100000,0.17108298100000,0.17108298100000
442CEA8MALARIA_EST_INCIDENCE,MALARIA_EST_INCIDENCE,442CEA8,MALARIA_EST_INCIDENCE,2018,YEAR,222,COUNTRY,PUBLISHED,Malaria cases,El Salvador,0.00000000000000,0.00000000000000,0.00000000000000
442CEA8MALARIA_EST_INCIDENCE,MALARIA_EST_INCIDENCE,442CEA8,MALARIA_EST_INCIDENCE,2018,YEAR,226,COUNTRY,PUBLISHED,Malaria cases,Equatorial Guinea,268.07603460000000,178.68202120000000,383.70697750000000
442CEA8MALARIA_EST_INCIDENCE,MALARIA_EST_INCIDENCE,442CEA8,MALARIA_EST_INCIDENCE,2018,YEAR,231,COUNTRY,PUBLISHED,Malaria cases,Ethiopia,36.46070780000000,20.10539380000000,54.80551822000000
442CEA8MALARIA_EST_INCIDENCE,MALARIA_EST_INCIDENCE,442CEA8,MALARIA_EST_INCIDENCE,2018,YEAR,232,COUNTRY,PUBLISHED,Malaria cases,Eritrea,31.23191220000000,20.19000019000000,43.53197547000000
442CEA8MALARIA_EST_INCIDENCE,MALARIA_EST_INCIDENCE,442CEA8,MALARIA_EST_INCIDENCE,2018,YEAR,254,OVERSEAS DEPARTMENT,PUBLISHED,Malaria cases,French Guiana,4.11707944700000,3.66034094600000,4.76037311000000
442CEA8MALARIA_EST_INCIDENCE,MALARIA_EST_INCIDENCE,442CEA8,MALARIA_EST_INCIDENCE,2018,YEAR,262,COUNTRY,PUBLISHED,Malaria cases,Djibouti,30.90846888000000,30.90846888000000,30.90846888000000
442CEA8MALARIA_EST_INCIDENCE,MALARIA_EST_INCIDENCE,442CEA8,MALARIA_EST_INCIDENCE,2018,YEAR,266,COUNTRY,PUBLISHED,Malaria cases,Gabon,186.72595290000000,130.43189560000000,259.84042970000000
442CEA8MALARIA_EST_INCIDENCE,MALARIA_EST_INCIDENCE,442CEA8,MALARIA_EST_INCIDENCE,2018,YEAR,268,COUNTRY,PUBLISHED,Malaria cases,Georgia,0.00000000000000,0.00000000000000,0.00000000000000
442CEA8MALARIA_EST_INCIDENCE,MALARIA_EST_INCIDENCE,442CEA8,MALARIA_EST_INCIDENCE,2018,YEAR,270,COUNTRY,PUBLISHED,Malaria cases,Gambia,81.74586770000000,59.75103683000000,105.60319250000000
442CEA8MALARIA_EST_INCIDENCE,MALARIA_EST_INCIDENCE,442CEA8,MALARIA_EST_INCIDENCE,2018,YEAR,288,COUNTRY,PUBLISHED,Malaria cases,Ghana,212.76302340000000,162.35762990000000,273.65870540000000
442CEA8MALARIA_EST_INCIDENCE,MALARIA_EST_INCIDENCE,442CEA8,MALARIA_EST_INCIDENCE,2018,YEAR,320,COUNTRY,PUBLISHED,Malaria cases,Guatemala,0.27820711900000,0.24746122200000,0.32082871800000
442CEA8MALARIA_EST_INCIDENCE,MALARIA_EST_INCIDENCE,442CEA8,MALARIA_EST_INCIDENCE,2018,YEAR,324,COUNTRY,PUBLISHED,Malaria cases,Guinea,350.28415300000000,252.49405460000000,474.41088290000000
442CEA8MALARIA_EST_INCIDENCE,MALARIA_EST_INCIDENCE,442CEA8,MALARIA_EST_INCIDENCE,2018,YEAR,328,COUNTRY,PUBLISHED,Malaria cases,Guyana,38.87158820000000,29.03269514000000,53.11709231000000
442CEA8MALARIA_EST_INCIDENCE,MALARIA_EST_INCIDENCE,442CEA8,MALARIA_EST_INCIDENCE,2018,YEAR,332,COUNTRY,PUBLISHED,Malaria cases,Haiti,1.63365442500000,1.08340898300000,2.20941805900000
442CEA8MALARIA_EST_INCIDENCE,MALARIA_EST_INCIDENCE,442CEA8,MALARIA_EST_INCIDENCE,2018,YEAR,340,COUNTRY,PUBLISHED,Malaria cases,Honduras,0.10728828900000,0.08072058800000,0.13679539500000
442CEA8MALARIA_EST_INCIDENCE,MALARIA_EST_INCIDENCE,442CEA8,MALARIA_EST_INCIDENCE,2018,YEAR,356,COUNTRY,PUBLISHED,Malaria cases,India,3.43466546100000,2.42391089100000,4.51857609100000
442CEA8MALARIA_EST_INCIDENCE,MALARIA_EST_INCIDENCE,442CEA8,MALARIA_EST_INCIDENCE,2018,YEAR,360,COUNTRY,PUBLISHED,Malaria cases,Indonesia,2.45413028200000,2.24239539000000,2.70289900100000
442CEA8MALARIA_EST_INCIDENCE,MALARIA_EST_INCIDENCE,442CEA8,MALARIA_EST_INCIDENCE,2018,YEAR,364,COUNTRY,PUBLISHED,Malaria cases,Iran (Islamic Republic of),0.00000000000000,0.00000000000000,0.00000000000000
442CEA8MALARIA_EST_INCIDENCE,MALARIA_EST_INCIDENCE,442CEA8,MALARIA_EST_INCIDENCE,2018,YEAR,368,COUNTRY,PUBLISHED,Malaria cases,Iraq,0.00000000000000,0.00000000000000,0.00000000000000
442CEA8MALARIA_EST_INCIDENCE,MALARIA_EST_INCIDENCE,442CEA8,MALARIA_EST_INCIDENCE,2018,YEAR,384,COUNTRY,PUBLISHED,Malaria cases,Côte d'Ivoire,280.21525640000000,189.91771080000000,400.77901580000000
442CEA8MALARIA_EST_INCIDENCE,MALARIA_EST_INCIDENCE,442CEA8,MALARIA_EST_INCIDENCE,2018,YEAR,398,COUNTRY,PUBLISHED,Malaria cases,Kazakhstan,0.00000000000000,0.00000000000000,0.00000000000000
442CEA8MALARIA_EST_INCIDENCE,MALARIA_EST_INCIDENCE,442CEA8,MALARIA_EST_INCIDENCE,2018,YEAR,404,COUNTRY,PUBLISHED,Malaria cases,Kenya,74.14964180000000,53.35805148000000,99.08937145000000
442CEA8MALARIA_EST_INCIDENCE,MALARIA_EST_INCIDENCE,442CEA8,MALARIA_EST_INCIDENCE,2018,YEAR,408,COUNTRY,PUBLISHED,Malaria cases,Democratic People's Republic of Korea,0.36478932700000,0.36478932700000,0.36478932700000
442CEA8MALARIA_EST_INCIDENCE,MALARIA_EST_INCIDENCE,442CEA8,MALARIA_EST_INCIDENCE,2018,YEAR,410,COUNTRY,PUBLISHED,Malaria cases,Republic of Korea,0.13859450200000,0.13859450200000,0.13859450200000
442CEA8MALARIA_EST_INCIDENCE,MALARIA_EST_INCIDENCE,442CEA8,MALARIA_EST_INCIDENCE,2018,YEAR,417,COUNTRY,PUBLISHED,Malaria cases,Kyrgyzstan,0.00000000000000,0.00000000000000,0.00000000000000
